date,key,value
2024-05-23,ccc_oas,900.0
2024-05-24,ccc_oas,903.0
2024-05-27,ccc_oas,905.0
2024-05-28,ccc_oas,902.0
2024-05-29,ccc_oas,909.0
2024-05-30,ccc_oas,915.0
2024-05-31,ccc_oas,934.0
2024-06-03,ccc_oas,933.0
2024-06-04,ccc_oas,937.0
2024-06-05,ccc_oas,933.0
2024-06-06,ccc_oas,925.0
2024-06-07,ccc_oas,922.0
2024-06-10,ccc_oas,920.0
2024-06-11,ccc_oas,925.0
2024-06-12,ccc_oas,907.0
2024-06-13,ccc_oas,918.0
2024-06-14,ccc_oas,933.0
2024-06-17,ccc_oas,936.0
2024-06-18,ccc_oas,935.0
2024-06-19,ccc_oas,936.0
2024-06-20,ccc_oas,932.0
2024-06-21,ccc_oas,936.0
2024-06-24,ccc_oas,937.0
2024-06-25,ccc_oas,939.0
2024-06-26,ccc_oas,941.0
2024-06-27,ccc_oas,944.0
2024-06-28,ccc_oas,942.0
2024-06-30,ccc_oas,953.0
2024-07-01,ccc_oas,951.0
2024-07-02,ccc_oas,955.0
2024-07-03,ccc_oas,958.0
2024-07-04,ccc_oas,959.0
2024-07-05,ccc_oas,959.0
2024-07-08,ccc_oas,952.0
2024-07-09,ccc_oas,951.0
2024-07-10,ccc_oas,946.0
2024-07-11,ccc_oas,952.0
2024-07-12,ccc_oas,951.0
2024-07-15,ccc_oas,938.0
2024-07-16,ccc_oas,930.0
2024-07-17,ccc_oas,937.0
2024-07-18,ccc_oas,930.0
2024-07-19,ccc_oas,932.0
2024-07-22,ccc_oas,931.0
2024-07-23,ccc_oas,926.0
2024-07-24,ccc_oas,934.0
2024-07-25,ccc_oas,931.0
2024-07-26,ccc_oas,929.0
2024-07-29,ccc_oas,922.0
2024-07-30,ccc_oas,919.0
2024-07-31,ccc_oas,942.0
2024-08-01,ccc_oas,953.0
2024-08-02,ccc_oas,1010.0
2024-08-05,ccc_oas,1055.0
2024-08-06,ccc_oas,1019.0
2024-08-07,ccc_oas,996.0
2024-08-08,ccc_oas,983.0
2024-08-09,ccc_oas,983.0
2024-08-12,ccc_oas,980.0
2024-08-13,ccc_oas,984.0
2024-08-14,ccc_oas,969.0
2024-08-15,ccc_oas,966.0
2024-08-16,ccc_oas,963.0
2024-08-19,ccc_oas,952.0
2024-08-20,ccc_oas,959.0
2024-08-21,ccc_oas,961.0
2024-08-22,ccc_oas,952.0
2024-08-23,ccc_oas,945.0
2024-08-26,ccc_oas,939.0
2024-08-27,ccc_oas,943.0
2024-08-28,ccc_oas,944.0
2024-08-29,ccc_oas,937.0
2024-08-30,ccc_oas,937.0
2024-08-31,ccc_oas,947.0
2024-09-02,ccc_oas,947.0
2024-09-03,ccc_oas,965.0
2024-09-04,ccc_oas,957.0
2024-09-05,ccc_oas,932.0
2024-09-06,ccc_oas,937.0
2024-09-09,ccc_oas,929.0
2024-09-10,ccc_oas,933.0
2024-09-11,ccc_oas,927.0
2024-09-12,ccc_oas,917.0
2024-09-13,ccc_oas,919.0
2024-09-16,ccc_oas,890.0
2024-09-17,ccc_oas,877.0
2024-09-18,ccc_oas,871.0
2024-09-19,ccc_oas,847.0
2024-09-20,ccc_oas,850.0
2024-09-23,ccc_oas,859.0
2024-09-24,ccc_oas,868.0
2024-09-25,ccc_oas,865.0
2024-09-26,ccc_oas,863.0
2024-09-27,ccc_oas,840.0
2024-09-30,ccc_oas,802.0
2024-10-01,ccc_oas,806.0
2024-10-02,ccc_oas,806.0
2024-10-03,ccc_oas,801.0
2024-10-04,ccc_oas,785.0
2024-10-07,ccc_oas,790.0
2024-10-08,ccc_oas,792.0
2024-10-09,ccc_oas,787.0
2024-10-10,ccc_oas,790.0
2024-10-11,ccc_oas,788.0
2024-10-14,ccc_oas,785.0
2024-10-15,ccc_oas,780.0
2024-10-16,ccc_oas,775.0
2024-10-17,ccc_oas,769.0
2024-10-18,ccc_oas,766.0
2024-10-21,ccc_oas,767.0
2024-10-22,ccc_oas,769.0
2024-10-23,ccc_oas,771.0
2024-10-24,ccc_oas,769.0
2024-10-25,ccc_oas,769.0
2024-10-28,ccc_oas,759.0
2024-10-29,ccc_oas,761.0
2024-10-30,ccc_oas,752.0
2024-10-31,ccc_oas,756.0
2024-11-01,ccc_oas,741.0
2024-11-04,ccc_oas,751.0
2024-11-05,ccc_oas,750.0
2024-11-06,ccc_oas,733.0
2024-11-07,ccc_oas,728.0
2024-11-08,ccc_oas,721.0
2024-11-11,ccc_oas,721.0
2024-11-12,ccc_oas,719.0
2024-11-13,ccc_oas,725.0
2024-11-14,ccc_oas,716.0
2024-11-15,ccc_oas,725.0
2024-11-18,ccc_oas,725.0
2024-11-19,ccc_oas,722.0
2024-11-20,ccc_oas,719.0
2024-11-21,ccc_oas,706.0
2024-11-22,ccc_oas,710.0
2024-11-25,ccc_oas,716.0
2024-11-26,ccc_oas,718.0
2024-11-27,ccc_oas,722.0
2024-11-28,ccc_oas,722.0
2024-11-29,ccc_oas,726.0
2024-11-30,ccc_oas,735.0
2024-12-02,ccc_oas,732.0
2024-12-03,ccc_oas,732.0
2024-12-04,ccc_oas,731.0
2024-12-05,ccc_oas,727.0
2024-12-06,ccc_oas,730.0
2024-12-09,ccc_oas,724.0
2024-12-10,ccc_oas,721.0
2024-12-11,ccc_oas,715.0
2024-12-12,ccc_oas,714.0
2024-12-13,ccc_oas,716.0
2024-12-16,ccc_oas,716.0
2024-12-17,ccc_oas,720.0
2024-12-18,ccc_oas,716.0
2024-12-19,ccc_oas,736.0
2024-12-20,ccc_oas,730.0
2024-12-23,ccc_oas,732.0
2024-12-24,ccc_oas,730.0
2024-12-26,ccc_oas,729.0
2024-12-27,ccc_oas,730.0
2024-12-30,ccc_oas,740.0
2024-12-31,ccc_oas,746.0
2025-01-02,ccc_oas,739.0
2025-01-03,ccc_oas,734.0
2025-01-06,ccc_oas,728.0
2025-01-07,ccc_oas,729.0
2025-01-08,ccc_oas,737.0
2025-01-09,ccc_oas,734.0
2025-01-10,ccc_oas,732.0
2025-01-13,ccc_oas,738.0
2025-01-14,ccc_oas,726.0
2025-01-15,ccc_oas,714.0
2025-01-16,ccc_oas,716.0
2025-01-17,ccc_oas,707.0
2025-01-20,ccc_oas,707.0
2025-01-21,ccc_oas,699.0
2025-01-22,ccc_oas,692.0
2025-01-23,ccc_oas,690.0
2025-01-24,ccc_oas,694.0
2025-01-27,ccc_oas,711.0
2025-01-28,ccc_oas,710.0
2025-01-29,ccc_oas,710.0
2025-01-30,ccc_oas,705.0
2025-01-31,ccc_oas,699.0
2025-02-03,ccc_oas,712.0
2025-02-04,ccc_oas,713.0
2025-02-05,ccc_oas,710.0
2025-02-06,ccc_oas,709.0
2025-02-07,ccc_oas,710.0
2025-02-10,ccc_oas,710.0
2025-02-11,ccc_oas,711.0
2025-02-12,ccc_oas,714.0
2025-02-13,ccc_oas,710.0
2025-02-14,ccc_oas,706.0
2025-02-17,ccc_oas,706.0
2025-02-18,ccc_oas,721.0
2025-02-19,ccc_oas,725.0
2025-02-20,ccc_oas,719.0
2025-02-21,ccc_oas,734.0
2025-02-24,ccc_oas,731.0
2025-02-25,ccc_oas,742.0
2025-02-26,ccc_oas,732.0
2025-02-27,ccc_oas,732.0
2025-02-28,ccc_oas,760.0
2025-03-03,ccc_oas,769.0
2025-03-04,ccc_oas,784.0
2025-03-05,ccc_oas,774.0
2025-03-06,ccc_oas,790.0
2025-03-07,ccc_oas,791.0
2025-03-10,ccc_oas,826.0
2025-03-11,ccc_oas,840.0
2025-03-12,ccc_oas,841.0
2025-03-13,ccc_oas,872.0
2025-03-14,ccc_oas,856.0
2025-03-17,ccc_oas,846.0
2025-03-18,ccc_oas,858.0
2025-03-19,ccc_oas,856.0
2025-03-20,ccc_oas,853.0
2025-03-21,ccc_oas,860.0
2025-03-24,ccc_oas,837.0
2025-03-25,ccc_oas,838.0
2025-03-26,ccc_oas,850.0
2025-03-27,ccc_oas,860.0
2025-03-28,ccc_oas,888.0
2025-03-31,ccc_oas,928.0
2025-04-01,ccc_oas,925.0
2025-04-02,ccc_oas,925.0
2025-04-03,ccc_oas,1018.0
2025-04-04,ccc_oas,1099.0
2025-04-07,ccc_oas,1137.0
2025-04-08,ccc_oas,1114.0
2025-04-09,ccc_oas,1090.0
2025-04-10,ccc_oas,1092.0
2025-04-11,ccc_oas,1076.0
2025-04-14,ccc_oas,1057.0
2025-04-15,ccc_oas,1050.0
2025-04-16,ccc_oas,1061.0
2025-04-17,ccc_oas,1039.0
2025-04-21,ccc_oas,1058.0
2025-04-22,ccc_oas,1035.0
2025-04-23,ccc_oas,987.0
2025-04-24,ccc_oas,985.0
2025-04-25,ccc_oas,975.0
2025-04-28,ccc_oas,979.0
2025-04-29,ccc_oas,976.0
2025-04-30,ccc_oas,1000.0
2025-05-01,ccc_oas,976.0
2025-05-02,ccc_oas,956.0
2025-05-05,ccc_oas,950.0
2025-05-06,ccc_oas,956.0
2025-05-07,ccc_oas,960.0
2025-05-08,ccc_oas,934.0
2025-05-09,ccc_oas,933.0
2025-05-12,ccc_oas,879.0
2025-05-13,ccc_oas,874.0
2025-05-14,ccc_oas,865.0
2025-05-15,ccc_oas,879.0
2025-05-16,ccc_oas,879.0
2025-05-19,ccc_oas,886.0
2025-05-20,ccc_oas,884.0
2025-05-21,ccc_oas,892.0
2025-05-22,ccc_oas,902.0
2025-05-23,ccc_oas,914.0
2025-05-26,ccc_oas,914.0
2025-05-27,ccc_oas,892.0
2025-05-28,ccc_oas,884.0
2025-05-29,ccc_oas,884.0
2025-05-30,ccc_oas,896.0
2025-05-31,ccc_oas,913.0
2025-06-02,ccc_oas,922.0
2025-06-03,ccc_oas,916.0
2025-06-04,ccc_oas,930.0
2025-06-05,ccc_oas,929.0
2025-06-06,ccc_oas,915.0
2025-06-09,ccc_oas,923.0
2025-06-10,ccc_oas,930.0
2025-06-11,ccc_oas,926.0
2025-06-12,ccc_oas,923.0
2025-06-13,ccc_oas,927.0
2025-06-16,ccc_oas,904.0
2025-06-17,ccc_oas,911.0
2025-06-18,ccc_oas,914.0
2025-06-19,ccc_oas,914.0
2025-06-20,ccc_oas,914.0
2025-06-23,ccc_oas,905.0
2025-06-24,ccc_oas,895.0
2025-06-25,ccc_oas,892.0
2025-06-26,ccc_oas,895.0
2025-06-27,ccc_oas,888.0
2025-06-30,ccc_oas,886.0
2025-07-01,ccc_oas,876.0
2025-07-02,ccc_oas,871.0
2025-07-03,ccc_oas,861.0
2025-07-04,ccc_oas,861.0
2025-07-07,ccc_oas,859.0
2025-07-08,ccc_oas,860.0
2025-07-09,ccc_oas,857.0
2025-07-10,ccc_oas,853.0
2025-07-11,ccc_oas,857.0
2025-07-14,ccc_oas,854.0
2025-07-15,ccc_oas,851.0
2025-07-16,ccc_oas,857.0
2025-07-17,ccc_oas,852.0
2025-07-18,ccc_oas,854.0
2025-07-21,ccc_oas,844.0
2025-07-22,ccc_oas,842.0
2025-07-23,ccc_oas,834.0
2025-07-24,ccc_oas,831.0
2025-07-25,ccc_oas,834.0
2025-07-28,ccc_oas,827.0
2025-07-29,ccc_oas,835.0
2025-07-30,ccc_oas,839.0
2025-07-31,ccc_oas,824.0
2025-08-01,ccc_oas,867.0
2025-08-04,ccc_oas,847.0
2025-08-05,ccc_oas,844.0
2025-08-06,ccc_oas,839.0
2025-08-07,ccc_oas,835.0
2025-08-08,ccc_oas,829.0
2025-08-11,ccc_oas,835.0
2025-08-12,ccc_oas,827.0
2025-08-13,ccc_oas,816.0
2025-08-14,ccc_oas,811.0
2025-08-15,ccc_oas,812.0
2025-08-18,ccc_oas,816.0
2025-08-19,ccc_oas,817.0
2025-08-20,ccc_oas,824.0
2025-08-21,ccc_oas,826.0
2025-08-22,ccc_oas,817.0
2025-08-25,ccc_oas,809.0
2025-08-26,ccc_oas,789.0
2025-08-27,ccc_oas,785.0
2025-08-28,ccc_oas,783.0
2025-08-29,ccc_oas,788.0
2025-08-31,ccc_oas,798.0
2025-09-01,ccc_oas,798.0
2025-09-02,ccc_oas,814.0
2025-09-03,ccc_oas,806.0
2025-09-04,ccc_oas,805.0
2025-09-05,ccc_oas,803.0
2025-09-08,ccc_oas,801.0
2025-09-09,ccc_oas,805.0
2025-09-10,ccc_oas,800.0
2025-09-11,ccc_oas,792.0
2025-09-12,ccc_oas,797.0
2025-09-15,ccc_oas,794.0
2025-09-16,ccc_oas,807.0
2025-09-17,ccc_oas,808.0
2025-09-18,ccc_oas,795.0
2025-09-19,ccc_oas,797.0
2025-09-22,ccc_oas,790.0
2025-09-23,ccc_oas,793.0
2025-09-24,ccc_oas,794.0
2025-09-25,ccc_oas,803.0
2025-09-26,ccc_oas,801.0
2025-09-29,ccc_oas,798.0
2025-09-30,ccc_oas,807.0
2025-10-01,ccc_oas,810.0
2025-10-02,ccc_oas,812.0
2025-10-03,ccc_oas,811.0
2025-10-06,ccc_oas,804.0
2025-10-07,ccc_oas,812.0
2025-10-08,ccc_oas,819.0
2025-10-09,ccc_oas,838.0
2025-10-10,ccc_oas,874.0
2025-10-13,ccc_oas,874.0
2025-10-14,ccc_oas,863.0
2025-10-15,ccc_oas,847.0
2025-10-16,ccc_oas,856.0
2025-10-17,ccc_oas,857.0
2025-10-20,ccc_oas,848.0
2025-10-21,ccc_oas,847.0
2025-10-22,ccc_oas,854.0
2025-10-23,ccc_oas,853.0
2025-10-24,ccc_oas,843.0
2025-10-27,ccc_oas,827.0
2025-10-28,ccc_oas,829.0
2025-10-29,ccc_oas,822.0
2025-10-30,ccc_oas,833.0
2025-10-31,ccc_oas,865.0
2025-11-03,ccc_oas,885.0
2025-11-04,ccc_oas,897.0
2025-11-05,ccc_oas,885.0
2025-11-06,ccc_oas,890.0
2025-11-07,ccc_oas,898.0
2025-11-10,ccc_oas,888.0
2025-11-11,ccc_oas,888.0
2025-11-12,ccc_oas,895.0
2025-11-13,ccc_oas,907.0
2025-11-14,ccc_oas,902.0
2025-11-17,ccc_oas,908.0
2025-11-18,ccc_oas,922.0
2025-11-19,ccc_oas,919.0
2025-11-20,ccc_oas,920.0
2025-11-21,ccc_oas,920.0
2025-11-24,ccc_oas,919.0
2025-11-25,ccc_oas,916.0
2025-11-26,ccc_oas,914.0
2025-11-27,ccc_oas,914.0
2025-11-28,ccc_oas,917.0
2025-11-30,ccc_oas,894.0
2025-12-01,ccc_oas,897.0
2025-12-02,ccc_oas,897.0
2025-12-03,ccc_oas,879.0
2025-12-04,ccc_oas,878.0
2025-12-05,ccc_oas,868.0
2025-12-08,ccc_oas,871.0
2025-12-09,ccc_oas,876.0
2025-12-10,ccc_oas,883.0
2025-12-11,ccc_oas,877.0
2025-12-12,ccc_oas,876.0
2025-12-15,ccc_oas,879.0
2025-12-16,ccc_oas,887.0
2025-12-17,ccc_oas,892.0
2025-12-18,ccc_oas,891.0
2025-12-19,ccc_oas,884.0
2025-12-22,ccc_oas,880.0
2025-12-23,ccc_oas,873.0
2025-12-24,ccc_oas,875.0
2025-12-26,ccc_oas,880.0
2025-12-29,ccc_oas,878.0
2025-12-30,ccc_oas,873.0
2025-12-31,ccc_oas,885.0
2026-01-02,ccc_oas,888.0
2026-01-05,ccc_oas,883.0
2026-01-06,ccc_oas,874.0
2026-01-07,ccc_oas,870.0
2026-01-08,ccc_oas,868.0
2026-01-09,ccc_oas,865.0
2026-01-12,ccc_oas,864.0
2026-01-13,ccc_oas,864.0
2026-01-14,ccc_oas,863.0
2026-01-15,ccc_oas,856.0
2026-01-16,ccc_oas,852.0
2026-01-19,ccc_oas,851.0
2026-01-20,ccc_oas,864.0
2026-01-21,ccc_oas,855.0
2026-01-22,ccc_oas,843.0
2026-01-23,ccc_oas,849.0
2026-01-26,ccc_oas,852.0
2026-01-27,ccc_oas,846.0
2026-01-28,ccc_oas,838.0
2026-01-29,ccc_oas,854.0
2026-01-30,ccc_oas,855.0
2026-01-31,ccc_oas,874.0
2026-02-02,ccc_oas,868.0
2026-02-03,ccc_oas,874.0
2026-02-04,ccc_oas,880.0
2026-02-05,ccc_oas,900.0
2026-02-06,ccc_oas,892.0
2026-02-09,ccc_oas,887.0
2026-02-10,ccc_oas,892.0
2026-02-11,ccc_oas,885.0
2026-02-12,ccc_oas,897.0
2026-02-13,ccc_oas,906.0
2026-02-16,ccc_oas,896.0
2026-02-17,ccc_oas,900.0
2026-02-18,ccc_oas,887.0
2026-02-19,ccc_oas,888.0
2026-02-20,ccc_oas,887.0
2026-02-23,ccc_oas,904.0
2026-02-24,ccc_oas,915.0
2026-02-25,ccc_oas,918.0
2026-02-26,ccc_oas,927.0
2026-02-27,ccc_oas,950.0
2026-02-28,ccc_oas,952.0
2026-03-02,ccc_oas,945.0
2026-03-03,ccc_oas,957.0
2026-03-04,ccc_oas,942.0
2026-03-05,ccc_oas,944.0
2026-03-06,ccc_oas,959.0
2026-03-09,ccc_oas,969.0
2026-03-10,ccc_oas,945.0
2026-03-11,ccc_oas,945.0
2026-03-12,ccc_oas,961.0
2026-03-13,ccc_oas,978.0
2026-03-16,ccc_oas,973.0
2026-03-17,ccc_oas,963.0
2026-03-18,ccc_oas,964.0
2026-03-19,ccc_oas,976.0
2026-03-20,ccc_oas,979.0
2026-03-23,ccc_oas,975.0
2026-03-24,ccc_oas,977.0
2026-03-25,ccc_oas,974.0
2026-03-26,ccc_oas,984.0
2026-03-27,ccc_oas,1013.0
2026-03-30,ccc_oas,1020.0
2026-03-31,ccc_oas,994.0
2026-04-01,ccc_oas,981.0
2026-04-02,ccc_oas,988.0
2026-04-03,ccc_oas,989.0
2026-04-06,ccc_oas,976.0
2026-04-07,ccc_oas,983.0
2026-04-08,ccc_oas,953.0
2026-04-09,ccc_oas,946.0
2026-04-10,ccc_oas,954.0
2026-04-13,ccc_oas,958.0
2026-04-14,ccc_oas,931.0
2026-04-15,ccc_oas,924.0
2026-04-16,ccc_oas,921.0
2026-04-17,ccc_oas,912.0
2026-04-20,ccc_oas,915.0
2026-04-21,ccc_oas,913.0
2026-04-22,ccc_oas,913.0
2026-04-23,ccc_oas,915.0
2026-04-24,ccc_oas,918.0
2026-04-27,ccc_oas,908.0
2026-04-28,ccc_oas,911.0
2026-04-29,ccc_oas,909.0
2026-04-30,ccc_oas,909.0
2026-05-01,ccc_oas,904.0
2026-05-04,ccc_oas,910.0
2026-05-05,ccc_oas,911.0
2026-05-06,ccc_oas,907.0
2026-05-07,ccc_oas,915.0
2026-05-08,ccc_oas,920.0
2026-05-11,ccc_oas,931.0
2026-05-12,ccc_oas,937.0
2026-05-13,ccc_oas,931.0
2026-05-14,ccc_oas,922.0
2026-05-15,ccc_oas,935.0
2026-05-18,ccc_oas,942.0
2026-05-19,ccc_oas,948.0
2026-05-20,ccc_oas,940.0
2026-05-21,ccc_oas,939.0
2026-05-22,ccc_oas,939.0
2026-05-25,ccc_oas,939.0
2026-05-26,ccc_oas,935.0
2026-05-27,ccc_oas,936.0
2026-05-28,ccc_oas,935.0
2026-05-29,ccc_oas,938.0
2026-05-31,ccc_oas,941.0
2026-06-01,ccc_oas,946.0
2026-06-02,ccc_oas,944.0
2026-06-03,ccc_oas,947.0
2026-06-04,ccc_oas,946.0
2026-06-05,ccc_oas,952.0
2026-06-08,ccc_oas,949.0
2026-06-09,ccc_oas,951.0
2026-06-10,ccc_oas,957.0
2026-06-11,ccc_oas,956.0
2026-06-12,ccc_oas,948.0
2026-06-15,ccc_oas,937.0
2026-06-16,ccc_oas,944.0
2026-06-17,ccc_oas,939.0
2026-06-18,ccc_oas,946.0
2026-06-19,ccc_oas,947.0
2026-06-22,ccc_oas,947.0
2026-06-23,ccc_oas,956.0
2026-06-24,ccc_oas,964.0
2026-06-25,ccc_oas,968.0
2026-06-26,ccc_oas,973.0
2026-06-29,ccc_oas,967.0
2026-06-30,ccc_oas,970.0
2026-07-01,ccc_oas,968.0
2026-07-02,ccc_oas,971.0
2026-07-03,ccc_oas,969.0
2026-07-06,ccc_oas,967.0
2026-07-07,ccc_oas,964.0
2026-07-08,ccc_oas,975.0
2026-07-09,ccc_oas,974.0
2026-07-10,ccc_oas,970.0
2026-07-13,ccc_oas,972.0
2026-07-14,ccc_oas,973.0
2026-07-15,ccc_oas,969.0
2026-07-16,ccc_oas,970.0
2026-07-17,ccc_oas,975.0
2026-07-20,ccc_oas,977.0
2026-07-21,ccc_oas,978.0
2026-07-22,ccc_oas,981.0
2026-07-23,ccc_oas,991.0
2026-07-24,ccc_oas,996.0
2026-07-27,ccc_oas,1001.0
2026-07-28,ccc_oas,1005.0
2026-07-29,ccc_oas,1013.0
2026-07-30,ccc_oas,1006.0
2026-07-31,ccc_oas,1034.0
2026-08-03,ccc_oas,1028.0
2026-08-04,ccc_oas,1019.0
2026-08-05,ccc_oas,1023.0
2026-08-06,ccc_oas,1017.0
2026-08-07,ccc_oas,1013.0
2026-08-10,ccc_oas,1014.0
2026-08-11,ccc_oas,1023.0
2026-08-12,ccc_oas,1020.0
2026-08-13,ccc_oas,1024.0
2026-08-14,ccc_oas,1012.0
2026-08-17,ccc_oas,1018.0
2026-08-18,ccc_oas,1027.0
2026-08-19,ccc_oas,1030.0
2026-08-20,ccc_oas,1035.0
2026-08-21,ccc_oas,1037.0
2026-08-24,ccc_oas,1036.0
2026-08-25,ccc_oas,1039.0
2026-08-26,ccc_oas,1031.0
2024-05-25,claims,222.0
2024-06-01,claims,221.25
2024-06-08,claims,225.75
2024-06-15,claims,230.75
2024-06-22,claims,234.0
2024-06-29,claims,236.75
2024-07-06,claims,232.5
2024-07-13,claims,233.75
2024-07-20,claims,234.75
2024-07-27,claims,237.25
2024-08-03,claims,240.0
2024-08-10,claims,236.75
2024-08-17,claims,235.5
2024-08-24,claims,231.5
2024-08-31,claims,229.75
2024-09-07,claims,229.5
2024-09-14,claims,227.25
2024-09-21,claims,224.5
2024-09-28,claims,224.5
2024-10-05,claims,232.25
2024-10-12,claims,236.75
2024-10-19,claims,238.25
2024-10-26,claims,236.25
2024-11-02,claims,227.0
2024-11-09,claims,221.25
2024-11-16,claims,218.5
2024-11-23,claims,218.5
2024-11-30,claims,218.75
2024-12-07,claims,223.75
2024-12-14,claims,225.25
2024-12-21,claims,225.25
2024-12-28,claims,222.75
2025-01-04,claims,214.75
2025-01-11,claims,214.0
2025-01-18,claims,215.0
2025-01-25,claims,215.0
2025-02-01,claims,218.5
2025-02-08,claims,217.75
2025-02-15,claims,217.75
2025-02-22,claims,225.0
2025-03-01,claims,226.0
2025-03-08,claims,227.5
2025-03-15,claims,228.0
2025-03-22,claims,223.75
2025-03-29,claims,222.75
2025-04-05,claims,223.0
2025-04-12,claims,221.0
2025-04-19,claims,221.0
2025-04-26,claims,225.75
2025-05-03,claims,227.0
2025-05-10,claims,229.25
2025-05-17,claims,229.5
2025-05-24,claims,228.75
2025-05-31,claims,232.75
2025-06-07,claims,237.75
2025-06-14,claims,242.25
2025-06-21,claims,242.25
2025-06-28,claims,239.0
2025-07-05,claims,234.5
2025-07-12,claims,229.0
2025-07-19,claims,224.5
2025-07-26,claims,221.5
2025-08-02,claims,221.0
2025-08-09,claims,221.75
2025-08-16,claims,225.5
2025-08-23,claims,228.0
2025-08-30,claims,230.5
2025-09-06,claims,239.25
2025-09-13,claims,239.25
2025-09-20,claims,236.75
2025-09-27,claims,234.0
2025-10-04,claims,227.5
2025-10-11,claims,224.75
2025-10-18,claims,227.75
2025-10-25,claims,226.75
2025-11-01,claims,225.5
2025-11-08,claims,227.0
2025-11-15,claims,224.75
2025-11-22,claims,224.0
2025-11-29,claims,221.0
2025-12-06,claims,222.75
2025-12-13,claims,223.25
2025-12-20,claims,222.5
2025-12-27,claims,219.25
2026-01-03,claims,212.25
2026-01-10,claims,206.5
2026-01-17,claims,205.25
2026-01-24,claims,207.25
2026-01-31,claims,213.0
2026-02-07,claims,220.25
2026-02-14,claims,219.75
2026-02-21,claims,219.75
2026-02-28,claims,215.75
2026-03-07,claims,211.5
2026-03-14,claims,210.75
2026-03-21,claims,210.75
2026-03-28,claims,208.0
2026-04-04,claims,209.25
2026-04-11,claims,210.0
2026-04-18,claims,211.0
2026-04-25,claims,207.75
2026-05-02,claims,203.0
2026-05-09,claims,204.0
2026-05-16,claims,202.75
2026-05-23,claims,208.25
2026-05-30,claims,214.75
2026-06-06,claims,219.25
2026-06-13,claims,223.5
2026-06-20,claims,224.5
2026-06-27,claims,222.5
2026-07-04,claims,219.25
2026-07-11,claims,214.75
2026-07-18,claims,208.0
2026-07-25,claims,203.25
2026-08-01,claims,199.0
2026-08-08,claims,199.75
2026-08-15,claims,204.25
2026-08-22,claims,205.5
2024-08-01,dxy,104.419998
2024-08-02,dxy,103.209999
2024-08-05,dxy,102.690002
2024-08-06,dxy,102.970001
2024-08-07,dxy,103.199997
2024-08-08,dxy,103.209999
2024-08-09,dxy,103.139999
2024-08-12,dxy,103.139999
2024-08-13,dxy,102.559998
2024-08-14,dxy,102.57
2024-08-15,dxy,102.980003
2024-08-16,dxy,102.459999
2024-08-19,dxy,101.889999
2024-08-20,dxy,101.440002
2024-08-21,dxy,101.040001
2024-08-22,dxy,101.510002
2024-08-23,dxy,100.720001
2024-08-26,dxy,100.849998
2024-08-27,dxy,100.550003
2024-08-28,dxy,101.089996
2024-08-29,dxy,101.339996
2024-08-30,dxy,101.699997
2024-09-03,dxy,101.830002
2024-09-04,dxy,101.360001
2024-09-05,dxy,101.110001
2024-09-06,dxy,101.18
2024-09-09,dxy,101.550003
2024-09-10,dxy,101.629997
2024-09-11,dxy,101.68
2024-09-12,dxy,101.370003
2024-09-13,dxy,101.110001
2024-09-16,dxy,100.760002
2024-09-17,dxy,100.889999
2024-09-18,dxy,100.599998
2024-09-19,dxy,100.610001
2024-09-20,dxy,100.720001
2024-09-23,dxy,100.919998
2024-09-24,dxy,100.370003
2024-09-25,dxy,100.919998
2024-09-26,dxy,100.559998
2024-09-27,dxy,100.419998
2024-09-30,dxy,100.779999
2024-10-01,dxy,101.190002
2024-10-02,dxy,101.68
2024-10-03,dxy,101.989998
2024-10-04,dxy,102.519997
2024-10-07,dxy,102.540001
2024-10-08,dxy,102.550003
2024-10-09,dxy,102.93
2024-10-10,dxy,102.989998
2024-10-11,dxy,102.889999
2024-10-14,dxy,103.300003
2024-10-15,dxy,103.260002
2024-10-16,dxy,103.589996
2024-10-17,dxy,103.830002
2024-10-18,dxy,103.489998
2024-10-21,dxy,104.010002
2024-10-22,dxy,104.080002
2024-10-23,dxy,104.43
2024-10-24,dxy,104.059998
2024-10-25,dxy,104.260002
2024-10-28,dxy,104.32
2024-10-29,dxy,104.279999
2024-10-30,dxy,103.989998
2024-10-31,dxy,103.980003
2024-11-01,dxy,104.279999
2024-11-04,dxy,103.889999
2024-11-05,dxy,103.419998
2024-11-06,dxy,105.089996
2024-11-07,dxy,104.510002
2024-11-08,dxy,105.0
2024-11-11,dxy,105.540001
2024-11-12,dxy,106.019997
2024-11-13,dxy,106.480003
2024-11-14,dxy,106.669998
2024-11-15,dxy,106.690002
2024-11-18,dxy,106.279999
2024-11-19,dxy,106.209999
2024-11-20,dxy,106.68
2024-11-21,dxy,106.970001
2024-11-22,dxy,107.489998
2024-11-25,dxy,106.82
2024-11-26,dxy,107.010002
2024-11-27,dxy,106.080002
2024-11-29,dxy,105.739998
2024-12-02,dxy,106.449997
2024-12-03,dxy,106.370003
2024-12-04,dxy,106.339996
2024-12-05,dxy,105.709999
2024-12-06,dxy,105.970001
2024-12-09,dxy,106.150002
2024-12-10,dxy,106.400002
2024-12-11,dxy,106.709999
2024-12-12,dxy,106.959999
2024-12-13,dxy,107.0
2024-12-16,dxy,106.860001
2024-12-17,dxy,106.959999
2024-12-18,dxy,108.029999
2024-12-19,dxy,108.410004
2024-12-20,dxy,107.620003
2024-12-23,dxy,108.040001
2024-12-24,dxy,108.260002
2024-12-26,dxy,108.129997
2024-12-27,dxy,108.0
2024-12-30,dxy,108.129997
2024-12-31,dxy,108.489998
2025-01-02,dxy,109.389999
2025-01-03,dxy,108.949997
2025-01-06,dxy,108.260002
2025-01-07,dxy,108.540001
2025-01-08,dxy,109.089996
2025-01-09,dxy,109.18
2025-01-10,dxy,109.650002
2025-01-13,dxy,109.959999
2025-01-14,dxy,109.269997
2025-01-15,dxy,109.089996
2025-01-16,dxy,108.959999
2025-01-17,dxy,109.349998
2025-01-21,dxy,108.059998
2025-01-22,dxy,108.169998
2025-01-23,dxy,108.050003
2025-01-24,dxy,107.440002
2025-01-27,dxy,107.339996
2025-01-28,dxy,107.870003
2025-01-29,dxy,108.0
2025-01-30,dxy,107.800003
2025-01-31,dxy,108.370003
2025-02-03,dxy,108.989998
2025-02-04,dxy,107.959999
2025-02-05,dxy,107.580002
2025-02-06,dxy,107.690002
2025-02-07,dxy,108.040001
2025-02-10,dxy,108.32
2025-02-11,dxy,107.959999
2025-02-12,dxy,107.940002
2025-02-13,dxy,107.309998
2025-02-14,dxy,106.57
2025-02-18,dxy,107.050003
2025-02-19,dxy,107.169998
2025-02-20,dxy,106.339996
2025-02-21,dxy,106.610001
2025-02-24,dxy,106.599998
2025-02-25,dxy,106.309998
2025-02-26,dxy,106.419998
2025-02-27,dxy,107.239998
2025-02-28,dxy,107.610001
2025-03-03,dxy,106.75
2025-03-04,dxy,105.739998
2025-03-05,dxy,105.739998
2025-03-06,dxy,104.059998
2025-03-07,dxy,103.839996
2025-03-10,dxy,103.910004
2025-03-11,dxy,103.440002
2025-03-12,dxy,103.610001
2025-03-13,dxy,103.830002
2025-03-14,dxy,103.720001
2025-03-17,dxy,103.370003
2025-03-18,dxy,103.239998
2025-03-19,dxy,103.43
2025-03-20,dxy,103.849998
2025-03-21,dxy,104.089996
2025-03-24,dxy,104.260002
2025-03-25,dxy,104.18
2025-03-26,dxy,104.550003
2025-03-27,dxy,104.07
2025-03-28,dxy,104.040001
2025-03-31,dxy,104.209999
2025-04-01,dxy,104.260002
2025-04-02,dxy,103.809998
2025-04-03,dxy,102.07
2025-04-04,dxy,103.019997
2025-04-07,dxy,103.260002
2025-04-08,dxy,102.959999
2025-04-09,dxy,102.900002
2025-04-10,dxy,100.870003
2025-04-11,dxy,99.779999
2025-04-14,dxy,99.639999
2025-04-15,dxy,100.220001
2025-04-16,dxy,99.379997
2025-04-17,dxy,99.379997
2025-04-21,dxy,98.279999
2025-04-22,dxy,98.919998
2025-04-23,dxy,99.839996
2025-04-24,dxy,99.290001
2025-04-25,dxy,99.470001
2025-04-28,dxy,99.010002
2025-04-29,dxy,99.239998
2025-04-30,dxy,99.470001
2025-05-01,dxy,100.25
2025-05-02,dxy,100.0
2025-05-05,dxy,99.830002
2025-05-06,dxy,99.239998
2025-05-07,dxy,99.610001
2025-05-08,dxy,100.639999
2025-05-09,dxy,100.339996
2025-05-12,dxy,101.790001
2025-05-13,dxy,101.0
2025-05-14,dxy,101.040001
2025-05-15,dxy,100.879997
2025-05-16,dxy,101.089996
2025-05-19,dxy,100.43
2025-05-20,dxy,100.120003
2025-05-21,dxy,99.559998
2025-05-22,dxy,99.959999
2025-05-23,dxy,99.110001
2025-05-26,dxy,98.93
2025-05-27,dxy,99.519997
2025-05-28,dxy,99.879997
2025-05-29,dxy,99.279999
2025-05-30,dxy,99.330002
2025-06-02,dxy,98.699997
2025-06-03,dxy,99.25
2025-06-04,dxy,98.790001
2025-06-05,dxy,98.739998
2025-06-06,dxy,99.190002
2025-06-09,dxy,98.940002
2025-06-10,dxy,99.050003
2025-06-11,dxy,98.629997
2025-06-12,dxy,97.919998
2025-06-13,dxy,98.18
2025-06-16,dxy,98.0
2025-06-17,dxy,98.82
2025-06-18,dxy,98.910004
2025-06-20,dxy,98.709999
2025-06-23,dxy,98.419998
2025-06-24,dxy,97.860001
2025-06-25,dxy,97.68
2025-06-26,dxy,97.150002
2025-06-27,dxy,97.400002
2025-06-30,dxy,96.879997
2025-07-01,dxy,96.82
2025-07-02,dxy,96.779999
2025-07-03,dxy,97.18
2025-07-07,dxy,97.480003
2025-07-08,dxy,97.510002
2025-07-09,dxy,97.470001
2025-07-10,dxy,97.650002
2025-07-11,dxy,97.849998
2025-07-14,dxy,98.080002
2025-07-15,dxy,98.620003
2025-07-16,dxy,98.389999
2025-07-17,dxy,98.730003
2025-07-18,dxy,98.480003
2025-07-21,dxy,97.849998
2025-07-22,dxy,97.389999
2025-07-23,dxy,97.209999
2025-07-24,dxy,97.379997
2025-07-25,dxy,97.650002
2025-07-28,dxy,98.660004
2025-07-29,dxy,98.910004
2025-07-30,dxy,99.940002
2025-07-31,dxy,100.029999
2025-08-01,dxy,98.690002
2025-08-04,dxy,98.779999
2025-08-05,dxy,98.779999
2025-08-06,dxy,98.18
2025-08-07,dxy,98.400002
2025-08-08,dxy,98.18
2025-08-11,dxy,98.519997
2025-08-12,dxy,98.099998
2025-08-13,dxy,97.839996
2025-08-14,dxy,98.25
2025-08-15,dxy,97.849998
2025-08-18,dxy,98.169998
2025-08-19,dxy,98.269997
2025-08-20,dxy,98.220001
2025-08-21,dxy,98.620003
2025-08-22,dxy,97.720001
2025-08-25,dxy,98.43
2025-08-26,dxy,98.230003
2025-08-27,dxy,98.230003
2025-08-28,dxy,97.809998
2025-08-29,dxy,97.769997
2025-09-02,dxy,98.400002
2025-09-03,dxy,98.139999
2025-09-04,dxy,98.349998
2025-09-05,dxy,97.769997
2025-09-08,dxy,97.449997
2025-09-09,dxy,97.790001
2025-09-10,dxy,97.779999
2025-09-11,dxy,97.540001
2025-09-12,dxy,97.550003
2025-09-15,dxy,97.300003
2025-09-16,dxy,96.629997
2025-09-17,dxy,96.870003
2025-09-18,dxy,97.349998
2025-09-19,dxy,97.639999
2025-09-22,dxy,97.330002
2025-09-23,dxy,97.260002
2025-09-24,dxy,97.870003
2025-09-25,dxy,98.550003
2025-09-26,dxy,98.150002
2025-09-29,dxy,97.910004
2025-09-30,dxy,97.769997
2025-10-01,dxy,97.709999
2025-10-02,dxy,97.849998
2025-10-03,dxy,97.720001
2025-10-06,dxy,98.110001
2025-10-07,dxy,98.580002
2025-10-08,dxy,98.849998
2025-10-09,dxy,99.540001
2025-10-10,dxy,98.980003
2025-10-13,dxy,99.269997
2025-10-14,dxy,99.050003
2025-10-15,dxy,98.790001
2025-10-16,dxy,98.389999
2025-10-17,dxy,98.43
2025-10-20,dxy,98.589996
2025-10-21,dxy,98.93
2025-10-22,dxy,98.900002
2025-10-23,dxy,98.940002
2025-10-24,dxy,98.949997
2025-10-27,dxy,98.779999
2025-10-28,dxy,98.690002
2025-10-29,dxy,99.220001
2025-10-30,dxy,99.529999
2025-10-31,dxy,99.800003
2025-11-03,dxy,99.870003
2025-11-04,dxy,100.220001
2025-11-05,dxy,100.199997
2025-11-06,dxy,99.730003
2025-11-07,dxy,99.599998
2025-11-10,dxy,99.620003
2025-11-11,dxy,99.459999
2025-11-12,dxy,99.480003
2025-11-13,dxy,99.18
2025-11-14,dxy,99.269997
2025-11-17,dxy,99.589996
2025-11-18,dxy,99.550003
2025-11-19,dxy,100.230003
2025-11-20,dxy,100.160004
2025-11-21,dxy,100.18
2025-11-24,dxy,100.139999
2025-11-25,dxy,99.660004
2025-11-26,dxy,99.599998
2025-11-28,dxy,99.459999
2025-12-01,dxy,99.410004
2025-12-02,dxy,99.360001
2025-12-03,dxy,98.849998
2025-12-04,dxy,98.989998
2025-12-05,dxy,98.989998
2025-12-08,dxy,99.089996
2025-12-09,dxy,99.220001
2025-12-10,dxy,98.790001
2025-12-11,dxy,98.349998
2025-12-12,dxy,98.400002
2025-12-15,dxy,98.150002
2025-12-16,dxy,98.150002
2025-12-17,dxy,98.370003
2025-12-18,dxy,98.43
2025-12-19,dxy,98.599998
2025-12-22,dxy,98.290001
2025-12-23,dxy,97.940002
2025-12-24,dxy,97.980003
2025-12-26,dxy,98.019997
2025-12-29,dxy,98.040001
2025-12-30,dxy,98.239998
2025-12-31,dxy,98.279999
2026-01-02,dxy,98.419998
2026-01-05,dxy,98.269997
2026-01-06,dxy,98.580002
2026-01-07,dxy,98.68
2026-01-08,dxy,98.93
2026-01-09,dxy,99.129997
2026-01-12,dxy,98.860001
2026-01-13,dxy,99.129997
2026-01-14,dxy,99.129997
2026-01-15,dxy,99.32
2026-01-16,dxy,99.389999
2026-01-20,dxy,98.639999
2026-01-21,dxy,98.760002
2026-01-22,dxy,98.360001
2026-01-23,dxy,97.599998
2026-01-26,dxy,97.040001
2026-01-27,dxy,96.220001
2026-01-28,dxy,96.449997
2026-01-29,dxy,96.279999
2026-01-30,dxy,96.989998
2026-02-02,dxy,97.610001
2026-02-03,dxy,97.440002
2026-02-04,dxy,97.620003
2026-02-05,dxy,97.82
2026-02-06,dxy,97.629997
2026-02-09,dxy,96.82
2026-02-10,dxy,96.800003
2026-02-11,dxy,96.830002
2026-02-12,dxy,96.93
2026-02-13,dxy,96.879997
2026-02-17,dxy,97.160004
2026-02-18,dxy,97.699997
2026-02-19,dxy,97.93
2026-02-20,dxy,97.800003
2026-02-23,dxy,97.699997
2026-02-24,dxy,97.879997
2026-02-25,dxy,97.699997
2026-02-26,dxy,97.790001
2026-02-27,dxy,97.610001
2026-03-02,dxy,98.379997
2026-03-03,dxy,99.050003
2026-03-04,dxy,98.769997
2026-03-05,dxy,99.32
2026-03-06,dxy,98.989998
2026-03-09,dxy,99.18
2026-03-10,dxy,98.830002
2026-03-11,dxy,99.230003
2026-03-12,dxy,99.739998
2026-03-13,dxy,100.360001
2026-03-16,dxy,99.709999
2026-03-17,dxy,99.580002
2026-03-18,dxy,100.089996
2026-03-19,dxy,99.230003
2026-03-20,dxy,99.650002
2026-03-23,dxy,98.949997
2026-03-24,dxy,99.43
2026-03-25,dxy,99.599998
2026-03-26,dxy,99.900002
2026-03-27,dxy,100.150002
2026-03-30,dxy,100.510002
2026-03-31,dxy,99.959999
2026-04-01,dxy,99.650002
2026-04-02,dxy,100.029999
2026-04-06,dxy,99.980003
2026-04-07,dxy,99.639999
2026-04-08,dxy,99.129997
2026-04-09,dxy,98.82
2026-04-10,dxy,98.650002
2026-04-13,dxy,98.370003
2026-04-14,dxy,98.120003
2026-04-15,dxy,98.059998
2026-04-16,dxy,98.220001
2026-04-17,dxy,98.099998
2026-04-20,dxy,98.050003
2026-04-21,dxy,98.410004
2026-04-22,dxy,98.589996
2026-04-23,dxy,98.800003
2026-04-24,dxy,98.510002
2026-04-27,dxy,98.480003
2026-04-28,dxy,98.620003
2026-04-29,dxy,98.919998
2026-04-30,dxy,98.080002
2026-05-01,dxy,98.209999
2026-05-04,dxy,98.470001
2026-05-05,dxy,98.480003
2026-05-06,dxy,98.019997
2026-05-07,dxy,98.25
2026-05-08,dxy,97.839996
2026-05-11,dxy,97.940002
2026-05-12,dxy,98.290001
2026-05-13,dxy,98.480003
2026-05-14,dxy,98.879997
2026-05-15,dxy,99.269997
2026-05-18,dxy,98.970001
2026-05-19,dxy,99.300003
2026-05-20,dxy,99.110001
2026-05-21,dxy,99.190002
2026-05-22,dxy,99.32
2026-05-26,dxy,99.169998
2026-05-27,dxy,99.209999
2026-05-28,dxy,99.019997
2026-05-29,dxy,98.910004
2026-06-01,dxy,99.199997
2026-06-02,dxy,99.220001
2026-06-03,dxy,99.529999
2026-06-04,dxy,99.410004
2026-06-05,dxy,100.07
2026-06-08,dxy,100.050003
2026-06-09,dxy,99.910004
2026-06-10,dxy,99.949997
2026-06-11,dxy,99.860001
2026-06-12,dxy,99.75
2026-06-15,dxy,99.629997
2026-06-16,dxy,99.540001
2026-06-17,dxy,100.089996
2026-06-18,dxy,100.849998
2026-06-22,dxy,101.019997
2026-06-23,dxy,101.410004
2026-06-24,dxy,101.610001
2026-06-25,dxy,101.43
2026-06-26,dxy,101.360001
2026-06-29,dxy,101.110001
2026-06-30,dxy,101.190002
2026-07-01,dxy,101.389999
2026-07-02,dxy,100.860001
2026-07-06,dxy,100.849998
2026-07-07,dxy,101.139999
2026-07-08,dxy,101.050003
2026-07-09,dxy,100.940002
2026-07-10,dxy,100.970001
2026-07-13,dxy,101.279999
2026-07-14,dxy,100.940002
2026-07-15,dxy,100.5
2026-07-16,dxy,100.730003
2026-07-17,dxy,100.75
2026-07-20,dxy,100.989998
2026-07-21,dxy,101.18
2026-07-22,dxy,101.139999
2026-07-23,dxy,101.43
2026-07-24,dxy,101.470001
2026-07-27,dxy,101.510002
2026-07-28,dxy,101.379997
2026-07-29,dxy,100.800003
2026-07-30,dxy,100.010002
2026-07-31,dxy,99.800003
2026-08-03,dxy,99.959999
2026-08-04,dxy,99.889999
2026-08-05,dxy,99.690002
2026-08-06,dxy,99.970001
2026-08-07,dxy,99.599998
2026-08-09,dxy,99.624001
2026-08-10,dxy,99.809998
2026-08-11,dxy,99.82
2026-08-12,dxy,100.010002
2026-08-13,dxy,99.959999
2026-08-14,dxy,99.669998
2026-08-16,dxy,99.667
2026-08-17,dxy,99.639999
2026-08-18,dxy,99.650002
2026-08-19,dxy,98.830002
2026-08-20,dxy,98.900002
2026-08-21,dxy,98.800003
2026-08-23,dxy,98.848
2026-08-24,dxy,99.0
2026-08-25,dxy,98.919998
2026-08-26,dxy,99.169998
2026-08-27,dxy,99.160004
2026-08-28,dxy,99.200996
2024-05-23,hy_ig,221.0
2024-05-24,hy_ig,222.0
2024-05-27,hy_ig,223.0
2024-05-28,hy_ig,221.0
2024-05-29,hy_ig,227.0
2024-05-30,hy_ig,231.0
2024-05-31,hy_ig,232.0
2024-06-03,hy_ig,229.0
2024-06-04,hy_ig,232.0
2024-06-05,hy_ig,229.0
2024-06-06,hy_ig,228.0
2024-06-07,hy_ig,225.0
2024-06-10,hy_ig,225.0
2024-06-11,hy_ig,228.0
2024-06-12,hy_ig,219.0
2024-06-13,hy_ig,228.0
2024-06-14,hy_ig,234.0
2024-06-17,hy_ig,231.0
2024-06-18,hy_ig,228.0
2024-06-19,hy_ig,228.0
2024-06-20,hy_ig,227.0
2024-06-21,hy_ig,225.0
2024-06-24,hy_ig,223.0
2024-06-25,hy_ig,223.0
2024-06-26,hy_ig,221.0
2024-06-27,hy_ig,225.0
2024-06-28,hy_ig,222.0
2024-06-30,hy_ig,225.0
2024-07-01,hy_ig,227.0
2024-07-02,hy_ig,230.0
2024-07-03,hy_ig,232.0
2024-07-04,hy_ig,232.0
2024-07-05,hy_ig,235.0
2024-07-08,hy_ig,228.0
2024-07-09,hy_ig,229.0
2024-07-10,hy_ig,225.0
2024-07-11,hy_ig,225.0
2024-07-12,hy_ig,227.0
2024-07-15,hy_ig,221.0
2024-07-16,hy_ig,216.0
2024-07-17,hy_ig,216.0
2024-07-18,hy_ig,216.0
2024-07-19,hy_ig,216.0
2024-07-22,hy_ig,212.0
2024-07-23,hy_ig,209.0
2024-07-24,hy_ig,214.0
2024-07-25,hy_ig,213.0
2024-07-26,hy_ig,215.0
2024-07-29,hy_ig,218.0
2024-07-30,hy_ig,224.0
2024-07-31,hy_ig,228.0
2024-08-01,hy_ig,235.0
2024-08-02,hy_ig,266.0
2024-08-05,hy_ig,281.0
2024-08-06,hy_ig,259.0
2024-08-07,hy_ig,250.0
2024-08-08,hy_ig,243.0
2024-08-09,hy_ig,244.0
2024-08-12,hy_ig,247.0
2024-08-13,hy_ig,250.0
2024-08-14,hy_ig,244.0
2024-08-15,hy_ig,233.0
2024-08-16,hy_ig,231.0
2024-08-19,hy_ig,224.0
2024-08-20,hy_ig,227.0
2024-08-21,hy_ig,229.0
2024-08-22,hy_ig,224.0
2024-08-23,hy_ig,223.0
2024-08-26,hy_ig,219.0
2024-08-27,hy_ig,221.0
2024-08-28,hy_ig,223.0
2024-08-29,hy_ig,219.0
2024-08-30,hy_ig,218.0
2024-08-31,hy_ig,221.0
2024-09-02,hy_ig,221.0
2024-09-03,hy_ig,233.0
2024-09-04,hy_ig,236.0
2024-09-05,hy_ig,230.0
2024-09-06,hy_ig,240.0
2024-09-09,hy_ig,237.0
2024-09-10,hy_ig,245.0
2024-09-11,hy_ig,243.0
2024-09-12,hy_ig,240.0
2024-09-13,hy_ig,238.0
2024-09-16,hy_ig,234.0
2024-09-17,hy_ig,228.0
2024-09-18,hy_ig,226.0
2024-09-19,hy_ig,217.0
2024-09-20,hy_ig,222.0
2024-09-23,hy_ig,223.0
2024-09-24,hy_ig,229.0
2024-09-25,hy_ig,227.0
2024-09-26,hy_ig,222.0
2024-09-27,hy_ig,222.0
2024-09-30,hy_ig,211.0
2024-10-01,hy_ig,215.0
2024-10-02,hy_ig,215.0
2024-10-03,hy_ig,214.0
2024-10-04,hy_ig,202.0
2024-10-07,hy_ig,209.0
2024-10-08,hy_ig,212.0
2024-10-09,hy_ig,209.0
2024-10-10,hy_ig,215.0
2024-10-11,hy_ig,214.0
2024-10-14,hy_ig,213.0
2024-10-15,hy_ig,210.0
2024-10-16,hy_ig,207.0
2024-10-17,hy_ig,206.0
2024-10-18,hy_ig,205.0
2024-10-21,hy_ig,203.0
2024-10-22,hy_ig,207.0
2024-10-23,hy_ig,209.0
2024-10-24,hy_ig,207.0
2024-10-25,hy_ig,204.0
2024-10-28,hy_ig,198.0
2024-10-29,hy_ig,201.0
2024-10-30,hy_ig,196.0
2024-10-31,hy_ig,202.0
2024-11-01,hy_ig,197.0
2024-11-04,hy_ig,201.0
2024-11-05,hy_ig,202.0
2024-11-06,hy_ig,194.0
2024-11-07,hy_ig,195.0
2024-11-08,hy_ig,186.0
2024-11-11,hy_ig,186.0
2024-11-12,hy_ig,184.0
2024-11-13,hy_ig,186.0
2024-11-14,hy_ig,180.0
2024-11-15,hy_ig,192.0
2024-11-18,hy_ig,192.0
2024-11-19,hy_ig,189.0
2024-11-20,hy_ig,186.0
2024-11-21,hy_ig,180.0
2024-11-22,hy_ig,181.0
2024-11-25,hy_ig,184.0
2024-11-26,hy_ig,187.0
2024-11-27,hy_ig,187.0
2024-11-28,hy_ig,187.0
2024-11-29,hy_ig,190.0
2024-11-30,hy_ig,191.0
2024-12-02,hy_ig,187.0
2024-12-03,hy_ig,186.0
2024-12-04,hy_ig,186.0
2024-12-05,hy_ig,185.0
2024-12-06,hy_ig,186.0
2024-12-09,hy_ig,186.0
2024-12-10,hy_ig,187.0
2024-12-11,hy_ig,186.0
2024-12-12,hy_ig,187.0
2024-12-13,hy_ig,190.0
2024-12-16,hy_ig,191.0
2024-12-17,hy_ig,196.0
2024-12-18,hy_ig,194.0
2024-12-19,hy_ig,209.0
2024-12-20,hy_ig,204.0
2024-12-23,hy_ig,203.0
2024-12-26,hy_ig,205.0
2024-12-27,hy_ig,203.0
2024-12-30,hy_ig,212.0
2024-12-31,hy_ig,210.0
2025-01-02,hy_ig,205.0
2025-01-03,hy_ig,198.0
2025-01-06,hy_ig,192.0
2025-01-07,hy_ig,195.0
2025-01-08,hy_ig,201.0
2025-01-09,hy_ig,199.0
2025-01-10,hy_ig,198.0
2025-01-13,hy_ig,201.0
2025-01-14,hy_ig,196.0
2025-01-15,hy_ig,189.0
2025-01-16,hy_ig,190.0
2025-01-17,hy_ig,182.0
2025-01-20,hy_ig,182.0
2025-01-21,hy_ig,179.0
2025-01-22,hy_ig,178.0
2025-01-23,hy_ig,181.0
2025-01-24,hy_ig,180.0
2025-01-27,hy_ig,185.0
2025-01-28,hy_ig,185.0
2025-01-29,hy_ig,187.0
2025-01-30,hy_ig,186.0
2025-01-31,hy_ig,186.0
2025-02-03,hy_ig,190.0
2025-02-04,hy_ig,189.0
2025-02-05,hy_ig,186.0
2025-02-06,hy_ig,182.0
2025-02-07,hy_ig,183.0
2025-02-10,hy_ig,182.0
2025-02-11,hy_ig,183.0
2025-02-12,hy_ig,184.0
2025-02-13,hy_ig,184.0
2025-02-14,hy_ig,182.0
2025-02-17,hy_ig,182.0
2025-02-18,hy_ig,183.0
2025-02-19,hy_ig,189.0
2025-02-20,hy_ig,186.0
2025-02-21,hy_ig,197.0
2025-02-24,hy_ig,197.0
2025-02-25,hy_ig,200.0
2025-02-26,hy_ig,197.0
2025-02-27,hy_ig,196.0
2025-02-28,hy_ig,199.0
2025-03-03,hy_ig,205.0
2025-03-04,hy_ig,210.0
2025-03-05,hy_ig,201.0
2025-03-06,hy_ig,211.0
2025-03-07,hy_ig,208.0
2025-03-10,hy_ig,225.0
2025-03-11,hy_ig,228.0
2025-03-12,hy_ig,224.0
2025-03-13,hy_ig,243.0
2025-03-14,hy_ig,231.0
2025-03-17,hy_ig,225.0
2025-03-18,hy_ig,230.0
2025-03-19,hy_ig,228.0
2025-03-20,hy_ig,226.0
2025-03-21,hy_ig,229.0
2025-03-24,hy_ig,215.0
2025-03-25,hy_ig,219.0
2025-03-26,hy_ig,228.0
2025-03-27,hy_ig,236.0
2025-03-28,hy_ig,253.0
2025-03-31,hy_ig,258.0
2025-04-01,hy_ig,252.0
2025-04-02,hy_ig,246.0
2025-04-03,hy_ig,295.0
2025-04-04,hy_ig,331.0
2025-04-07,hy_ig,341.0
2025-04-08,hy_ig,339.0
2025-04-09,hy_ig,316.0
2025-04-10,hy_ig,324.0
2025-04-11,hy_ig,308.0
2025-04-14,hy_ig,299.0
2025-04-15,hy_ig,295.0
2025-04-16,hy_ig,303.0
2025-04-17,hy_ig,291.0
2025-04-21,hy_ig,304.0
2025-04-22,hy_ig,288.0
2025-04-23,hy_ig,267.0
2025-04-24,hy_ig,267.0
2025-04-25,hy_ig,263.0
2025-04-28,hy_ig,269.0
2025-04-29,hy_ig,268.0
2025-04-30,hy_ig,285.0
2025-05-01,hy_ig,269.0
2025-05-02,hy_ig,254.0
2025-05-05,hy_ig,255.0
2025-05-06,hy_ig,261.0
2025-05-07,hy_ig,262.0
2025-05-08,hy_ig,249.0
2025-05-09,hy_ig,251.0
2025-05-12,hy_ig,218.0
2025-05-13,hy_ig,215.0
2025-05-14,hy_ig,217.0
2025-05-15,hy_ig,226.0
2025-05-16,hy_ig,223.0
2025-05-19,hy_ig,229.0
2025-05-20,hy_ig,230.0
2025-05-21,hy_ig,234.0
2025-05-22,hy_ig,240.0
2025-05-23,hy_ig,247.0
2025-05-26,hy_ig,247.0
2025-05-27,hy_ig,233.0
2025-05-28,hy_ig,233.0
2025-05-29,hy_ig,232.0
2025-05-30,hy_ig,240.0
2025-05-31,hy_ig,240.0
2025-06-02,hy_ig,236.0
2025-06-03,hy_ig,230.0
2025-06-04,hy_ig,234.0
2025-06-05,hy_ig,229.0
2025-06-06,hy_ig,222.0
2025-06-09,hy_ig,225.0
2025-06-10,hy_ig,225.0
2025-06-11,hy_ig,225.0
2025-06-12,hy_ig,229.0
2025-06-13,hy_ig,230.0
2025-06-16,hy_ig,223.0
2025-06-17,hy_ig,229.0
2025-06-18,hy_ig,228.0
2025-06-19,hy_ig,228.0
2025-06-20,hy_ig,225.0
2025-06-23,hy_ig,223.0
2025-06-24,hy_ig,218.0
2025-06-25,hy_ig,216.0
2025-06-26,hy_ig,215.0
2025-06-27,hy_ig,214.0
2025-06-30,hy_ig,210.0
2025-07-01,hy_ig,207.0
2025-07-02,hy_ig,205.0
2025-07-03,hy_ig,200.0
2025-07-04,hy_ig,200.0
2025-07-07,hy_ig,205.0
2025-07-08,hy_ig,210.0
2025-07-09,hy_ig,211.0
2025-07-10,hy_ig,209.0
2025-07-11,hy_ig,214.0
2025-07-14,hy_ig,213.0
2025-07-15,hy_ig,214.0
2025-07-16,hy_ig,219.0
2025-07-17,hy_ig,211.0
2025-07-18,hy_ig,213.0
2025-07-21,hy_ig,209.0
2025-07-22,hy_ig,209.0
2025-07-23,hy_ig,204.0
2025-07-24,hy_ig,203.0
2025-07-25,hy_ig,206.0
2025-07-28,hy_ig,204.0
2025-07-29,hy_ig,207.0
2025-07-30,hy_ig,211.0
2025-07-31,hy_ig,207.0
2025-08-01,hy_ig,231.0
2025-08-04,hy_ig,220.0
2025-08-05,hy_ig,216.0
2025-08-06,hy_ig,217.0
2025-08-07,hy_ig,215.0
2025-08-08,hy_ig,214.0
2025-08-11,hy_ig,214.0
2025-08-12,hy_ig,214.0
2025-08-13,hy_ig,212.0
2025-08-14,hy_ig,212.0
2025-08-15,hy_ig,213.0
2025-08-18,hy_ig,213.0
2025-08-19,hy_ig,214.0
2025-08-20,hy_ig,217.0
2025-08-21,hy_ig,218.0
2025-08-22,hy_ig,211.0
2025-08-25,hy_ig,204.0
2025-08-26,hy_ig,200.0
2025-08-27,hy_ig,200.0
2025-08-28,hy_ig,196.0
2025-08-29,hy_ig,202.0
2025-08-31,hy_ig,203.0
2025-09-01,hy_ig,203.0
2025-09-02,hy_ig,210.0
2025-09-03,hy_ig,207.0
2025-09-04,hy_ig,205.0
2025-09-05,hy_ig,204.0
2025-09-08,hy_ig,204.0
2025-09-09,hy_ig,207.0
2025-09-10,hy_ig,205.0
2025-09-11,hy_ig,200.0
2025-09-12,hy_ig,202.0
2025-09-15,hy_ig,200.0
2025-09-16,hy_ig,203.0
2025-09-17,hy_ig,203.0
2025-09-18,hy_ig,196.0
2025-09-19,hy_ig,198.0
2025-09-22,hy_ig,195.0
2025-09-23,hy_ig,196.0
2025-09-24,hy_ig,195.0
2025-09-25,hy_ig,200.0
2025-09-26,hy_ig,200.0
2025-09-29,hy_ig,199.0
2025-09-30,hy_ig,204.0
2025-10-01,hy_ig,205.0
2025-10-02,hy_ig,206.0
2025-10-03,hy_ig,205.0
2025-10-06,hy_ig,202.0
2025-10-07,hy_ig,207.0
2025-10-08,hy_ig,209.0
2025-10-09,hy_ig,218.0
2025-10-10,hy_ig,237.0
2025-10-13,hy_ig,237.0
2025-10-14,hy_ig,230.0
2025-10-15,hy_ig,217.0
2025-10-16,hy_ig,224.0
2025-10-17,hy_ig,224.0
2025-10-20,hy_ig,220.0
2025-10-21,hy_ig,218.0
2025-10-22,hy_ig,221.0
2025-10-23,hy_ig,218.0
2025-10-24,hy_ig,211.0
2025-10-27,hy_ig,204.0
2025-10-28,hy_ig,206.0
2025-10-29,hy_ig,201.0
2025-10-30,hy_ig,208.0
2025-10-31,hy_ig,214.0
2025-11-03,hy_ig,221.0
2025-11-04,hy_ig,230.0
2025-11-05,hy_ig,224.0
2025-11-06,hy_ig,231.0
2025-11-07,hy_ig,231.0
2025-11-10,hy_ig,220.0
2025-11-11,hy_ig,220.0
2025-11-12,hy_ig,219.0
2025-11-13,hy_ig,225.0
2025-11-14,hy_ig,224.0
2025-11-17,hy_ig,229.0
2025-11-18,hy_ig,235.0
2025-11-19,hy_ig,233.0
2025-11-20,hy_ig,232.0
2025-11-21,hy_ig,233.0
2025-11-24,hy_ig,230.0
2025-11-25,hy_ig,226.0
2025-11-26,hy_ig,218.0
2025-11-27,hy_ig,218.0
2025-11-28,hy_ig,213.0
2025-11-30,hy_ig,210.0
2025-12-01,hy_ig,212.0
2025-12-02,hy_ig,211.0
2025-12-03,hy_ig,208.0
2025-12-04,hy_ig,208.0
2025-12-05,hy_ig,206.0
2025-12-08,hy_ig,211.0
2025-12-09,hy_ig,210.0
2025-12-10,hy_ig,213.0
2025-12-11,hy_ig,210.0
2025-12-12,hy_ig,211.0
2025-12-15,hy_ig,211.0
2025-12-16,hy_ig,217.0
2025-12-17,hy_ig,218.0
2025-12-18,hy_ig,214.0
2025-12-19,hy_ig,210.0
2025-12-22,hy_ig,208.0
2025-12-23,hy_ig,204.0
2025-12-24,hy_ig,205.0
2025-12-26,hy_ig,207.0
2025-12-29,hy_ig,208.0
2025-12-30,hy_ig,205.0
2025-12-31,hy_ig,202.0
2026-01-02,hy_ig,204.0
2026-01-05,hy_ig,202.0
2026-01-06,hy_ig,200.0
2026-01-07,hy_ig,200.0
2026-01-08,hy_ig,197.0
2026-01-09,hy_ig,196.0
2026-01-12,hy_ig,196.0
2026-01-13,hy_ig,198.0
2026-01-14,hy_ig,199.0
2026-01-15,hy_ig,195.0
2026-01-16,hy_ig,190.0
2026-01-19,hy_ig,190.0
2026-01-20,hy_ig,198.0
2026-01-21,hy_ig,195.0
2026-01-22,hy_ig,191.0
2026-01-23,hy_ig,195.0
2026-01-26,hy_ig,195.0
2026-01-27,hy_ig,198.0
2026-01-28,hy_ig,199.0
2026-01-29,hy_ig,203.0
2026-01-30,hy_ig,206.0
2026-01-31,hy_ig,213.0
2026-02-02,hy_ig,207.0
2026-02-03,hy_ig,211.0
2026-02-04,hy_ig,211.0
2026-02-05,hy_ig,221.0
2026-02-06,hy_ig,211.0
2026-02-09,hy_ig,208.0
2026-02-10,hy_ig,209.0
2026-02-11,hy_ig,207.0
2026-02-12,hy_ig,214.0
2026-02-13,hy_ig,216.0
2026-02-16,hy_ig,215.0
2026-02-17,hy_ig,214.0
2026-02-18,hy_ig,208.0
2026-02-19,hy_ig,209.0
2026-02-20,hy_ig,208.0
2026-02-23,hy_ig,215.0
2026-02-24,hy_ig,216.0
2026-02-25,hy_ig,214.0
2026-02-26,hy_ig,216.0
2026-02-27,hy_ig,225.0
2026-02-28,hy_ig,226.0
2026-03-02,hy_ig,218.0
2026-03-03,hy_ig,224.0
2026-03-04,hy_ig,215.0
2026-03-05,hy_ig,218.0
2026-03-06,hy_ig,229.0
2026-03-09,hy_ig,234.0
2026-03-10,hy_ig,222.0
2026-03-11,hy_ig,221.0
2026-03-12,hy_ig,226.0
2026-03-13,hy_ig,235.0
2026-03-16,hy_ig,233.0
2026-03-17,hy_ig,230.0
2026-03-18,hy_ig,229.0
2026-03-19,hy_ig,237.0
2026-03-20,hy_ig,236.0
2026-03-23,hy_ig,231.0
2026-03-24,hy_ig,232.0
2026-03-25,hy_ig,230.0
2026-03-26,hy_ig,233.0
2026-03-27,hy_ig,251.0
2026-03-30,hy_ig,253.0
2026-03-31,hy_ig,238.0
2026-04-01,hy_ig,229.0
2026-04-02,hy_ig,231.0
2026-04-03,hy_ig,227.0
2026-04-06,hy_ig,220.0
2026-04-07,hy_ig,226.0
2026-04-08,hy_ig,211.0
2026-04-09,hy_ig,207.0
2026-04-10,hy_ig,212.0
2026-04-13,hy_ig,213.0
2026-04-14,hy_ig,203.0
2026-04-15,hy_ig,205.0
2026-04-16,hy_ig,205.0
2026-04-17,hy_ig,203.0
2026-04-20,hy_ig,206.0
2026-04-21,hy_ig,205.0
2026-04-22,hy_ig,205.0
2026-04-23,hy_ig,206.0
2026-04-24,hy_ig,206.0
2026-04-27,hy_ig,203.0
2026-04-28,hy_ig,204.0
2026-04-29,hy_ig,201.0
2026-04-30,hy_ig,202.0
2026-05-01,hy_ig,196.0
2026-05-04,hy_ig,198.0
2026-05-05,hy_ig,198.0
2026-05-06,hy_ig,197.0
2026-05-07,hy_ig,200.0
2026-05-08,hy_ig,202.0
2026-05-11,hy_ig,201.0
2026-05-12,hy_ig,205.0
2026-05-13,hy_ig,206.0
2026-05-14,hy_ig,200.0
2026-05-15,hy_ig,205.0
2026-05-18,hy_ig,208.0
2026-05-19,hy_ig,210.0
2026-05-20,hy_ig,205.0
2026-05-21,hy_ig,203.0
2026-05-22,hy_ig,200.0
2026-05-25,hy_ig,200.0
2026-05-26,hy_ig,198.0
2026-05-27,hy_ig,197.0
2026-05-28,hy_ig,199.0
2026-05-29,hy_ig,199.0
2026-05-31,hy_ig,200.0
2026-06-01,hy_ig,199.0
2026-06-02,hy_ig,197.0
2026-06-03,hy_ig,201.0
2026-06-04,hy_ig,200.0
2026-06-05,hy_ig,202.0
2026-06-08,hy_ig,200.0
2026-06-09,hy_ig,203.0
2026-06-10,hy_ig,205.0
2026-06-11,hy_ig,203.0
2026-06-12,hy_ig,197.0
2026-06-15,hy_ig,193.0
2026-06-16,hy_ig,196.0
2026-06-17,hy_ig,189.0
2026-06-18,hy_ig,192.0
2026-06-19,hy_ig,192.0
2026-06-22,hy_ig,191.0
2026-06-23,hy_ig,197.0
2026-06-24,hy_ig,201.0
2026-06-25,hy_ig,202.0
2026-06-26,hy_ig,206.0
2026-06-29,hy_ig,204.0
2026-06-30,hy_ig,199.0
2026-07-01,hy_ig,198.0
2026-07-02,hy_ig,200.0
2026-07-03,hy_ig,199.0
2026-07-06,hy_ig,197.0
2026-07-07,hy_ig,191.0
2026-07-08,hy_ig,194.0
2026-07-09,hy_ig,194.0
2026-07-10,hy_ig,192.0
2026-07-13,hy_ig,191.0
2026-07-14,hy_ig,193.0
2026-07-15,hy_ig,192.0
2026-07-16,hy_ig,193.0
2026-07-17,hy_ig,194.0
2026-07-20,hy_ig,191.0
2026-07-21,hy_ig,191.0
2026-07-22,hy_ig,190.0
2026-07-23,hy_ig,198.0
2026-07-24,hy_ig,199.0
2026-07-27,hy_ig,200.0
2026-07-28,hy_ig,203.0
2026-07-29,hy_ig,206.0
2026-07-30,hy_ig,204.0
2026-07-31,hy_ig,206.0
2026-08-03,hy_ig,200.0
2026-08-04,hy_ig,195.0
2026-08-05,hy_ig,197.0
2026-08-06,hy_ig,193.0
2026-08-07,hy_ig,192.0
2026-08-10,hy_ig,192.0
2026-08-11,hy_ig,193.0
2026-08-12,hy_ig,192.0
2026-08-13,hy_ig,192.0
2026-08-14,hy_ig,187.0
2026-08-17,hy_ig,189.0
2026-08-18,hy_ig,193.0
2026-08-19,hy_ig,192.0
2026-08-20,hy_ig,193.0
2026-08-21,hy_ig,189.0
2026-08-24,hy_ig,188.0
2026-08-25,hy_ig,189.0
2026-08-26,hy_ig,187.0
2024-05-23,hy_oas,310.0
2024-05-24,hy_oas,311.0
2024-05-27,hy_oas,312.0
2024-05-28,hy_oas,309.0
2024-05-29,hy_oas,315.0
2024-05-30,hy_oas,319.0
2024-05-31,hy_oas,320.0
2024-06-03,hy_oas,317.0
2024-06-04,hy_oas,322.0
2024-06-05,hy_oas,320.0
2024-06-06,hy_oas,320.0
2024-06-07,hy_oas,315.0
2024-06-10,hy_oas,315.0
2024-06-11,hy_oas,319.0
2024-06-12,hy_oas,309.0
2024-06-13,hy_oas,320.0
2024-06-14,hy_oas,329.0
2024-06-17,hy_oas,326.0
2024-06-18,hy_oas,324.0
2024-06-19,hy_oas,324.0
2024-06-20,hy_oas,323.0
2024-06-21,hy_oas,321.0
2024-06-24,hy_oas,319.0
2024-06-25,hy_oas,319.0
2024-06-26,hy_oas,318.0
2024-06-27,hy_oas,321.0
2024-06-28,hy_oas,318.0
2024-06-30,hy_oas,321.0
2024-07-01,hy_oas,321.0
2024-07-02,hy_oas,323.0
2024-07-03,hy_oas,325.0
2024-07-04,hy_oas,325.0
2024-07-05,hy_oas,327.0
2024-07-08,hy_oas,320.0
2024-07-09,hy_oas,321.0
2024-07-10,hy_oas,317.0
2024-07-11,hy_oas,318.0
2024-07-12,hy_oas,319.0
2024-07-15,hy_oas,313.0
2024-07-16,hy_oas,308.0
2024-07-17,hy_oas,309.0
2024-07-18,hy_oas,309.0
2024-07-19,hy_oas,309.0
2024-07-22,hy_oas,305.0
2024-07-23,hy_oas,302.0
2024-07-24,hy_oas,310.0
2024-07-25,hy_oas,308.0
2024-07-26,hy_oas,310.0
2024-07-29,hy_oas,313.0
2024-07-30,hy_oas,320.0
2024-07-31,hy_oas,325.0
2024-08-01,hy_oas,335.0
2024-08-02,hy_oas,372.0
2024-08-05,hy_oas,393.0
2024-08-06,hy_oas,367.0
2024-08-07,hy_oas,357.0
2024-08-08,hy_oas,348.0
2024-08-09,hy_oas,349.0
2024-08-12,hy_oas,352.0
2024-08-13,hy_oas,354.0
2024-08-14,hy_oas,346.0
2024-08-15,hy_oas,331.0
2024-08-16,hy_oas,329.0
2024-08-19,hy_oas,321.0
2024-08-20,hy_oas,325.0
2024-08-21,hy_oas,327.0
2024-08-22,hy_oas,321.0
2024-08-23,hy_oas,319.0
2024-08-26,hy_oas,315.0
2024-08-27,hy_oas,317.0
2024-08-28,hy_oas,319.0
2024-08-29,hy_oas,315.0
2024-08-30,hy_oas,313.0
2024-08-31,hy_oas,317.0
2024-09-02,hy_oas,317.0
2024-09-03,hy_oas,331.0
2024-09-04,hy_oas,335.0
2024-09-05,hy_oas,329.0
2024-09-06,hy_oas,339.0
2024-09-09,hy_oas,336.0
2024-09-10,hy_oas,346.0
2024-09-11,hy_oas,344.0
2024-09-12,hy_oas,339.0
2024-09-13,hy_oas,337.0
2024-09-16,hy_oas,332.0
2024-09-17,hy_oas,325.0
2024-09-18,hy_oas,321.0
2024-09-19,hy_oas,310.0
2024-09-20,hy_oas,315.0
2024-09-23,hy_oas,315.0
2024-09-24,hy_oas,321.0
2024-09-25,hy_oas,319.0
2024-09-26,hy_oas,314.0
2024-09-27,hy_oas,314.0
2024-09-30,hy_oas,303.0
2024-10-01,hy_oas,307.0
2024-10-02,hy_oas,306.0
2024-10-03,hy_oas,304.0
2024-10-04,hy_oas,289.0
2024-10-07,hy_oas,295.0
2024-10-08,hy_oas,299.0
2024-10-09,hy_oas,294.0
2024-10-10,hy_oas,299.0
2024-10-11,hy_oas,298.0
2024-10-14,hy_oas,297.0
2024-10-15,hy_oas,293.0
2024-10-16,hy_oas,290.0
2024-10-17,hy_oas,289.0
2024-10-18,hy_oas,288.0
2024-10-21,hy_oas,288.0
2024-10-22,hy_oas,292.0
2024-10-23,hy_oas,295.0
2024-10-24,hy_oas,293.0
2024-10-25,hy_oas,289.0
2024-10-28,hy_oas,282.0
2024-10-29,hy_oas,285.0
2024-10-30,hy_oas,280.0
2024-10-31,hy_oas,288.0
2024-11-01,hy_oas,283.0
2024-11-04,hy_oas,287.0
2024-11-05,hy_oas,286.0
2024-11-06,hy_oas,274.0
2024-11-07,hy_oas,273.0
2024-11-08,hy_oas,263.0
2024-11-11,hy_oas,263.0
2024-11-12,hy_oas,261.0
2024-11-13,hy_oas,264.0
2024-11-14,hy_oas,260.0
2024-11-15,hy_oas,272.0
2024-11-18,hy_oas,272.0
2024-11-19,hy_oas,269.0
2024-11-20,hy_oas,267.0
2024-11-21,hy_oas,261.0
2024-11-22,hy_oas,261.0
2024-11-25,hy_oas,264.0
2024-11-26,hy_oas,268.0
2024-11-27,hy_oas,269.0
2024-11-28,hy_oas,269.0
2024-11-29,hy_oas,272.0
2024-11-30,hy_oas,274.0
2024-12-02,hy_oas,268.0
2024-12-03,hy_oas,266.0
2024-12-04,hy_oas,266.0
2024-12-05,hy_oas,266.0
2024-12-06,hy_oas,267.0
2024-12-09,hy_oas,267.0
2024-12-10,hy_oas,267.0
2024-12-11,hy_oas,264.0
2024-12-12,hy_oas,266.0
2024-12-13,hy_oas,268.0
2024-12-16,hy_oas,269.0
2024-12-17,hy_oas,275.0
2024-12-18,hy_oas,273.0
2024-12-19,hy_oas,291.0
2024-12-20,hy_oas,286.0
2024-12-23,hy_oas,285.0
2024-12-24,hy_oas,286.0
2024-12-26,hy_oas,286.0
2024-12-27,hy_oas,284.0
2024-12-30,hy_oas,294.0
2024-12-31,hy_oas,292.0
2025-01-02,hy_oas,288.0
2025-01-03,hy_oas,281.0
2025-01-06,hy_oas,276.0
2025-01-07,hy_oas,279.0
2025-01-08,hy_oas,284.0
2025-01-09,hy_oas,282.0
2025-01-10,hy_oas,281.0
2025-01-13,hy_oas,285.0
2025-01-14,hy_oas,280.0
2025-01-15,hy_oas,272.0
2025-01-16,hy_oas,273.0
2025-01-17,hy_oas,264.0
2025-01-20,hy_oas,264.0
2025-01-21,hy_oas,261.0
2025-01-22,hy_oas,259.0
2025-01-23,hy_oas,261.0
2025-01-24,hy_oas,260.0
2025-01-27,hy_oas,266.0
2025-01-28,hy_oas,266.0
2025-01-29,hy_oas,268.0
2025-01-30,hy_oas,267.0
2025-01-31,hy_oas,268.0
2025-02-03,hy_oas,273.0
2025-02-04,hy_oas,271.0
2025-02-05,hy_oas,269.0
2025-02-06,hy_oas,266.0
2025-02-07,hy_oas,267.0
2025-02-10,hy_oas,266.0
2025-02-11,hy_oas,266.0
2025-02-12,hy_oas,265.0
2025-02-13,hy_oas,265.0
2025-02-14,hy_oas,262.0
2025-02-17,hy_oas,262.0
2025-02-18,hy_oas,262.0
2025-02-19,hy_oas,268.0
2025-02-20,hy_oas,266.0
2025-02-21,hy_oas,278.0
2025-02-24,hy_oas,278.0
2025-02-25,hy_oas,284.0
2025-02-26,hy_oas,281.0
2025-02-27,hy_oas,281.0
2025-02-28,hy_oas,287.0
2025-03-03,hy_oas,294.0
2025-03-04,hy_oas,299.0
2025-03-05,hy_oas,288.0
2025-03-06,hy_oas,299.0
2025-03-07,hy_oas,297.0
2025-03-10,hy_oas,316.0
2025-03-11,hy_oas,322.0
2025-03-12,hy_oas,320.0
2025-03-13,hy_oas,340.0
2025-03-14,hy_oas,325.0
2025-03-17,hy_oas,318.0
2025-03-18,hy_oas,323.0
2025-03-19,hy_oas,319.0
2025-03-20,hy_oas,317.0
2025-03-21,hy_oas,321.0
2025-03-24,hy_oas,305.0
2025-03-25,hy_oas,309.0
2025-03-26,hy_oas,319.0
2025-03-27,hy_oas,327.0
2025-03-28,hy_oas,347.0
2025-03-31,hy_oas,355.0
2025-04-01,hy_oas,350.0
2025-04-02,hy_oas,342.0
2025-04-03,hy_oas,401.0
2025-04-04,hy_oas,445.0
2025-04-07,hy_oas,461.0
2025-04-08,hy_oas,457.0
2025-04-09,hy_oas,437.0
2025-04-10,hy_oas,442.0
2025-04-11,hy_oas,426.0
2025-04-14,hy_oas,414.0
2025-04-15,hy_oas,409.0
2025-04-16,hy_oas,416.0
2025-04-17,hy_oas,402.0
2025-04-21,hy_oas,416.0
2025-04-22,hy_oas,399.0
2025-04-23,hy_oas,375.0
2025-04-24,hy_oas,373.0
2025-04-25,hy_oas,367.0
2025-04-28,hy_oas,373.0
2025-04-29,hy_oas,374.0
2025-04-30,hy_oas,394.0
2025-05-01,hy_oas,378.0
2025-05-02,hy_oas,360.0
2025-05-05,hy_oas,360.0
2025-05-06,hy_oas,366.0
2025-05-07,hy_oas,367.0
2025-05-08,hy_oas,351.0
2025-05-09,hy_oas,353.0
2025-05-12,hy_oas,315.0
2025-05-13,hy_oas,309.0
2025-05-14,hy_oas,310.0
2025-05-15,hy_oas,320.0
2025-05-16,hy_oas,316.0
2025-05-19,hy_oas,321.0
2025-05-20,hy_oas,320.0
2025-05-21,hy_oas,325.0
2025-05-22,hy_oas,332.0
2025-05-23,hy_oas,340.0
2025-05-26,hy_oas,340.0
2025-05-27,hy_oas,324.0
2025-05-28,hy_oas,323.0
2025-05-29,hy_oas,322.0
2025-05-30,hy_oas,331.0
2025-05-31,hy_oas,332.0
2025-06-02,hy_oas,327.0
2025-06-03,hy_oas,319.0
2025-06-04,hy_oas,323.0
2025-06-05,hy_oas,318.0
2025-06-06,hy_oas,309.0
2025-06-09,hy_oas,312.0
2025-06-10,hy_oas,312.0
2025-06-11,hy_oas,312.0
2025-06-12,hy_oas,317.0
2025-06-13,hy_oas,318.0
2025-06-16,hy_oas,310.0
2025-06-17,hy_oas,317.0
2025-06-18,hy_oas,316.0
2025-06-19,hy_oas,316.0
2025-06-20,hy_oas,313.0
2025-06-23,hy_oas,312.0
2025-06-24,hy_oas,306.0
2025-06-25,hy_oas,304.0
2025-06-26,hy_oas,304.0
2025-06-27,hy_oas,302.0
2025-06-30,hy_oas,296.0
2025-07-01,hy_oas,291.0
2025-07-02,hy_oas,288.0
2025-07-03,hy_oas,280.0
2025-07-04,hy_oas,280.0
2025-07-07,hy_oas,286.0
2025-07-08,hy_oas,292.0
2025-07-09,hy_oas,294.0
2025-07-10,hy_oas,292.0
2025-07-11,hy_oas,297.0
2025-07-14,hy_oas,295.0
2025-07-15,hy_oas,295.0
2025-07-16,hy_oas,300.0
2025-07-17,hy_oas,291.0
2025-07-18,hy_oas,293.0
2025-07-21,hy_oas,289.0
2025-07-22,hy_oas,290.0
2025-07-23,hy_oas,283.0
2025-07-24,hy_oas,282.0
2025-07-25,hy_oas,284.0
2025-07-28,hy_oas,282.0
2025-07-29,hy_oas,286.0
2025-07-30,hy_oas,289.0
2025-07-31,hy_oas,286.0
2025-08-01,hy_oas,313.0
2025-08-04,hy_oas,302.0
2025-08-05,hy_oas,298.0
2025-08-06,hy_oas,298.0
2025-08-07,hy_oas,295.0
2025-08-08,hy_oas,294.0
2025-08-11,hy_oas,294.0
2025-08-12,hy_oas,293.0
2025-08-13,hy_oas,290.0
2025-08-14,hy_oas,289.0
2025-08-15,hy_oas,288.0
2025-08-18,hy_oas,288.0
2025-08-19,hy_oas,290.0
2025-08-20,hy_oas,294.0
2025-08-21,hy_oas,295.0
2025-08-22,hy_oas,288.0
2025-08-25,hy_oas,280.0
2025-08-26,hy_oas,278.0
2025-08-27,hy_oas,278.0
2025-08-28,hy_oas,275.0
2025-08-29,hy_oas,282.0
2025-08-31,hy_oas,284.0
2025-09-01,hy_oas,284.0
2025-09-02,hy_oas,292.0
2025-09-03,hy_oas,288.0
2025-09-04,hy_oas,284.0
2025-09-05,hy_oas,283.0
2025-09-08,hy_oas,284.0
2025-09-09,hy_oas,287.0
2025-09-10,hy_oas,284.0
2025-09-11,hy_oas,278.0
2025-09-12,hy_oas,279.0
2025-09-15,hy_oas,275.0
2025-09-16,hy_oas,279.0
2025-09-17,hy_oas,279.0
2025-09-18,hy_oas,271.0
2025-09-19,hy_oas,272.0
2025-09-22,hy_oas,269.0
2025-09-23,hy_oas,271.0
2025-09-24,hy_oas,270.0
2025-09-25,hy_oas,276.0
2025-09-26,hy_oas,275.0
2025-09-29,hy_oas,274.0
2025-09-30,hy_oas,280.0
2025-10-01,hy_oas,281.0
2025-10-02,hy_oas,281.0
2025-10-03,hy_oas,280.0
2025-10-06,hy_oas,276.0
2025-10-07,hy_oas,282.0
2025-10-08,hy_oas,284.0
2025-10-09,hy_oas,295.0
2025-10-10,hy_oas,318.0
2025-10-13,hy_oas,318.0
2025-10-14,hy_oas,311.0
2025-10-15,hy_oas,295.0
2025-10-16,hy_oas,304.0
2025-10-17,hy_oas,304.0
2025-10-20,hy_oas,299.0
2025-10-21,hy_oas,297.0
2025-10-22,hy_oas,301.0
2025-10-23,hy_oas,296.0
2025-10-24,hy_oas,288.0
2025-10-27,hy_oas,280.0
2025-10-28,hy_oas,282.0
2025-10-29,hy_oas,276.0
2025-10-30,hy_oas,285.0
2025-10-31,hy_oas,294.0
2025-11-03,hy_oas,304.0
2025-11-04,hy_oas,313.0
2025-11-05,hy_oas,305.0
2025-11-06,hy_oas,313.0
2025-11-07,hy_oas,315.0
2025-11-10,hy_oas,302.0
2025-11-11,hy_oas,302.0
2025-11-12,hy_oas,302.0
2025-11-13,hy_oas,309.0
2025-11-14,hy_oas,307.0
2025-11-17,hy_oas,313.0
2025-11-18,hy_oas,320.0
2025-11-19,hy_oas,317.0
2025-11-20,hy_oas,317.0
2025-11-21,hy_oas,319.0
2025-11-24,hy_oas,315.0
2025-11-25,hy_oas,310.0
2025-11-26,hy_oas,300.0
2025-11-27,hy_oas,300.0
2025-11-28,hy_oas,295.0
2025-11-30,hy_oas,292.0
2025-12-01,hy_oas,294.0
2025-12-02,hy_oas,292.0
2025-12-03,hy_oas,289.0
2025-12-04,hy_oas,288.0
2025-12-05,hy_oas,285.0
2025-12-08,hy_oas,289.0
2025-12-09,hy_oas,289.0
2025-12-10,hy_oas,291.0
2025-12-11,hy_oas,288.0
2025-12-12,hy_oas,291.0
2025-12-15,hy_oas,291.0
2025-12-16,hy_oas,298.0
2025-12-17,hy_oas,299.0
2025-12-18,hy_oas,295.0
2025-12-19,hy_oas,290.0
2025-12-22,hy_oas,288.0
2025-12-23,hy_oas,283.0
2025-12-24,hy_oas,284.0
2025-12-26,hy_oas,286.0
2025-12-29,hy_oas,287.0
2025-12-30,hy_oas,284.0
2025-12-31,hy_oas,281.0
2026-01-02,hy_oas,283.0
2026-01-05,hy_oas,281.0
2026-01-06,hy_oas,279.0
2026-01-07,hy_oas,279.0
2026-01-08,hy_oas,276.0
2026-01-09,hy_oas,274.0
2026-01-12,hy_oas,274.0
2026-01-13,hy_oas,275.0
2026-01-14,hy_oas,276.0
2026-01-15,hy_oas,271.0
2026-01-16,hy_oas,265.0
2026-01-19,hy_oas,265.0
2026-01-20,hy_oas,273.0
2026-01-21,hy_oas,269.0
2026-01-22,hy_oas,264.0
2026-01-23,hy_oas,268.0
2026-01-26,hy_oas,269.0
2026-01-27,hy_oas,271.0
2026-01-28,hy_oas,272.0
2026-01-29,hy_oas,277.0
2026-01-30,hy_oas,280.0
2026-01-31,hy_oas,288.0
2026-02-02,hy_oas,281.0
2026-02-03,hy_oas,285.0
2026-02-04,hy_oas,286.0
2026-02-05,hy_oas,297.0
2026-02-06,hy_oas,287.0
2026-02-09,hy_oas,284.0
2026-02-10,hy_oas,286.0
2026-02-11,hy_oas,284.0
2026-02-12,hy_oas,292.0
2026-02-13,hy_oas,295.0
2026-02-16,hy_oas,294.0
2026-02-17,hy_oas,294.0
2026-02-18,hy_oas,286.0
2026-02-19,hy_oas,288.0
2026-02-20,hy_oas,286.0
2026-02-23,hy_oas,295.0
2026-02-24,hy_oas,297.0
2026-02-25,hy_oas,294.0
2026-02-26,hy_oas,298.0
2026-02-27,hy_oas,310.0
2026-02-28,hy_oas,312.0
2026-03-02,hy_oas,303.0
2026-03-03,hy_oas,308.0
2026-03-04,hy_oas,297.0
2026-03-05,hy_oas,300.0
2026-03-06,hy_oas,313.0
2026-03-09,hy_oas,319.0
2026-03-10,hy_oas,306.0
2026-03-11,hy_oas,309.0
2026-03-12,hy_oas,317.0
2026-03-13,hy_oas,328.0
2026-03-16,hy_oas,327.0
2026-03-17,hy_oas,322.0
2026-03-18,hy_oas,320.0
2026-03-19,hy_oas,327.0
2026-03-20,hy_oas,324.0
2026-03-23,hy_oas,319.0
2026-03-24,hy_oas,319.0
2026-03-25,hy_oas,317.0
2026-03-26,hy_oas,321.0
2026-03-27,hy_oas,342.0
2026-03-30,hy_oas,346.0
2026-03-31,hy_oas,328.0
2026-04-01,hy_oas,316.0
2026-04-02,hy_oas,317.0
2026-04-03,hy_oas,313.0
2026-04-06,hy_oas,305.0
2026-04-07,hy_oas,312.0
2026-04-08,hy_oas,294.0
2026-04-09,hy_oas,290.0
2026-04-10,hy_oas,294.0
2026-04-13,hy_oas,295.0
2026-04-14,hy_oas,284.0
2026-04-15,hy_oas,285.0
2026-04-16,hy_oas,286.0
2026-04-17,hy_oas,283.0
2026-04-20,hy_oas,287.0
2026-04-21,hy_oas,285.0
2026-04-22,hy_oas,284.0
2026-04-23,hy_oas,286.0
2026-04-24,hy_oas,286.0
2026-04-27,hy_oas,284.0
2026-04-28,hy_oas,285.0
2026-04-29,hy_oas,282.0
2026-04-30,hy_oas,283.0
2026-05-01,hy_oas,277.0
2026-05-04,hy_oas,278.0
2026-05-05,hy_oas,277.0
2026-05-06,hy_oas,275.0
2026-05-07,hy_oas,279.0
2026-05-08,hy_oas,281.0
2026-05-11,hy_oas,279.0
2026-05-12,hy_oas,282.0
2026-05-13,hy_oas,282.0
2026-05-14,hy_oas,276.0
2026-05-15,hy_oas,280.0
2026-05-18,hy_oas,283.0
2026-05-19,hy_oas,286.0
2026-05-20,hy_oas,280.0
2026-05-21,hy_oas,278.0
2026-05-22,hy_oas,274.0
2026-05-25,hy_oas,274.0
2026-05-26,hy_oas,272.0
2026-05-27,hy_oas,271.0
2026-05-28,hy_oas,272.0
2026-05-29,hy_oas,272.0
2026-05-31,hy_oas,274.0
2026-06-01,hy_oas,272.0
2026-06-02,hy_oas,271.0
2026-06-03,hy_oas,275.0
2026-06-04,hy_oas,274.0
2026-06-05,hy_oas,276.0
2026-06-08,hy_oas,275.0
2026-06-09,hy_oas,278.0
2026-06-10,hy_oas,280.0
2026-06-11,hy_oas,278.0
2026-06-12,hy_oas,271.0
2026-06-15,hy_oas,266.0
2026-06-16,hy_oas,271.0
2026-06-17,hy_oas,263.0
2026-06-18,hy_oas,266.0
2026-06-19,hy_oas,266.0
2026-06-22,hy_oas,265.0
2026-06-23,hy_oas,271.0
2026-06-24,hy_oas,276.0
2026-06-25,hy_oas,278.0
2026-06-26,hy_oas,283.0
2026-06-29,hy_oas,280.0
2026-06-30,hy_oas,275.0
2026-07-01,hy_oas,274.0
2026-07-02,hy_oas,275.0
2026-07-03,hy_oas,274.0
2026-07-06,hy_oas,272.0
2026-07-07,hy_oas,267.0
2026-07-08,hy_oas,270.0
2026-07-09,hy_oas,270.0
2026-07-10,hy_oas,269.0
2026-07-13,hy_oas,269.0
2026-07-14,hy_oas,272.0
2026-07-15,hy_oas,271.0
2026-07-16,hy_oas,271.0
2026-07-17,hy_oas,273.0
2026-07-20,hy_oas,269.0
2026-07-21,hy_oas,269.0
2026-07-22,hy_oas,268.0
2026-07-23,hy_oas,277.0
2026-07-24,hy_oas,279.0
2026-07-27,hy_oas,281.0
2026-07-28,hy_oas,284.0
2026-07-29,hy_oas,287.0
2026-07-30,hy_oas,284.0
2026-07-31,hy_oas,285.0
2026-08-03,hy_oas,278.0
2026-08-04,hy_oas,273.0
2026-08-05,hy_oas,275.0
2026-08-06,hy_oas,271.0
2026-08-07,hy_oas,270.0
2026-08-10,hy_oas,270.0
2026-08-11,hy_oas,272.0
2026-08-12,hy_oas,271.0
2026-08-13,hy_oas,271.0
2026-08-14,hy_oas,267.0
2026-08-17,hy_oas,270.0
2026-08-18,hy_oas,275.0
2026-08-19,hy_oas,273.0
2026-08-20,hy_oas,275.0
2026-08-21,hy_oas,270.0
2026-08-24,hy_oas,269.0
2026-08-25,hy_oas,270.0
2026-08-26,hy_oas,267.0
2024-05-23,ig_oas,89.0
2024-05-24,ig_oas,89.0
2024-05-27,ig_oas,89.0
2024-05-28,ig_oas,88.0
2024-05-29,ig_oas,88.0
2024-05-30,ig_oas,88.0
2024-05-31,ig_oas,88.0
2024-06-03,ig_oas,88.0
2024-06-04,ig_oas,90.0
2024-06-05,ig_oas,91.0
2024-06-06,ig_oas,92.0
2024-06-07,ig_oas,90.0
2024-06-10,ig_oas,90.0
2024-06-11,ig_oas,91.0
2024-06-12,ig_oas,90.0
2024-06-13,ig_oas,92.0
2024-06-14,ig_oas,95.0
2024-06-17,ig_oas,95.0
2024-06-18,ig_oas,96.0
2024-06-19,ig_oas,96.0
2024-06-20,ig_oas,96.0
2024-06-21,ig_oas,96.0
2024-06-24,ig_oas,96.0
2024-06-25,ig_oas,96.0
2024-06-26,ig_oas,97.0
2024-06-27,ig_oas,96.0
2024-06-28,ig_oas,96.0
2024-06-30,ig_oas,96.0
2024-07-01,ig_oas,94.0
2024-07-02,ig_oas,93.0
2024-07-03,ig_oas,93.0
2024-07-04,ig_oas,93.0
2024-07-05,ig_oas,92.0
2024-07-08,ig_oas,92.0
2024-07-09,ig_oas,92.0
2024-07-10,ig_oas,92.0
2024-07-11,ig_oas,93.0
2024-07-12,ig_oas,92.0
2024-07-15,ig_oas,92.0
2024-07-16,ig_oas,92.0
2024-07-17,ig_oas,93.0
2024-07-18,ig_oas,93.0
2024-07-19,ig_oas,93.0
2024-07-22,ig_oas,93.0
2024-07-23,ig_oas,93.0
2024-07-24,ig_oas,96.0
2024-07-25,ig_oas,95.0
2024-07-26,ig_oas,95.0
2024-07-29,ig_oas,95.0
2024-07-30,ig_oas,96.0
2024-07-31,ig_oas,97.0
2024-08-01,ig_oas,100.0
2024-08-02,ig_oas,106.0
2024-08-05,ig_oas,112.0
2024-08-06,ig_oas,108.0
2024-08-07,ig_oas,107.0
2024-08-08,ig_oas,105.0
2024-08-09,ig_oas,105.0
2024-08-12,ig_oas,105.0
2024-08-13,ig_oas,104.0
2024-08-14,ig_oas,102.0
2024-08-15,ig_oas,98.0
2024-08-16,ig_oas,98.0
2024-08-19,ig_oas,97.0
2024-08-20,ig_oas,98.0
2024-08-21,ig_oas,98.0
2024-08-22,ig_oas,97.0
2024-08-23,ig_oas,96.0
2024-08-26,ig_oas,96.0
2024-08-27,ig_oas,96.0
2024-08-28,ig_oas,96.0
2024-08-29,ig_oas,96.0
2024-08-30,ig_oas,95.0
2024-08-31,ig_oas,96.0
2024-09-02,ig_oas,96.0
2024-09-03,ig_oas,98.0
2024-09-04,ig_oas,99.0
2024-09-05,ig_oas,99.0
2024-09-06,ig_oas,99.0
2024-09-09,ig_oas,99.0
2024-09-10,ig_oas,101.0
2024-09-11,ig_oas,101.0
2024-09-12,ig_oas,99.0
2024-09-13,ig_oas,99.0
2024-09-16,ig_oas,98.0
2024-09-17,ig_oas,97.0
2024-09-18,ig_oas,95.0
2024-09-19,ig_oas,93.0
2024-09-20,ig_oas,93.0
2024-09-23,ig_oas,92.0
2024-09-24,ig_oas,92.0
2024-09-25,ig_oas,92.0
2024-09-26,ig_oas,92.0
2024-09-27,ig_oas,92.0
2024-09-30,ig_oas,92.0
2024-10-01,ig_oas,92.0
2024-10-02,ig_oas,91.0
2024-10-03,ig_oas,90.0
2024-10-04,ig_oas,87.0
2024-10-07,ig_oas,86.0
2024-10-08,ig_oas,87.0
2024-10-09,ig_oas,85.0
2024-10-10,ig_oas,84.0
2024-10-11,ig_oas,84.0
2024-10-14,ig_oas,84.0
2024-10-15,ig_oas,83.0
2024-10-16,ig_oas,83.0
2024-10-17,ig_oas,83.0
2024-10-18,ig_oas,83.0
2024-10-21,ig_oas,85.0
2024-10-22,ig_oas,85.0
2024-10-23,ig_oas,86.0
2024-10-24,ig_oas,86.0
2024-10-25,ig_oas,85.0
2024-10-28,ig_oas,84.0
2024-10-29,ig_oas,84.0
2024-10-30,ig_oas,84.0
2024-10-31,ig_oas,86.0
2024-11-01,ig_oas,86.0
2024-11-04,ig_oas,86.0
2024-11-05,ig_oas,84.0
2024-11-06,ig_oas,80.0
2024-11-07,ig_oas,78.0
2024-11-08,ig_oas,77.0
2024-11-11,ig_oas,77.0
2024-11-12,ig_oas,77.0
2024-11-13,ig_oas,78.0
2024-11-14,ig_oas,80.0
2024-11-15,ig_oas,80.0
2024-11-18,ig_oas,80.0
2024-11-19,ig_oas,80.0
2024-11-20,ig_oas,81.0
2024-11-21,ig_oas,81.0
2024-11-22,ig_oas,80.0
2024-11-25,ig_oas,80.0
2024-11-26,ig_oas,81.0
2024-11-27,ig_oas,82.0
2024-11-28,ig_oas,82.0
2024-11-29,ig_oas,82.0
2024-11-30,ig_oas,83.0
2024-12-02,ig_oas,81.0
2024-12-03,ig_oas,80.0
2024-12-04,ig_oas,80.0
2024-12-05,ig_oas,81.0
2024-12-06,ig_oas,81.0
2024-12-09,ig_oas,81.0
2024-12-10,ig_oas,80.0
2024-12-11,ig_oas,78.0
2024-12-12,ig_oas,79.0
2024-12-13,ig_oas,78.0
2024-12-16,ig_oas,78.0
2024-12-17,ig_oas,79.0
2024-12-18,ig_oas,79.0
2024-12-19,ig_oas,82.0
2024-12-20,ig_oas,82.0
2024-12-23,ig_oas,82.0
2024-12-26,ig_oas,81.0
2024-12-27,ig_oas,81.0
2024-12-30,ig_oas,82.0
2024-12-31,ig_oas,82.0
2025-01-02,ig_oas,83.0
2025-01-03,ig_oas,83.0
2025-01-06,ig_oas,84.0
2025-01-07,ig_oas,84.0
2025-01-08,ig_oas,83.0
2025-01-09,ig_oas,83.0
2025-01-10,ig_oas,83.0
2025-01-13,ig_oas,84.0
2025-01-14,ig_oas,84.0
2025-01-15,ig_oas,83.0
2025-01-16,ig_oas,83.0
2025-01-17,ig_oas,82.0
2025-01-20,ig_oas,82.0
2025-01-21,ig_oas,82.0
2025-01-22,ig_oas,81.0
2025-01-23,ig_oas,80.0
2025-01-24,ig_oas,80.0
2025-01-27,ig_oas,81.0
2025-01-28,ig_oas,81.0
2025-01-29,ig_oas,81.0
2025-01-30,ig_oas,81.0
2025-01-31,ig_oas,82.0
2025-02-03,ig_oas,83.0
2025-02-04,ig_oas,82.0
2025-02-05,ig_oas,83.0
2025-02-06,ig_oas,84.0
2025-02-07,ig_oas,84.0
2025-02-10,ig_oas,84.0
2025-02-11,ig_oas,83.0
2025-02-12,ig_oas,81.0
2025-02-13,ig_oas,81.0
2025-02-14,ig_oas,80.0
2025-02-17,ig_oas,80.0
2025-02-18,ig_oas,79.0
2025-02-19,ig_oas,79.0
2025-02-20,ig_oas,80.0
2025-02-21,ig_oas,81.0
2025-02-24,ig_oas,81.0
2025-02-25,ig_oas,84.0
2025-02-26,ig_oas,84.0
2025-02-27,ig_oas,85.0
2025-02-28,ig_oas,88.0
2025-03-03,ig_oas,89.0
2025-03-04,ig_oas,89.0
2025-03-05,ig_oas,87.0
2025-03-06,ig_oas,88.0
2025-03-07,ig_oas,89.0
2025-03-10,ig_oas,91.0
2025-03-11,ig_oas,94.0
2025-03-12,ig_oas,96.0
2025-03-13,ig_oas,97.0
2025-03-14,ig_oas,94.0
2025-03-17,ig_oas,93.0
2025-03-18,ig_oas,93.0
2025-03-19,ig_oas,91.0
2025-03-20,ig_oas,91.0
2025-03-21,ig_oas,92.0
2025-03-24,ig_oas,90.0
2025-03-25,ig_oas,90.0
2025-03-26,ig_oas,91.0
2025-03-27,ig_oas,91.0
2025-03-28,ig_oas,94.0
2025-03-31,ig_oas,97.0
2025-04-01,ig_oas,98.0
2025-04-02,ig_oas,96.0
2025-04-03,ig_oas,106.0
2025-04-04,ig_oas,114.0
2025-04-07,ig_oas,120.0
2025-04-08,ig_oas,118.0
2025-04-09,ig_oas,121.0
2025-04-10,ig_oas,118.0
2025-04-11,ig_oas,118.0
2025-04-14,ig_oas,115.0
2025-04-15,ig_oas,114.0
2025-04-16,ig_oas,113.0
2025-04-17,ig_oas,111.0
2025-04-21,ig_oas,112.0
2025-04-22,ig_oas,111.0
2025-04-23,ig_oas,108.0
2025-04-24,ig_oas,106.0
2025-04-25,ig_oas,104.0
2025-04-28,ig_oas,104.0
2025-04-29,ig_oas,106.0
2025-04-30,ig_oas,109.0
2025-05-01,ig_oas,109.0
2025-05-02,ig_oas,106.0
2025-05-05,ig_oas,105.0
2025-05-06,ig_oas,105.0
2025-05-07,ig_oas,105.0
2025-05-08,ig_oas,102.0
2025-05-09,ig_oas,102.0
2025-05-12,ig_oas,97.0
2025-05-13,ig_oas,94.0
2025-05-14,ig_oas,93.0
2025-05-15,ig_oas,94.0
2025-05-16,ig_oas,93.0
2025-05-19,ig_oas,92.0
2025-05-20,ig_oas,90.0
2025-05-21,ig_oas,91.0
2025-05-22,ig_oas,92.0
2025-05-23,ig_oas,93.0
2025-05-26,ig_oas,93.0
2025-05-27,ig_oas,91.0
2025-05-28,ig_oas,90.0
2025-05-29,ig_oas,90.0
2025-05-30,ig_oas,91.0
2025-05-31,ig_oas,92.0
2025-06-02,ig_oas,91.0
2025-06-03,ig_oas,89.0
2025-06-04,ig_oas,89.0
2025-06-05,ig_oas,89.0
2025-06-06,ig_oas,87.0
2025-06-09,ig_oas,87.0
2025-06-10,ig_oas,87.0
2025-06-11,ig_oas,87.0
2025-06-12,ig_oas,88.0
2025-06-13,ig_oas,88.0
2025-06-16,ig_oas,87.0
2025-06-17,ig_oas,88.0
2025-06-18,ig_oas,88.0
2025-06-19,ig_oas,88.0
2025-06-20,ig_oas,88.0
2025-06-23,ig_oas,89.0
2025-06-24,ig_oas,88.0
2025-06-25,ig_oas,88.0
2025-06-26,ig_oas,89.0
2025-06-27,ig_oas,88.0
2025-06-30,ig_oas,86.0
2025-07-01,ig_oas,84.0
2025-07-02,ig_oas,83.0
2025-07-03,ig_oas,80.0
2025-07-04,ig_oas,80.0
2025-07-07,ig_oas,81.0
2025-07-08,ig_oas,82.0
2025-07-09,ig_oas,83.0
2025-07-10,ig_oas,83.0
2025-07-11,ig_oas,83.0
2025-07-14,ig_oas,82.0
2025-07-15,ig_oas,81.0
2025-07-16,ig_oas,81.0
2025-07-17,ig_oas,80.0
2025-07-18,ig_oas,80.0
2025-07-21,ig_oas,80.0
2025-07-22,ig_oas,81.0
2025-07-23,ig_oas,79.0
2025-07-24,ig_oas,79.0
2025-07-25,ig_oas,78.0
2025-07-28,ig_oas,78.0
2025-07-29,ig_oas,79.0
2025-07-30,ig_oas,78.0
2025-07-31,ig_oas,79.0
2025-08-01,ig_oas,82.0
2025-08-04,ig_oas,82.0
2025-08-05,ig_oas,82.0
2025-08-06,ig_oas,81.0
2025-08-07,ig_oas,80.0
2025-08-08,ig_oas,80.0
2025-08-11,ig_oas,80.0
2025-08-12,ig_oas,79.0
2025-08-13,ig_oas,78.0
2025-08-14,ig_oas,77.0
2025-08-15,ig_oas,75.0
2025-08-18,ig_oas,75.0
2025-08-19,ig_oas,76.0
2025-08-20,ig_oas,77.0
2025-08-21,ig_oas,77.0
2025-08-22,ig_oas,77.0
2025-08-25,ig_oas,76.0
2025-08-26,ig_oas,78.0
2025-08-27,ig_oas,78.0
2025-08-28,ig_oas,79.0
2025-08-29,ig_oas,80.0
2025-08-31,ig_oas,81.0
2025-09-01,ig_oas,81.0
2025-09-02,ig_oas,82.0
2025-09-03,ig_oas,81.0
2025-09-04,ig_oas,79.0
2025-09-05,ig_oas,79.0
2025-09-08,ig_oas,80.0
2025-09-09,ig_oas,80.0
2025-09-10,ig_oas,79.0
2025-09-11,ig_oas,78.0
2025-09-12,ig_oas,77.0
2025-09-15,ig_oas,75.0
2025-09-16,ig_oas,76.0
2025-09-17,ig_oas,76.0
2025-09-18,ig_oas,75.0
2025-09-19,ig_oas,74.0
2025-09-22,ig_oas,74.0
2025-09-23,ig_oas,75.0
2025-09-24,ig_oas,75.0
2025-09-25,ig_oas,76.0
2025-09-26,ig_oas,75.0
2025-09-29,ig_oas,75.0
2025-09-30,ig_oas,76.0
2025-10-01,ig_oas,76.0
2025-10-02,ig_oas,75.0
2025-10-03,ig_oas,75.0
2025-10-06,ig_oas,74.0
2025-10-07,ig_oas,75.0
2025-10-08,ig_oas,75.0
2025-10-09,ig_oas,77.0
2025-10-10,ig_oas,81.0
2025-10-13,ig_oas,81.0
2025-10-14,ig_oas,81.0
2025-10-15,ig_oas,78.0
2025-10-16,ig_oas,80.0
2025-10-17,ig_oas,80.0
2025-10-20,ig_oas,79.0
2025-10-21,ig_oas,79.0
2025-10-22,ig_oas,80.0
2025-10-23,ig_oas,78.0
2025-10-24,ig_oas,77.0
2025-10-27,ig_oas,76.0
2025-10-28,ig_oas,76.0
2025-10-29,ig_oas,75.0
2025-10-30,ig_oas,77.0
2025-10-31,ig_oas,80.0
2025-11-03,ig_oas,83.0
2025-11-04,ig_oas,83.0
2025-11-05,ig_oas,81.0
2025-11-06,ig_oas,82.0
2025-11-07,ig_oas,84.0
2025-11-10,ig_oas,82.0
2025-11-11,ig_oas,82.0
2025-11-12,ig_oas,83.0
2025-11-13,ig_oas,84.0
2025-11-14,ig_oas,83.0
2025-11-17,ig_oas,84.0
2025-11-18,ig_oas,85.0
2025-11-19,ig_oas,84.0
2025-11-20,ig_oas,85.0
2025-11-21,ig_oas,86.0
2025-11-24,ig_oas,85.0
2025-11-25,ig_oas,84.0
2025-11-26,ig_oas,82.0
2025-11-27,ig_oas,82.0
2025-11-28,ig_oas,82.0
2025-11-30,ig_oas,82.0
2025-12-01,ig_oas,82.0
2025-12-02,ig_oas,81.0
2025-12-03,ig_oas,81.0
2025-12-04,ig_oas,80.0
2025-12-05,ig_oas,79.0
2025-12-08,ig_oas,78.0
2025-12-09,ig_oas,79.0
2025-12-10,ig_oas,78.0
2025-12-11,ig_oas,78.0
2025-12-12,ig_oas,80.0
2025-12-15,ig_oas,80.0
2025-12-16,ig_oas,81.0
2025-12-17,ig_oas,81.0
2025-12-18,ig_oas,81.0
2025-12-19,ig_oas,80.0
2025-12-22,ig_oas,80.0
2025-12-23,ig_oas,79.0
2025-12-24,ig_oas,79.0
2025-12-26,ig_oas,79.0
2025-12-29,ig_oas,79.0
2025-12-30,ig_oas,79.0
2025-12-31,ig_oas,79.0
2026-01-02,ig_oas,79.0
2026-01-05,ig_oas,79.0
2026-01-06,ig_oas,79.0
2026-01-07,ig_oas,79.0
2026-01-08,ig_oas,79.0
2026-01-09,ig_oas,78.0
2026-01-12,ig_oas,78.0
2026-01-13,ig_oas,77.0
2026-01-14,ig_oas,77.0
2026-01-15,ig_oas,76.0
2026-01-16,ig_oas,75.0
2026-01-19,ig_oas,75.0
2026-01-20,ig_oas,75.0
2026-01-21,ig_oas,74.0
2026-01-22,ig_oas,73.0
2026-01-23,ig_oas,73.0
2026-01-26,ig_oas,74.0
2026-01-27,ig_oas,73.0
2026-01-28,ig_oas,73.0
2026-01-29,ig_oas,74.0
2026-01-30,ig_oas,74.0
2026-01-31,ig_oas,75.0
2026-02-02,ig_oas,74.0
2026-02-03,ig_oas,74.0
2026-02-04,ig_oas,75.0
2026-02-05,ig_oas,76.0
2026-02-06,ig_oas,76.0
2026-02-09,ig_oas,76.0
2026-02-10,ig_oas,77.0
2026-02-11,ig_oas,77.0
2026-02-12,ig_oas,78.0
2026-02-13,ig_oas,79.0
2026-02-16,ig_oas,79.0
2026-02-17,ig_oas,80.0
2026-02-18,ig_oas,78.0
2026-02-19,ig_oas,79.0
2026-02-20,ig_oas,78.0
2026-02-23,ig_oas,80.0
2026-02-24,ig_oas,81.0
2026-02-25,ig_oas,80.0
2026-02-26,ig_oas,82.0
2026-02-27,ig_oas,85.0
2026-02-28,ig_oas,86.0
2026-03-02,ig_oas,85.0
2026-03-03,ig_oas,84.0
2026-03-04,ig_oas,82.0
2026-03-05,ig_oas,82.0
2026-03-06,ig_oas,84.0
2026-03-09,ig_oas,85.0
2026-03-10,ig_oas,84.0
2026-03-11,ig_oas,88.0
2026-03-12,ig_oas,91.0
2026-03-13,ig_oas,93.0
2026-03-16,ig_oas,94.0
2026-03-17,ig_oas,92.0
2026-03-18,ig_oas,91.0
2026-03-19,ig_oas,90.0
2026-03-20,ig_oas,88.0
2026-03-23,ig_oas,88.0
2026-03-24,ig_oas,87.0
2026-03-25,ig_oas,87.0
2026-03-26,ig_oas,88.0
2026-03-27,ig_oas,91.0
2026-03-30,ig_oas,93.0
2026-03-31,ig_oas,90.0
2026-04-01,ig_oas,87.0
2026-04-02,ig_oas,86.0
2026-04-03,ig_oas,86.0
2026-04-06,ig_oas,85.0
2026-04-07,ig_oas,86.0
2026-04-08,ig_oas,83.0
2026-04-09,ig_oas,83.0
2026-04-10,ig_oas,82.0
2026-04-13,ig_oas,82.0
2026-04-14,ig_oas,81.0
2026-04-15,ig_oas,80.0
2026-04-16,ig_oas,81.0
2026-04-17,ig_oas,80.0
2026-04-20,ig_oas,81.0
2026-04-21,ig_oas,80.0
2026-04-22,ig_oas,79.0
2026-04-23,ig_oas,80.0
2026-04-24,ig_oas,80.0
2026-04-27,ig_oas,81.0
2026-04-28,ig_oas,81.0
2026-04-29,ig_oas,81.0
2026-04-30,ig_oas,81.0
2026-05-01,ig_oas,81.0
2026-05-04,ig_oas,80.0
2026-05-05,ig_oas,79.0
2026-05-06,ig_oas,78.0
2026-05-07,ig_oas,79.0
2026-05-08,ig_oas,79.0
2026-05-11,ig_oas,78.0
2026-05-12,ig_oas,77.0
2026-05-13,ig_oas,76.0
2026-05-14,ig_oas,76.0
2026-05-15,ig_oas,75.0
2026-05-18,ig_oas,75.0
2026-05-19,ig_oas,76.0
2026-05-20,ig_oas,75.0
2026-05-21,ig_oas,75.0
2026-05-22,ig_oas,74.0
2026-05-25,ig_oas,74.0
2026-05-26,ig_oas,74.0
2026-05-27,ig_oas,74.0
2026-05-28,ig_oas,73.0
2026-05-29,ig_oas,73.0
2026-05-31,ig_oas,74.0
2026-06-01,ig_oas,73.0
2026-06-02,ig_oas,74.0
2026-06-03,ig_oas,74.0
2026-06-04,ig_oas,74.0
2026-06-05,ig_oas,74.0
2026-06-08,ig_oas,75.0
2026-06-09,ig_oas,75.0
2026-06-10,ig_oas,75.0
2026-06-11,ig_oas,75.0
2026-06-12,ig_oas,74.0
2026-06-15,ig_oas,73.0
2026-06-16,ig_oas,75.0
2026-06-17,ig_oas,74.0
2026-06-18,ig_oas,74.0
2026-06-19,ig_oas,74.0
2026-06-22,ig_oas,74.0
2026-06-23,ig_oas,74.0
2026-06-24,ig_oas,75.0
2026-06-25,ig_oas,76.0
2026-06-26,ig_oas,77.0
2026-06-29,ig_oas,76.0
2026-06-30,ig_oas,76.0
2026-07-01,ig_oas,76.0
2026-07-02,ig_oas,75.0
2026-07-03,ig_oas,75.0
2026-07-06,ig_oas,75.0
2026-07-07,ig_oas,76.0
2026-07-08,ig_oas,76.0
2026-07-09,ig_oas,76.0
2026-07-10,ig_oas,77.0
2026-07-13,ig_oas,78.0
2026-07-14,ig_oas,79.0
2026-07-15,ig_oas,79.0
2026-07-16,ig_oas,78.0
2026-07-17,ig_oas,79.0
2026-07-20,ig_oas,78.0
2026-07-21,ig_oas,78.0
2026-07-22,ig_oas,78.0
2026-07-23,ig_oas,79.0
2026-07-24,ig_oas,80.0
2026-07-27,ig_oas,81.0
2026-07-28,ig_oas,81.0
2026-07-29,ig_oas,81.0
2026-07-30,ig_oas,80.0
2026-07-31,ig_oas,79.0
2026-08-03,ig_oas,78.0
2026-08-04,ig_oas,78.0
2026-08-05,ig_oas,78.0
2026-08-06,ig_oas,78.0
2026-08-07,ig_oas,78.0
2026-08-10,ig_oas,78.0
2026-08-11,ig_oas,79.0
2026-08-12,ig_oas,79.0
2026-08-13,ig_oas,79.0
2026-08-14,ig_oas,80.0
2026-08-17,ig_oas,81.0
2026-08-18,ig_oas,82.0
2026-08-19,ig_oas,81.0
2026-08-20,ig_oas,82.0
2026-08-21,ig_oas,81.0
2026-08-24,ig_oas,81.0
2026-08-25,ig_oas,81.0
2026-08-26,ig_oas,80.0
2024-05-23,iorb,5.4
2024-05-24,iorb,5.4
2024-05-25,iorb,5.4
2024-05-26,iorb,5.4
2024-05-27,iorb,5.4
2024-05-28,iorb,5.4
2024-05-29,iorb,5.4
2024-05-30,iorb,5.4
2024-05-31,iorb,5.4
2024-06-01,iorb,5.4
2024-06-02,iorb,5.4
2024-06-03,iorb,5.4
2024-06-04,iorb,5.4
2024-06-05,iorb,5.4
2024-06-06,iorb,5.4
2024-06-07,iorb,5.4
2024-06-08,iorb,5.4
2024-06-09,iorb,5.4
2024-06-10,iorb,5.4
2024-06-11,iorb,5.4
2024-06-12,iorb,5.4
2024-06-13,iorb,5.4
2024-06-14,iorb,5.4
2024-06-15,iorb,5.4
2024-06-16,iorb,5.4
2024-06-17,iorb,5.4
2024-06-18,iorb,5.4
2024-06-19,iorb,5.4
2024-06-20,iorb,5.4
2024-06-21,iorb,5.4
2024-06-22,iorb,5.4
2024-06-23,iorb,5.4
2024-06-24,iorb,5.4
2024-06-25,iorb,5.4
2024-06-26,iorb,5.4
2024-06-27,iorb,5.4
2024-06-28,iorb,5.4
2024-06-29,iorb,5.4
2024-06-30,iorb,5.4
2024-07-01,iorb,5.4
2024-07-02,iorb,5.4
2024-07-03,iorb,5.4
2024-07-04,iorb,5.4
2024-07-05,iorb,5.4
2024-07-06,iorb,5.4
2024-07-07,iorb,5.4
2024-07-08,iorb,5.4
2024-07-09,iorb,5.4
2024-07-10,iorb,5.4
2024-07-11,iorb,5.4
2024-07-12,iorb,5.4
2024-07-13,iorb,5.4
2024-07-14,iorb,5.4
2024-07-15,iorb,5.4
2024-07-16,iorb,5.4
2024-07-17,iorb,5.4
2024-07-18,iorb,5.4
2024-07-19,iorb,5.4
2024-07-20,iorb,5.4
2024-07-21,iorb,5.4
2024-07-22,iorb,5.4
2024-07-23,iorb,5.4
2024-07-24,iorb,5.4
2024-07-25,iorb,5.4
2024-07-26,iorb,5.4
2024-07-27,iorb,5.4
2024-07-28,iorb,5.4
2024-07-29,iorb,5.4
2024-07-30,iorb,5.4
2024-07-31,iorb,5.4
2024-08-01,iorb,5.4
2024-08-02,iorb,5.4
2024-08-03,iorb,5.4
2024-08-04,iorb,5.4
2024-08-05,iorb,5.4
2024-08-06,iorb,5.4
2024-08-07,iorb,5.4
2024-08-08,iorb,5.4
2024-08-09,iorb,5.4
2024-08-10,iorb,5.4
2024-08-11,iorb,5.4
2024-08-12,iorb,5.4
2024-08-13,iorb,5.4
2024-08-14,iorb,5.4
2024-08-15,iorb,5.4
2024-08-16,iorb,5.4
2024-08-17,iorb,5.4
2024-08-18,iorb,5.4
2024-08-19,iorb,5.4
2024-08-20,iorb,5.4
2024-08-21,iorb,5.4
2024-08-22,iorb,5.4
2024-08-23,iorb,5.4
2024-08-24,iorb,5.4
2024-08-25,iorb,5.4
2024-08-26,iorb,5.4
2024-08-27,iorb,5.4
2024-08-28,iorb,5.4
2024-08-29,iorb,5.4
2024-08-30,iorb,5.4
2024-08-31,iorb,5.4
2024-09-01,iorb,5.4
2024-09-02,iorb,5.4
2024-09-03,iorb,5.4
2024-09-04,iorb,5.4
2024-09-05,iorb,5.4
2024-09-06,iorb,5.4
2024-09-07,iorb,5.4
2024-09-08,iorb,5.4
2024-09-09,iorb,5.4
2024-09-10,iorb,5.4
2024-09-11,iorb,5.4
2024-09-12,iorb,5.4
2024-09-13,iorb,5.4
2024-09-14,iorb,5.4
2024-09-15,iorb,5.4
2024-09-16,iorb,5.4
2024-09-17,iorb,5.4
2024-09-18,iorb,5.4
2024-09-19,iorb,4.9
2024-09-20,iorb,4.9
2024-09-21,iorb,4.9
2024-09-22,iorb,4.9
2024-09-23,iorb,4.9
2024-09-24,iorb,4.9
2024-09-25,iorb,4.9
2024-09-26,iorb,4.9
2024-09-27,iorb,4.9
2024-09-28,iorb,4.9
2024-09-29,iorb,4.9
2024-09-30,iorb,4.9
2024-10-01,iorb,4.9
2024-10-02,iorb,4.9
2024-10-03,iorb,4.9
2024-10-04,iorb,4.9
2024-10-05,iorb,4.9
2024-10-06,iorb,4.9
2024-10-07,iorb,4.9
2024-10-08,iorb,4.9
2024-10-09,iorb,4.9
2024-10-10,iorb,4.9
2024-10-11,iorb,4.9
2024-10-12,iorb,4.9
2024-10-13,iorb,4.9
2024-10-14,iorb,4.9
2024-10-15,iorb,4.9
2024-10-16,iorb,4.9
2024-10-17,iorb,4.9
2024-10-18,iorb,4.9
2024-10-19,iorb,4.9
2024-10-20,iorb,4.9
2024-10-21,iorb,4.9
2024-10-22,iorb,4.9
2024-10-23,iorb,4.9
2024-10-24,iorb,4.9
2024-10-25,iorb,4.9
2024-10-26,iorb,4.9
2024-10-27,iorb,4.9
2024-10-28,iorb,4.9
2024-10-29,iorb,4.9
2024-10-30,iorb,4.9
2024-10-31,iorb,4.9
2024-11-01,iorb,4.9
2024-11-02,iorb,4.9
2024-11-03,iorb,4.9
2024-11-04,iorb,4.9
2024-11-05,iorb,4.9
2024-11-06,iorb,4.9
2024-11-07,iorb,4.9
2024-11-08,iorb,4.65
2024-11-09,iorb,4.65
2024-11-10,iorb,4.65
2024-11-11,iorb,4.65
2024-11-12,iorb,4.65
2024-11-13,iorb,4.65
2024-11-14,iorb,4.65
2024-11-15,iorb,4.65
2024-11-16,iorb,4.65
2024-11-17,iorb,4.65
2024-11-18,iorb,4.65
2024-11-19,iorb,4.65
2024-11-20,iorb,4.65
2024-11-21,iorb,4.65
2024-11-22,iorb,4.65
2024-11-23,iorb,4.65
2024-11-24,iorb,4.65
2024-11-25,iorb,4.65
2024-11-26,iorb,4.65
2024-11-27,iorb,4.65
2024-11-28,iorb,4.65
2024-11-29,iorb,4.65
2024-11-30,iorb,4.65
2024-12-01,iorb,4.65
2024-12-02,iorb,4.65
2024-12-03,iorb,4.65
2024-12-04,iorb,4.65
2024-12-05,iorb,4.65
2024-12-06,iorb,4.65
2024-12-07,iorb,4.65
2024-12-08,iorb,4.65
2024-12-09,iorb,4.65
2024-12-10,iorb,4.65
2024-12-11,iorb,4.65
2024-12-12,iorb,4.65
2024-12-13,iorb,4.65
2024-12-14,iorb,4.65
2024-12-15,iorb,4.65
2024-12-16,iorb,4.65
2024-12-17,iorb,4.65
2024-12-18,iorb,4.65
2024-12-19,iorb,4.4
2024-12-20,iorb,4.4
2024-12-21,iorb,4.4
2024-12-22,iorb,4.4
2024-12-23,iorb,4.4
2024-12-24,iorb,4.4
2024-12-25,iorb,4.4
2024-12-26,iorb,4.4
2024-12-27,iorb,4.4
2024-12-28,iorb,4.4
2024-12-29,iorb,4.4
2024-12-30,iorb,4.4
2024-12-31,iorb,4.4
2025-01-01,iorb,4.4
2025-01-02,iorb,4.4
2025-01-03,iorb,4.4
2025-01-04,iorb,4.4
2025-01-05,iorb,4.4
2025-01-06,iorb,4.4
2025-01-07,iorb,4.4
2025-01-08,iorb,4.4
2025-01-09,iorb,4.4
2025-01-10,iorb,4.4
2025-01-11,iorb,4.4
2025-01-12,iorb,4.4
2025-01-13,iorb,4.4
2025-01-14,iorb,4.4
2025-01-15,iorb,4.4
2025-01-16,iorb,4.4
2025-01-17,iorb,4.4
2025-01-18,iorb,4.4
2025-01-19,iorb,4.4
2025-01-20,iorb,4.4
2025-01-21,iorb,4.4
2025-01-22,iorb,4.4
2025-01-23,iorb,4.4
2025-01-24,iorb,4.4
2025-01-25,iorb,4.4
2025-01-26,iorb,4.4
2025-01-27,iorb,4.4
2025-01-28,iorb,4.4
2025-01-29,iorb,4.4
2025-01-30,iorb,4.4
2025-01-31,iorb,4.4
2025-02-01,iorb,4.4
2025-02-02,iorb,4.4
2025-02-03,iorb,4.4
2025-02-04,iorb,4.4
2025-02-05,iorb,4.4
2025-02-06,iorb,4.4
2025-02-07,iorb,4.4
2025-02-08,iorb,4.4
2025-02-09,iorb,4.4
2025-02-10,iorb,4.4
2025-02-11,iorb,4.4
2025-02-12,iorb,4.4
2025-02-13,iorb,4.4
2025-02-14,iorb,4.4
2025-02-15,iorb,4.4
2025-02-16,iorb,4.4
2025-02-17,iorb,4.4
2025-02-18,iorb,4.4
2025-02-19,iorb,4.4
2025-02-20,iorb,4.4
2025-02-21,iorb,4.4
2025-02-22,iorb,4.4
2025-02-23,iorb,4.4
2025-02-24,iorb,4.4
2025-02-25,iorb,4.4
2025-02-26,iorb,4.4
2025-02-27,iorb,4.4
2025-02-28,iorb,4.4
2025-03-01,iorb,4.4
2025-03-02,iorb,4.4
2025-03-03,iorb,4.4
2025-03-04,iorb,4.4
2025-03-05,iorb,4.4
2025-03-06,iorb,4.4
2025-03-07,iorb,4.4
2025-03-08,iorb,4.4
2025-03-09,iorb,4.4
2025-03-10,iorb,4.4
2025-03-11,iorb,4.4
2025-03-12,iorb,4.4
2025-03-13,iorb,4.4
2025-03-14,iorb,4.4
2025-03-15,iorb,4.4
2025-03-16,iorb,4.4
2025-03-17,iorb,4.4
2025-03-18,iorb,4.4
2025-03-19,iorb,4.4
2025-03-20,iorb,4.4
2025-03-21,iorb,4.4
2025-03-22,iorb,4.4
2025-03-23,iorb,4.4
2025-03-24,iorb,4.4
2025-03-25,iorb,4.4
2025-03-26,iorb,4.4
2025-03-27,iorb,4.4
2025-03-28,iorb,4.4
2025-03-29,iorb,4.4
2025-03-30,iorb,4.4
2025-03-31,iorb,4.4
2025-04-01,iorb,4.4
2025-04-02,iorb,4.4
2025-04-03,iorb,4.4
2025-04-04,iorb,4.4
2025-04-05,iorb,4.4
2025-04-06,iorb,4.4
2025-04-07,iorb,4.4
2025-04-08,iorb,4.4
2025-04-09,iorb,4.4
2025-04-10,iorb,4.4
2025-04-11,iorb,4.4
2025-04-12,iorb,4.4
2025-04-13,iorb,4.4
2025-04-14,iorb,4.4
2025-04-15,iorb,4.4
2025-04-16,iorb,4.4
2025-04-17,iorb,4.4
2025-04-18,iorb,4.4
2025-04-19,iorb,4.4
2025-04-20,iorb,4.4
2025-04-21,iorb,4.4
2025-04-22,iorb,4.4
2025-04-23,iorb,4.4
2025-04-24,iorb,4.4
2025-04-25,iorb,4.4
2025-04-26,iorb,4.4
2025-04-27,iorb,4.4
2025-04-28,iorb,4.4
2025-04-29,iorb,4.4
2025-04-30,iorb,4.4
2025-05-01,iorb,4.4
2025-05-02,iorb,4.4
2025-05-03,iorb,4.4
2025-05-04,iorb,4.4
2025-05-05,iorb,4.4
2025-05-06,iorb,4.4
2025-05-07,iorb,4.4
2025-05-08,iorb,4.4
2025-05-09,iorb,4.4
2025-05-10,iorb,4.4
2025-05-11,iorb,4.4
2025-05-12,iorb,4.4
2025-05-13,iorb,4.4
2025-05-14,iorb,4.4
2025-05-15,iorb,4.4
2025-05-16,iorb,4.4
2025-05-17,iorb,4.4
2025-05-18,iorb,4.4
2025-05-19,iorb,4.4
2025-05-20,iorb,4.4
2025-05-21,iorb,4.4
2025-05-22,iorb,4.4
2025-05-23,iorb,4.4
2025-05-24,iorb,4.4
2025-05-25,iorb,4.4
2025-05-26,iorb,4.4
2025-05-27,iorb,4.4
2025-05-28,iorb,4.4
2025-05-29,iorb,4.4
2025-05-30,iorb,4.4
2025-05-31,iorb,4.4
2025-06-01,iorb,4.4
2025-06-02,iorb,4.4
2025-06-03,iorb,4.4
2025-06-04,iorb,4.4
2025-06-05,iorb,4.4
2025-06-06,iorb,4.4
2025-06-07,iorb,4.4
2025-06-08,iorb,4.4
2025-06-09,iorb,4.4
2025-06-10,iorb,4.4
2025-06-11,iorb,4.4
2025-06-12,iorb,4.4
2025-06-13,iorb,4.4
2025-06-14,iorb,4.4
2025-06-15,iorb,4.4
2025-06-16,iorb,4.4
2025-06-17,iorb,4.4
2025-06-18,iorb,4.4
2025-06-19,iorb,4.4
2025-06-20,iorb,4.4
2025-06-21,iorb,4.4
2025-06-22,iorb,4.4
2025-06-23,iorb,4.4
2025-06-24,iorb,4.4
2025-06-25,iorb,4.4
2025-06-26,iorb,4.4
2025-06-27,iorb,4.4
2025-06-28,iorb,4.4
2025-06-29,iorb,4.4
2025-06-30,iorb,4.4
2025-07-01,iorb,4.4
2025-07-02,iorb,4.4
2025-07-03,iorb,4.4
2025-07-04,iorb,4.4
2025-07-05,iorb,4.4
2025-07-06,iorb,4.4
2025-07-07,iorb,4.4
2025-07-08,iorb,4.4
2025-07-09,iorb,4.4
2025-07-10,iorb,4.4
2025-07-11,iorb,4.4
2025-07-12,iorb,4.4
2025-07-13,iorb,4.4
2025-07-14,iorb,4.4
2025-07-15,iorb,4.4
2025-07-16,iorb,4.4
2025-07-17,iorb,4.4
2025-07-18,iorb,4.4
2025-07-19,iorb,4.4
2025-07-20,iorb,4.4
2025-07-21,iorb,4.4
2025-07-22,iorb,4.4
2025-07-23,iorb,4.4
2025-07-24,iorb,4.4
2025-07-25,iorb,4.4
2025-07-26,iorb,4.4
2025-07-27,iorb,4.4
2025-07-28,iorb,4.4
2025-07-29,iorb,4.4
2025-07-30,iorb,4.4
2025-07-31,iorb,4.4
2025-08-01,iorb,4.4
2025-08-02,iorb,4.4
2025-08-03,iorb,4.4
2025-08-04,iorb,4.4
2025-08-05,iorb,4.4
2025-08-06,iorb,4.4
2025-08-07,iorb,4.4
2025-08-08,iorb,4.4
2025-08-09,iorb,4.4
2025-08-10,iorb,4.4
2025-08-11,iorb,4.4
2025-08-12,iorb,4.4
2025-08-13,iorb,4.4
2025-08-14,iorb,4.4
2025-08-15,iorb,4.4
2025-08-16,iorb,4.4
2025-08-17,iorb,4.4
2025-08-18,iorb,4.4
2025-08-19,iorb,4.4
2025-08-20,iorb,4.4
2025-08-21,iorb,4.4
2025-08-22,iorb,4.4
2025-08-23,iorb,4.4
2025-08-24,iorb,4.4
2025-08-25,iorb,4.4
2025-08-26,iorb,4.4
2025-08-27,iorb,4.4
2025-08-28,iorb,4.4
2025-08-29,iorb,4.4
2025-08-30,iorb,4.4
2025-08-31,iorb,4.4
2025-09-01,iorb,4.4
2025-09-02,iorb,4.4
2025-09-03,iorb,4.4
2025-09-04,iorb,4.4
2025-09-05,iorb,4.4
2025-09-06,iorb,4.4
2025-09-07,iorb,4.4
2025-09-08,iorb,4.4
2025-09-09,iorb,4.4
2025-09-10,iorb,4.4
2025-09-11,iorb,4.4
2025-09-12,iorb,4.4
2025-09-13,iorb,4.4
2025-09-14,iorb,4.4
2025-09-15,iorb,4.4
2025-09-16,iorb,4.4
2025-09-17,iorb,4.4
2025-09-18,iorb,4.15
2025-09-19,iorb,4.15
2025-09-20,iorb,4.15
2025-09-21,iorb,4.15
2025-09-22,iorb,4.15
2025-09-23,iorb,4.15
2025-09-24,iorb,4.15
2025-09-25,iorb,4.15
2025-09-26,iorb,4.15
2025-09-27,iorb,4.15
2025-09-28,iorb,4.15
2025-09-29,iorb,4.15
2025-09-30,iorb,4.15
2025-10-01,iorb,4.15
2025-10-02,iorb,4.15
2025-10-03,iorb,4.15
2025-10-04,iorb,4.15
2025-10-05,iorb,4.15
2025-10-06,iorb,4.15
2025-10-07,iorb,4.15
2025-10-08,iorb,4.15
2025-10-09,iorb,4.15
2025-10-10,iorb,4.15
2025-10-11,iorb,4.15
2025-10-12,iorb,4.15
2025-10-13,iorb,4.15
2025-10-14,iorb,4.15
2025-10-15,iorb,4.15
2025-10-16,iorb,4.15
2025-10-17,iorb,4.15
2025-10-18,iorb,4.15
2025-10-19,iorb,4.15
2025-10-20,iorb,4.15
2025-10-21,iorb,4.15
2025-10-22,iorb,4.15
2025-10-23,iorb,4.15
2025-10-24,iorb,4.15
2025-10-25,iorb,4.15
2025-10-26,iorb,4.15
2025-10-27,iorb,4.15
2025-10-28,iorb,4.15
2025-10-29,iorb,4.15
2025-10-30,iorb,3.9
2025-10-31,iorb,3.9
2025-11-01,iorb,3.9
2025-11-02,iorb,3.9
2025-11-03,iorb,3.9
2025-11-04,iorb,3.9
2025-11-05,iorb,3.9
2025-11-06,iorb,3.9
2025-11-07,iorb,3.9
2025-11-08,iorb,3.9
2025-11-09,iorb,3.9
2025-11-10,iorb,3.9
2025-11-11,iorb,3.9
2025-11-12,iorb,3.9
2025-11-13,iorb,3.9
2025-11-14,iorb,3.9
2025-11-15,iorb,3.9
2025-11-16,iorb,3.9
2025-11-17,iorb,3.9
2025-11-18,iorb,3.9
2025-11-19,iorb,3.9
2025-11-20,iorb,3.9
2025-11-21,iorb,3.9
2025-11-22,iorb,3.9
2025-11-23,iorb,3.9
2025-11-24,iorb,3.9
2025-11-25,iorb,3.9
2025-11-26,iorb,3.9
2025-11-27,iorb,3.9
2025-11-28,iorb,3.9
2025-11-29,iorb,3.9
2025-11-30,iorb,3.9
2025-12-01,iorb,3.9
2025-12-02,iorb,3.9
2025-12-03,iorb,3.9
2025-12-04,iorb,3.9
2025-12-05,iorb,3.9
2025-12-06,iorb,3.9
2025-12-07,iorb,3.9
2025-12-08,iorb,3.9
2025-12-09,iorb,3.9
2025-12-10,iorb,3.9
2025-12-11,iorb,3.65
2025-12-12,iorb,3.65
2025-12-13,iorb,3.65
2025-12-14,iorb,3.65
2025-12-15,iorb,3.65
2025-12-16,iorb,3.65
2025-12-17,iorb,3.65
2025-12-18,iorb,3.65
2025-12-19,iorb,3.65
2025-12-20,iorb,3.65
2025-12-21,iorb,3.65
2025-12-22,iorb,3.65
2025-12-23,iorb,3.65
2025-12-24,iorb,3.65
2025-12-25,iorb,3.65
2025-12-26,iorb,3.65
2025-12-27,iorb,3.65
2025-12-28,iorb,3.65
2025-12-29,iorb,3.65
2025-12-30,iorb,3.65
2025-12-31,iorb,3.65
2026-01-01,iorb,3.65
2026-01-02,iorb,3.65
2026-01-03,iorb,3.65
2026-01-04,iorb,3.65
2026-01-05,iorb,3.65
2026-01-06,iorb,3.65
2026-01-07,iorb,3.65
2026-01-08,iorb,3.65
2026-01-09,iorb,3.65
2026-01-10,iorb,3.65
2026-01-11,iorb,3.65
2026-01-12,iorb,3.65
2026-01-13,iorb,3.65
2026-01-14,iorb,3.65
2026-01-15,iorb,3.65
2026-01-16,iorb,3.65
2026-01-17,iorb,3.65
2026-01-18,iorb,3.65
2026-01-19,iorb,3.65
2026-01-20,iorb,3.65
2026-01-21,iorb,3.65
2026-01-22,iorb,3.65
2026-01-23,iorb,3.65
2026-01-24,iorb,3.65
2026-01-25,iorb,3.65
2026-01-26,iorb,3.65
2026-01-27,iorb,3.65
2026-01-28,iorb,3.65
2026-01-29,iorb,3.65
2026-01-30,iorb,3.65
2026-01-31,iorb,3.65
2026-02-01,iorb,3.65
2026-02-02,iorb,3.65
2026-02-03,iorb,3.65
2026-02-04,iorb,3.65
2026-02-05,iorb,3.65
2026-02-06,iorb,3.65
2026-02-07,iorb,3.65
2026-02-08,iorb,3.65
2026-02-09,iorb,3.65
2026-02-10,iorb,3.65
2026-02-11,iorb,3.65
2026-02-12,iorb,3.65
2026-02-13,iorb,3.65
2026-02-14,iorb,3.65
2026-02-15,iorb,3.65
2026-02-16,iorb,3.65
2026-02-17,iorb,3.65
2026-02-18,iorb,3.65
2026-02-19,iorb,3.65
2026-02-20,iorb,3.65
2026-02-21,iorb,3.65
2026-02-22,iorb,3.65
2026-02-23,iorb,3.65
2026-02-24,iorb,3.65
2026-02-25,iorb,3.65
2026-02-26,iorb,3.65
2026-02-27,iorb,3.65
2026-02-28,iorb,3.65
2026-03-01,iorb,3.65
2026-03-02,iorb,3.65
2026-03-03,iorb,3.65
2026-03-04,iorb,3.65
2026-03-05,iorb,3.65
2026-03-06,iorb,3.65
2026-03-07,iorb,3.65
2026-03-08,iorb,3.65
2026-03-09,iorb,3.65
2026-03-10,iorb,3.65
2026-03-11,iorb,3.65
2026-03-12,iorb,3.65
2026-03-13,iorb,3.65
2026-03-14,iorb,3.65
2026-03-15,iorb,3.65
2026-03-16,iorb,3.65
2026-03-17,iorb,3.65
2026-03-18,iorb,3.65
2026-03-19,iorb,3.65
2026-03-20,iorb,3.65
2026-03-21,iorb,3.65
2026-03-22,iorb,3.65
2026-03-23,iorb,3.65
2026-03-24,iorb,3.65
2026-03-25,iorb,3.65
2026-03-26,iorb,3.65
2026-03-27,iorb,3.65
2026-03-28,iorb,3.65
2026-03-29,iorb,3.65
2026-03-30,iorb,3.65
2026-03-31,iorb,3.65
2026-04-01,iorb,3.65
2026-04-02,iorb,3.65
2026-04-03,iorb,3.65
2026-04-04,iorb,3.65
2026-04-05,iorb,3.65
2026-04-06,iorb,3.65
2026-04-07,iorb,3.65
2026-04-08,iorb,3.65
2026-04-09,iorb,3.65
2026-04-10,iorb,3.65
2026-04-11,iorb,3.65
2026-04-12,iorb,3.65
2026-04-13,iorb,3.65
2026-04-14,iorb,3.65
2026-04-15,iorb,3.65
2026-04-16,iorb,3.65
2026-04-17,iorb,3.65
2026-04-18,iorb,3.65
2026-04-19,iorb,3.65
2026-04-20,iorb,3.65
2026-04-21,iorb,3.65
2026-04-22,iorb,3.65
2026-04-23,iorb,3.65
2026-04-24,iorb,3.65
2026-04-25,iorb,3.65
2026-04-26,iorb,3.65
2026-04-27,iorb,3.65
2026-04-28,iorb,3.65
2026-04-29,iorb,3.65
2026-04-30,iorb,3.65
2026-05-01,iorb,3.65
2026-05-02,iorb,3.65
2026-05-03,iorb,3.65
2026-05-04,iorb,3.65
2026-05-05,iorb,3.65
2026-05-06,iorb,3.65
2026-05-07,iorb,3.65
2026-05-08,iorb,3.65
2026-05-09,iorb,3.65
2026-05-10,iorb,3.65
2026-05-11,iorb,3.65
2026-05-12,iorb,3.65
2026-05-13,iorb,3.65
2026-05-14,iorb,3.65
2026-05-15,iorb,3.65
2026-05-16,iorb,3.65
2026-05-17,iorb,3.65
2026-05-18,iorb,3.65
2026-05-19,iorb,3.65
2026-05-20,iorb,3.65
2026-05-21,iorb,3.65
2026-05-22,iorb,3.65
2026-05-23,iorb,3.65
2026-05-24,iorb,3.65
2026-05-25,iorb,3.65
2026-05-26,iorb,3.65
2026-05-27,iorb,3.65
2026-05-28,iorb,3.65
2026-05-29,iorb,3.65
2026-05-30,iorb,3.65
2026-05-31,iorb,3.65
2026-06-01,iorb,3.65
2026-06-02,iorb,3.65
2026-06-03,iorb,3.65
2026-06-04,iorb,3.65
2026-06-05,iorb,3.65
2026-06-06,iorb,3.65
2026-06-07,iorb,3.65
2026-06-08,iorb,3.65
2026-06-09,iorb,3.65
2026-06-10,iorb,3.65
2026-06-11,iorb,3.65
2026-06-12,iorb,3.65
2026-06-13,iorb,3.65
2026-06-14,iorb,3.65
2026-06-15,iorb,3.65
2026-06-16,iorb,3.65
2026-06-17,iorb,3.65
2026-06-18,iorb,3.65
2026-06-19,iorb,3.65
2026-06-20,iorb,3.65
2026-06-21,iorb,3.65
2026-06-22,iorb,3.65
2026-06-23,iorb,3.65
2026-06-24,iorb,3.65
2026-06-25,iorb,3.65
2026-06-26,iorb,3.65
2026-06-27,iorb,3.65
2026-06-28,iorb,3.65
2026-06-29,iorb,3.65
2026-06-30,iorb,3.65
2026-07-01,iorb,3.65
2026-07-02,iorb,3.65
2026-07-03,iorb,3.65
2026-07-04,iorb,3.65
2026-07-05,iorb,3.65
2026-07-06,iorb,3.65
2026-07-07,iorb,3.65
2026-07-08,iorb,3.65
2026-07-09,iorb,3.65
2026-07-10,iorb,3.65
2026-07-11,iorb,3.65
2026-07-12,iorb,3.65
2026-07-13,iorb,3.65
2026-07-14,iorb,3.65
2026-07-15,iorb,3.65
2026-07-16,iorb,3.65
2026-07-17,iorb,3.65
2026-07-18,iorb,3.65
2026-07-19,iorb,3.65
2026-07-20,iorb,3.65
2026-07-21,iorb,3.65
2026-07-22,iorb,3.65
2026-07-23,iorb,3.65
2026-07-24,iorb,3.65
2026-07-25,iorb,3.65
2026-07-26,iorb,3.65
2026-07-27,iorb,3.65
2026-07-28,iorb,3.65
2026-07-29,iorb,3.65
2026-07-30,iorb,3.65
2026-07-31,iorb,3.65
2026-08-01,iorb,3.65
2026-08-02,iorb,3.65
2026-08-03,iorb,3.65
2026-08-04,iorb,3.65
2026-08-05,iorb,3.65
2026-08-06,iorb,3.65
2026-08-07,iorb,3.65
2026-08-08,iorb,3.65
2026-08-09,iorb,3.65
2026-08-10,iorb,3.65
2026-08-11,iorb,3.65
2026-08-12,iorb,3.65
2026-08-13,iorb,3.65
2026-08-14,iorb,3.65
2026-08-15,iorb,3.65
2026-08-16,iorb,3.65
2026-08-17,iorb,3.65
2026-08-18,iorb,3.65
2026-08-19,iorb,3.65
2026-08-20,iorb,3.65
2026-08-21,iorb,3.65
2026-08-22,iorb,3.65
2026-08-23,iorb,3.65
2026-08-24,iorb,3.65
2026-08-25,iorb,3.65
2026-08-26,iorb,3.65
2026-08-27,iorb,3.65
2026-08-28,iorb,3.65
2024-08-01,move,101.82
2024-08-02,move,112.260002
2024-08-05,move,121.220001
2024-08-06,move,119.239998
2024-08-07,move,112.690002
2024-08-08,move,110.419998
2024-08-09,move,108.260002
2024-08-12,move,118.260002
2024-08-13,move,118.440002
2024-08-14,move,106.339996
2024-08-15,move,103.739998
2024-08-16,move,102.809998
2024-08-19,move,110.129997
2024-08-20,move,111.57
2024-08-21,move,111.379997
2024-08-22,move,108.5
2024-08-23,move,105.629997
2024-08-26,move,106.660004
2024-08-27,move,109.220001
2024-08-28,move,108.760002
2024-08-29,move,106.699997
2024-08-30,move,107.769997
2024-09-03,move,114.199997
2024-09-04,move,119.150002
2024-09-05,move,114.809998
2024-09-06,move,107.239998
2024-09-09,move,104.610001
2024-09-10,move,108.360001
2024-09-11,move,103.790001
2024-09-12,move,98.029999
2024-09-13,move,100.599998
2024-09-16,move,101.220001
2024-09-17,move,101.580002
2024-09-18,move,98.610001
2024-09-19,move,92.639999
2024-09-20,move,91.0
2024-09-23,move,93.870003
2024-09-24,move,93.300003
2024-09-25,move,91.639999
2024-09-26,move,90.139999
2024-09-27,move,92.529999
2024-09-30,move,94.610001
2024-10-01,move,104.139999
2024-10-02,move,102.169998
2024-10-03,move,101.160004
2024-10-04,move,100.150002
2024-10-07,move,124.230003
2024-10-08,move,123.769997
2024-10-09,move,122.389999
2024-10-10,move,116.559998
2024-10-11,move,118.470001
2024-10-15,move,127.230003
2024-10-16,move,121.860001
2024-10-17,move,122.139999
2024-10-18,move,123.129997
2024-10-21,move,128.949997
2024-10-22,move,129.259995
2024-10-23,move,129.050003
2024-10-24,move,127.480003
2024-10-25,move,128.399994
2024-10-28,move,130.919998
2024-10-29,move,131.869995
2024-10-30,move,130.800003
2024-10-31,move,135.179993
2024-11-01,move,132.580002
2024-11-04,move,136.25
2024-11-05,move,130.429993
2024-11-06,move,117.639999
2024-11-07,move,104.080002
2024-11-08,move,99.849998
2024-11-12,move,108.550003
2024-11-13,move,102.080002
2024-11-14,move,99.43
2024-11-15,move,102.470001
2024-11-18,move,102.010002
2024-11-19,move,105.120003
2024-11-20,move,106.690002
2024-11-21,move,101.900002
2024-11-22,move,99.139999
2024-11-25,move,99.959999
2024-11-26,move,99.18
2024-11-27,move,97.739998
2024-11-29,move,95.220001
2024-12-02,move,97.809998
2024-12-03,move,95.599998
2024-12-04,move,92.25
2024-12-05,move,91.480003
2024-12-06,move,83.199997
2024-12-09,move,85.629997
2024-12-10,move,90.099998
2024-12-11,move,82.400002
2024-12-12,move,82.660004
2024-12-13,move,85.660004
2024-12-16,move,90.879997
2024-12-17,move,90.419998
2024-12-18,move,87.209999
2024-12-19,move,90.410004
2024-12-20,move,91.75
2024-12-23,move,95.849998
2024-12-24,move,96.949997
2024-12-26,move,95.199997
2024-12-27,move,94.800003
2024-12-30,move,99.080002
2024-12-31,move,98.800003
2025-01-02,move,96.669998
2025-01-03,move,93.349998
2025-01-06,move,97.889999
2025-01-07,move,102.779999
2025-01-08,move,100.760002
2025-01-10,move,96.57
2025-01-13,move,103.510002
2025-01-14,move,101.989998
2025-01-15,move,93.099998
2025-01-16,move,92.720001
2025-01-17,move,95.599998
2025-01-21,move,96.779999
2025-01-22,move,89.900002
2025-01-23,move,88.510002
2025-01-24,move,86.75
2025-01-27,move,95.050003
2025-01-28,move,92.830002
2025-01-29,move,90.730003
2025-01-30,move,90.540001
2025-01-31,move,91.760002
2025-02-03,move,94.150002
2025-02-04,move,90.279999
2025-02-05,move,94.68
2025-02-06,move,93.900002
2025-02-07,move,93.129997
2025-02-10,move,87.68
2025-02-11,move,85.580002
2025-02-12,move,86.580002
2025-02-13,move,84.57
2025-02-14,move,84.669998
2025-02-18,move,84.510002
2025-02-19,move,83.860001
2025-02-20,move,86.260002
2025-02-21,move,91.830002
2025-02-24,move,88.440002
2025-02-25,move,96.610001
2025-02-26,move,97.519997
2025-02-27,move,96.269997
2025-02-28,move,104.459999
2025-03-03,move,105.650002
2025-03-04,move,108.870003
2025-03-05,move,104.32
2025-03-06,move,108.949997
2025-03-07,move,104.410004
2025-03-10,move,112.5
2025-03-11,move,114.599998
2025-03-12,move,104.110001
2025-03-13,move,106.190002
2025-03-14,move,101.010002
2025-03-17,move,99.779999
2025-03-18,move,96.68
2025-03-19,move,91.400002
2025-03-20,move,95.739998
2025-03-21,move,94.540001
2025-03-24,move,95.220001
2025-03-25,move,93.57
2025-03-26,move,91.410004
2025-03-27,move,91.029999
2025-03-28,move,96.830002
2025-03-31,move,101.349998
2025-04-01,move,104.730003
2025-04-02,move,106.389999
2025-04-03,move,112.0
2025-04-04,move,125.709999
2025-04-07,move,137.300003
2025-04-08,move,139.880005
2025-04-09,move,128.830002
2025-04-10,move,128.350006
2025-04-11,move,137.259995
2025-04-14,move,132.460007
2025-04-15,move,122.559998
2025-04-16,move,119.400002
2025-04-17,move,114.639999
2025-04-21,move,128.559998
2025-04-22,move,118.349998
2025-04-23,move,116.599998
2025-04-24,move,108.279999
2025-04-25,move,105.790001
2025-04-28,move,110.010002
2025-04-29,move,112.269997
2025-04-30,move,112.480003
2025-05-01,move,107.330002
2025-05-02,move,101.400002
2025-05-05,move,104.449997
2025-05-06,move,106.18
2025-05-07,move,99.870003
2025-05-08,move,98.660004
2025-05-09,move,100.400002
2025-05-12,move,102.900002
2025-05-13,move,100.129997
2025-05-14,move,100.730003
2025-05-15,move,98.650002
2025-05-16,move,96.699997
2025-05-19,move,103.809998
2025-05-20,move,101.370003
2025-05-21,move,102.099998
2025-05-22,move,99.470001
2025-05-23,move,100.910004
2025-05-27,move,97.93
2025-05-28,move,93.199997
2025-05-29,move,92.669998
2025-05-30,move,92.110001
2025-06-02,move,95.760002
2025-06-03,move,100.0
2025-06-04,move,96.980003
2025-06-05,move,94.650002
2025-06-06,move,89.650002
2025-06-09,move,92.620003
2025-06-10,move,91.220001
2025-06-11,move,89.360001
2025-06-12,move,88.989998
2025-06-13,move,95.309998
2025-06-16,move,93.480003
2025-06-17,move,97.18
2025-06-18,move,93.639999
2025-06-20,move,90.099998
2025-06-23,move,95.029999
2025-06-24,move,92.620003
2025-06-25,move,91.239998
2025-06-26,move,89.470001
2025-06-27,move,87.93
2025-06-30,move,90.260002
2025-07-01,move,93.480003
2025-07-02,move,91.370003
2025-07-03,move,86.089996
2025-07-07,move,88.529999
2025-07-08,move,88.050003
2025-07-09,move,84.309998
2025-07-10,move,81.580002
2025-07-11,move,85.480003
2025-07-14,move,90.730003
2025-07-15,move,88.949997
2025-07-16,move,89.519997
2025-07-17,move,85.57
2025-07-18,move,83.290001
2025-07-21,move,86.620003
2025-07-22,move,89.889999
2025-07-23,move,85.949997
2025-07-24,move,82.75
2025-07-25,move,82.089996
2025-07-28,move,83.730003
2025-07-29,move,85.07
2025-07-30,move,81.879997
2025-07-31,move,79.839996
2025-08-01,move,83.830002
2025-08-04,move,87.949997
2025-08-05,move,89.199997
2025-08-06,move,83.889999
2025-08-07,move,80.150002
2025-08-08,move,79.199997
2025-08-11,move,81.760002
2025-08-12,move,77.419998
2025-08-13,move,77.309998
2025-08-14,move,76.769997
2025-08-15,move,76.660004
2025-08-18,move,81.82
2025-08-19,move,82.150002
2025-08-20,move,80.75
2025-08-21,move,80.519997
2025-08-22,move,78.099998
2025-08-25,move,77.559998
2025-08-26,move,79.360001
2025-08-27,move,77.660004
2025-08-28,move,77.550003
2025-08-29,move,79.389999
2025-09-02,move,85.279999
2025-09-03,move,89.669998
2025-09-04,move,88.260002
2025-09-05,move,85.290001
2025-09-08,move,84.0
2025-09-09,move,82.199997
2025-09-10,move,79.580002
2025-09-11,move,75.07
2025-09-12,move,73.370003
2025-09-15,move,76.879997
2025-09-16,move,77.089996
2025-09-17,move,75.949997
2025-09-18,move,71.910004
2025-09-19,move,72.510002
2025-09-22,move,75.800003
2025-09-23,move,75.660004
2025-09-24,move,75.129997
2025-09-25,move,75.440002
2025-09-26,move,74.379997
2025-09-29,move,75.510002
2025-09-30,move,77.93
2025-10-01,move,73.5
2025-10-02,move,71.209999
2025-10-03,move,69.529999
2025-10-06,move,72.989998
2025-10-07,move,75.43
2025-10-08,move,74.870003
2025-10-09,move,74.120003
2025-10-10,move,81.650002
2025-10-14,move,79.949997
2025-10-15,move,75.110001
2025-10-16,move,81.230003
2025-10-17,move,78.620003
2025-10-20,move,77.220001
2025-10-21,move,77.18
2025-10-22,move,75.489998
2025-10-23,move,74.050003
2025-10-24,move,68.940002
2025-10-27,move,66.870003
2025-10-28,move,67.300003
2025-10-29,move,65.75
2025-10-30,move,66.879997
2025-10-31,move,66.610001
2025-11-03,move,67.230003
2025-11-04,move,68.019997
2025-11-05,move,72.419998
2025-11-06,move,72.440002
2025-11-07,move,74.410004
2025-11-10,move,78.860001
2025-11-12,move,81.120003
2025-11-13,move,79.099998
2025-11-14,move,79.709999
2025-11-17,move,82.580002
2025-11-18,move,83.18
2025-11-19,move,84.32
2025-11-20,move,77.809998
2025-11-21,move,78.809998
2025-11-24,move,76.82
2025-11-25,move,72.82
2025-11-26,move,71.900002
2025-11-28,move,68.949997
2025-12-01,move,71.349998
2025-12-02,move,69.910004
2025-12-03,move,66.459999
2025-12-04,move,65.690002
2025-12-05,move,67.279999
2025-12-08,move,72.300003
2025-12-09,move,75.379997
2025-12-10,move,68.620003
2025-12-11,move,69.239998
2025-12-12,move,69.25
2025-12-15,move,73.309998
2025-12-16,move,67.139999
2025-12-17,move,62.740002
2025-12-18,move,60.009998
2025-12-19,move,59.41
2025-12-22,move,61.700001
2025-12-23,move,61.169998
2025-12-24,move,59.48
2025-12-26,move,58.5
2025-12-29,move,59.209999
2025-12-30,move,63.98
2025-12-31,move,63.959999
2026-01-02,move,62.360001
2026-01-05,move,64.709999
2026-01-06,move,65.82
2026-01-07,move,66.150002
2026-01-08,move,66.940002
2026-01-09,move,61.549999
2026-01-12,move,62.900002
2026-01-13,move,60.790001
2026-01-14,move,58.110001
2026-01-15,move,56.139999
2026-01-16,move,58.049999
2026-01-20,move,66.669998
2026-01-21,move,59.560001
2026-01-22,move,56.5
2026-01-23,move,56.25
2026-01-26,move,55.77
2026-01-27,move,56.119999
2026-01-28,move,57.43
2026-01-29,move,60.73
2026-01-30,move,59.200001
2026-02-02,move,59.299999
2026-02-03,move,57.540001
2026-02-04,move,57.509998
2026-02-05,move,62.16
2026-02-06,move,63.619999
2026-02-09,move,62.740002
2026-02-10,move,64.550003
2026-02-11,move,61.349998
2026-02-12,move,68.57
2026-02-13,move,70.099998
2026-02-17,move,68.839996
2026-02-18,move,64.190002
2026-02-19,move,68.029999
2026-02-20,move,64.269997
2026-02-23,move,68.029999
2026-02-24,move,65.269997
2026-02-25,move,62.43
2026-02-26,move,63.93
2026-02-27,move,73.379997
2026-03-02,move,73.209999
2026-03-03,move,77.75
2026-03-04,move,70.029999
2026-03-05,move,74.529999
2026-03-06,move,81.260002
2026-03-09,move,79.739998
2026-03-10,move,76.330002
2026-03-11,move,78.589996
2026-03-12,move,95.300003
2026-03-13,move,91.169998
2026-03-16,move,85.25
2026-03-17,move,79.230003
2026-03-18,move,81.25
2026-03-19,move,84.879997
2026-03-20,move,108.839996
2026-03-23,move,98.150002
2026-03-24,move,103.010002
2026-03-25,move,97.589996
2026-03-26,move,115.019997
2026-03-27,move,111.949997
2026-03-30,move,108.330002
2026-03-31,move,96.050003
2026-04-01,move,90.190002
2026-04-02,move,84.410004
2026-04-06,move,81.68
2026-04-07,move,83.150002
2026-04-08,move,78.739998
2026-04-09,move,74.010002
2026-04-10,move,72.150002
2026-04-13,move,74.419998
2026-04-14,move,74.349998
2026-04-15,move,67.940002
2026-04-16,move,65.889999
2026-04-17,move,65.699997
2026-04-20,move,67.900002
2026-04-21,move,70.779999
2026-04-22,move,69.879997
2026-04-23,move,67.699997
2026-04-24,move,66.970001
2026-04-27,move,68.419998
2026-04-28,move,68.68
2026-04-29,move,74.330002
2026-04-30,move,72.07
2026-05-01,move,70.410004
2026-05-04,move,77.860001
2026-05-05,move,76.779999
2026-05-06,move,70.629997
2026-05-07,move,72.239998
2026-05-08,move,67.25
2026-05-11,move,70.739998
2026-05-12,move,71.68
2026-05-13,move,70.239998
2026-05-14,move,69.629997
2026-05-15,move,79.870003
2026-05-18,move,86.07
2026-05-19,move,85.32
2026-05-20,move,81.529999
2026-05-21,move,79.720001
2026-05-22,move,78.43
2026-05-26,move,74.949997
2026-05-27,move,70.900002
2026-05-28,move,69.739998
2026-05-29,move,70.220001
2026-06-01,move,73.330002
2026-06-02,move,73.43
2026-06-03,move,73.580002
2026-06-04,move,71.160004
2026-06-05,move,75.199997
2026-06-08,move,76.980003
2026-06-09,move,77.029999
2026-06-10,move,73.949997
2026-06-11,move,69.449997
2026-06-12,move,69.360001
2026-06-15,move,69.379997
2026-06-16,move,67.279999
2026-06-17,move,70.660004
2026-06-18,move,65.389999
2026-06-22,move,70.019997
2026-06-23,move,68.779999
2026-06-24,move,69.059998
2026-06-25,move,67.099998
2026-06-26,move,66.790001
2026-06-29,move,68.139999
2026-06-30,move,71.959999
2026-07-01,move,68.559998
2026-07-02,move,65.400002
2026-07-06,move,65.760002
2026-07-07,move,70.25
2026-07-08,move,72.410004
2026-07-09,move,68.889999
2026-07-10,move,69.550003
2026-07-13,move,77.769997
2026-07-14,move,75.029999
2026-07-15,move,68.480003
2026-07-16,move,68.160004
2026-07-17,move,70.879997
2026-07-20,move,72.660004
2026-07-21,move,74.669998
2026-07-22,move,76.309998
2026-07-23,move,80.080002
2026-07-24,move,76.82
2026-07-27,move,77.209999
2026-07-28,move,76.089996
2026-07-29,move,74.18
2026-07-30,move,77.089996
2026-07-31,move,83.019997
2026-08-03,move,80.480003
2026-08-04,move,77.559998
2026-08-05,move,73.580002
2026-08-06,move,76.120003
2026-08-07,move,72.029999
2026-08-10,move,75.459999
2026-08-11,move,77.919998
2026-08-12,move,72.089996
2026-08-13,move,69.230003
2026-08-14,move,69.580002
2026-08-17,move,75.629997
2026-08-18,move,74.980003
2026-08-19,move,71.260002
2026-08-20,move,73.18
2026-08-21,move,73.400002
2026-08-24,move,73.980003
2026-08-25,move,71.919998
2026-08-26,move,69.440002
2026-08-27,move,69.860001
2024-07-31,n225,39101.820312
2024-08-01,n225,38126.328125
2024-08-02,n225,35909.699219
2024-08-05,n225,31458.419922
2024-08-06,n225,34675.460938
2024-08-07,n225,35089.621094
2024-08-08,n225,34831.148438
2024-08-09,n225,35025.0
2024-08-13,n225,36232.511719
2024-08-14,n225,36442.429688
2024-08-15,n225,36726.640625
2024-08-16,n225,38062.671875
2024-08-19,n225,37388.621094
2024-08-20,n225,38062.921875
2024-08-21,n225,37951.800781
2024-08-22,n225,38211.011719
2024-08-23,n225,38364.269531
2024-08-26,n225,38110.21875
2024-08-27,n225,38288.621094
2024-08-28,n225,38371.761719
2024-08-29,n225,38362.53125
2024-08-30,n225,38647.75
2024-09-02,n225,38700.871094
2024-09-03,n225,38686.308594
2024-09-04,n225,37047.609375
2024-09-05,n225,36657.089844
2024-09-06,n225,36391.46875
2024-09-09,n225,36215.75
2024-09-10,n225,36159.160156
2024-09-11,n225,35619.769531
2024-09-12,n225,36833.269531
2024-09-13,n225,36581.761719
2024-09-17,n225,36203.21875
2024-09-18,n225,36380.171875
2024-09-19,n225,37155.328125
2024-09-20,n225,37723.910156
2024-09-24,n225,37940.589844
2024-09-25,n225,37870.261719
2024-09-26,n225,38925.628906
2024-09-27,n225,39829.558594
2024-09-30,n225,37919.550781
2024-10-01,n225,38651.96875
2024-10-02,n225,37808.761719
2024-10-03,n225,38552.058594
2024-10-04,n225,38635.621094
2024-10-07,n225,39332.738281
2024-10-08,n225,38937.539062
2024-10-09,n225,39277.960938
2024-10-10,n225,39380.890625
2024-10-11,n225,39605.800781
2024-10-15,n225,39910.550781
2024-10-16,n225,39180.300781
2024-10-17,n225,38911.191406
2024-10-18,n225,38981.75
2024-10-21,n225,38954.601562
2024-10-22,n225,38411.960938
2024-10-23,n225,38104.859375
2024-10-24,n225,38143.289062
2024-10-25,n225,37913.921875
2024-10-28,n225,38605.53125
2024-10-29,n225,38903.679688
2024-10-30,n225,39277.390625
2024-10-31,n225,39081.25
2024-11-01,n225,38053.671875
2024-11-05,n225,38474.898438
2024-11-06,n225,39480.671875
2024-11-07,n225,39381.410156
2024-11-08,n225,39500.371094
2024-11-11,n225,39533.320312
2024-11-12,n225,39376.089844
2024-11-13,n225,38721.660156
2024-11-14,n225,38535.699219
2024-11-15,n225,38642.910156
2024-11-18,n225,38220.851562
2024-11-19,n225,38414.429688
2024-11-20,n225,38352.339844
2024-11-21,n225,38026.171875
2024-11-22,n225,38283.851562
2024-11-25,n225,38780.140625
2024-11-26,n225,38442.0
2024-11-27,n225,38134.96875
2024-11-28,n225,38349.058594
2024-11-29,n225,38208.03125
2024-12-02,n225,38513.019531
2024-12-03,n225,39248.859375
2024-12-04,n225,39276.390625
2024-12-05,n225,39395.601562
2024-12-06,n225,39091.171875
2024-12-09,n225,39160.5
2024-12-10,n225,39367.578125
2024-12-11,n225,39372.230469
2024-12-12,n225,39849.140625
2024-12-13,n225,39470.441406
2024-12-16,n225,39457.488281
2024-12-17,n225,39364.679688
2024-12-18,n225,39081.710938
2024-12-19,n225,38813.578125
2024-12-20,n225,38701.898438
2024-12-23,n225,39161.339844
2024-12-24,n225,39036.851562
2024-12-25,n225,39130.429688
2024-12-26,n225,39568.058594
2024-12-27,n225,40281.160156
2024-12-30,n225,39894.539062
2025-01-06,n225,39307.050781
2025-01-07,n225,40083.300781
2025-01-08,n225,39981.058594
2025-01-09,n225,39605.089844
2025-01-10,n225,39190.398438
2025-01-14,n225,38474.300781
2025-01-15,n225,38444.578125
2025-01-16,n225,38572.601562
2025-01-17,n225,38451.460938
2025-01-20,n225,38902.5
2025-01-21,n225,39027.980469
2025-01-22,n225,39646.25
2025-01-23,n225,39958.871094
2025-01-24,n225,39931.980469
2025-01-27,n225,39565.800781
2025-01-28,n225,39016.871094
2025-01-29,n225,39414.78125
2025-01-30,n225,39513.96875
2025-01-31,n225,39572.488281
2025-02-03,n225,38520.089844
2025-02-04,n225,38798.371094
2025-02-05,n225,38831.480469
2025-02-06,n225,39066.53125
2025-02-07,n225,38787.019531
2025-02-10,n225,38801.171875
2025-02-12,n225,38963.699219
2025-02-13,n225,39461.46875
2025-02-14,n225,39149.429688
2025-02-17,n225,39174.25
2025-02-18,n225,39270.398438
2025-02-19,n225,39164.609375
2025-02-20,n225,38678.039062
2025-02-21,n225,38776.941406
2025-02-25,n225,38237.789062
2025-02-26,n225,38142.371094
2025-02-27,n225,38256.171875
2025-02-28,n225,37155.5
2025-03-03,n225,37785.46875
2025-03-04,n225,37331.179688
2025-03-05,n225,37418.238281
2025-03-06,n225,37704.929688
2025-03-07,n225,36887.171875
2025-03-10,n225,37028.269531
2025-03-11,n225,36793.109375
2025-03-12,n225,36819.089844
2025-03-13,n225,36790.03125
2025-03-14,n225,37053.101562
2025-03-17,n225,37396.519531
2025-03-18,n225,37845.421875
2025-03-19,n225,37751.878906
2025-03-21,n225,37677.058594
2025-03-24,n225,37608.488281
2025-03-25,n225,37780.539062
2025-03-26,n225,38027.289062
2025-03-27,n225,37799.96875
2025-03-28,n225,37120.328125
2025-03-31,n225,35617.558594
2025-04-01,n225,35624.480469
2025-04-02,n225,35725.871094
2025-04-03,n225,34735.929688
2025-04-04,n225,33780.578125
2025-04-07,n225,31136.580078
2025-04-08,n225,33012.578125
2025-04-09,n225,31714.029297
2025-04-10,n225,34609.0
2025-04-11,n225,33585.578125
2025-04-14,n225,33982.359375
2025-04-15,n225,34267.539062
2025-04-16,n225,33920.398438
2025-04-17,n225,34377.601562
2025-04-18,n225,34730.28125
2025-04-21,n225,34279.921875
2025-04-22,n225,34220.601562
2025-04-23,n225,34868.628906
2025-04-24,n225,35039.148438
2025-04-25,n225,35705.738281
2025-04-28,n225,35839.988281
2025-04-30,n225,36045.378906
2025-05-01,n225,36452.300781
2025-05-02,n225,36830.691406
2025-05-07,n225,36779.660156
2025-05-08,n225,36928.628906
2025-05-09,n225,37503.328125
2025-05-12,n225,37644.261719
2025-05-13,n225,38183.261719
2025-05-14,n225,38128.128906
2025-05-15,n225,37755.511719
2025-05-16,n225,37753.71875
2025-05-19,n225,37498.628906
2025-05-20,n225,37529.488281
2025-05-21,n225,37298.980469
2025-05-22,n225,36985.871094
2025-05-23,n225,37160.46875
2025-05-26,n225,37531.53125
2025-05-27,n225,37724.109375
2025-05-28,n225,37722.398438
2025-05-29,n225,38432.980469
2025-05-30,n225,37965.101562
2025-06-02,n225,37470.671875
2025-06-03,n225,37446.808594
2025-06-04,n225,37747.449219
2025-06-05,n225,37554.488281
2025-06-06,n225,37741.609375
2025-06-09,n225,38088.570312
2025-06-10,n225,38211.511719
2025-06-11,n225,38421.191406
2025-06-12,n225,38173.089844
2025-06-13,n225,37834.25
2025-06-16,n225,38311.328125
2025-06-17,n225,38536.738281
2025-06-18,n225,38885.148438
2025-06-19,n225,38488.339844
2025-06-20,n225,38403.230469
2025-06-23,n225,38354.089844
2025-06-24,n225,38790.558594
2025-06-25,n225,38942.070312
2025-06-26,n225,39584.578125
2025-06-27,n225,40150.789062
2025-06-30,n225,40487.390625
2025-07-01,n225,39986.328125
2025-07-02,n225,39762.480469
2025-07-03,n225,39785.898438
2025-07-04,n225,39810.878906
2025-07-07,n225,39587.679688
2025-07-08,n225,39688.808594
2025-07-09,n225,39821.28125
2025-07-10,n225,39646.359375
2025-07-11,n225,39569.679688
2025-07-14,n225,39459.621094
2025-07-15,n225,39678.019531
2025-07-16,n225,39663.398438
2025-07-17,n225,39901.191406
2025-07-18,n225,39819.109375
2025-07-22,n225,39774.921875
2025-07-23,n225,41171.320312
2025-07-24,n225,41826.339844
2025-07-25,n225,41456.230469
2025-07-28,n225,40998.269531
2025-07-29,n225,40674.550781
2025-07-30,n225,40654.699219
2025-07-31,n225,41069.820312
2025-08-01,n225,40799.601562
2025-08-04,n225,40290.699219
2025-08-05,n225,40549.539062
2025-08-06,n225,40794.859375
2025-08-07,n225,41059.148438
2025-08-08,n225,41820.480469
2025-08-12,n225,42718.171875
2025-08-13,n225,43274.671875
2025-08-14,n225,42649.261719
2025-08-15,n225,43378.308594
2025-08-18,n225,43714.308594
2025-08-19,n225,43546.289062
2025-08-20,n225,42888.550781
2025-08-21,n225,42610.171875
2025-08-22,n225,42633.289062
2025-08-25,n225,42807.820312
2025-08-26,n225,42394.398438
2025-08-27,n225,42520.269531
2025-08-28,n225,42828.789062
2025-08-29,n225,42718.46875
2025-09-01,n225,42188.789062
2025-09-02,n225,42310.488281
2025-09-03,n225,41938.890625
2025-09-04,n225,42580.269531
2025-09-05,n225,43018.75
2025-09-08,n225,43643.808594
2025-09-09,n225,43459.289062
2025-09-10,n225,43837.671875
2025-09-11,n225,44372.5
2025-09-12,n225,44768.121094
2025-09-16,n225,44902.269531
2025-09-17,n225,44790.378906
2025-09-18,n225,45303.429688
2025-09-19,n225,45045.808594
2025-09-22,n225,45493.660156
2025-09-24,n225,45630.308594
2025-09-25,n225,45754.929688
2025-09-26,n225,45354.988281
2025-09-29,n225,45043.75
2025-09-30,n225,44932.628906
2025-10-01,n225,44550.851562
2025-10-02,n225,44936.730469
2025-10-03,n225,45769.5
2025-10-06,n225,47944.761719
2025-10-07,n225,47950.878906
2025-10-08,n225,47734.988281
2025-10-09,n225,48580.441406
2025-10-10,n225,48088.800781
2025-10-14,n225,46847.320312
2025-10-15,n225,47672.671875
2025-10-16,n225,48277.738281
2025-10-17,n225,47582.148438
2025-10-20,n225,49185.5
2025-10-21,n225,49316.058594
2025-10-22,n225,49307.789062
2025-10-23,n225,48641.609375
2025-10-24,n225,49299.648438
2025-10-27,n225,50512.320312
2025-10-28,n225,50219.179688
2025-10-29,n225,51307.648438
2025-10-30,n225,51325.609375
2025-10-31,n225,52411.339844
2025-11-04,n225,51497.199219
2025-11-05,n225,50212.269531
2025-11-06,n225,50883.679688
2025-11-07,n225,50276.371094
2025-11-10,n225,50911.761719
2025-11-11,n225,50842.929688
2025-11-12,n225,51063.308594
2025-11-13,n225,51281.828125
2025-11-14,n225,50376.53125
2025-11-17,n225,50323.910156
2025-11-18,n225,48702.980469
2025-11-19,n225,48537.699219
2025-11-20,n225,49823.941406
2025-11-21,n225,48625.878906
2025-11-25,n225,48659.519531
2025-11-26,n225,49559.070312
2025-11-27,n225,50167.101562
2025-11-28,n225,50253.910156
2025-12-01,n225,49303.28125
2025-12-02,n225,49303.449219
2025-12-03,n225,49864.679688
2025-12-04,n225,51028.421875
2025-12-05,n225,50491.871094
2025-12-08,n225,50581.941406
2025-12-09,n225,50655.101562
2025-12-10,n225,50602.800781
2025-12-11,n225,50148.820312
2025-12-12,n225,50836.550781
2025-12-15,n225,50168.109375
2025-12-16,n225,49383.289062
2025-12-17,n225,49512.28125
2025-12-18,n225,49001.5
2025-12-19,n225,49507.210938
2025-12-22,n225,50402.390625
2025-12-23,n225,50412.871094
2025-12-24,n225,50344.101562
2025-12-25,n225,50407.789062
2025-12-26,n225,50750.390625
2025-12-29,n225,50526.921875
2025-12-30,n225,50339.480469
2026-01-05,n225,51832.800781
2026-01-06,n225,52518.078125
2026-01-07,n225,51961.980469
2026-01-08,n225,51117.261719
2026-01-09,n225,51939.890625
2026-01-13,n225,53549.160156
2026-01-14,n225,54341.230469
2026-01-15,n225,54110.5
2026-01-16,n225,53936.171875
2026-01-19,n225,53583.570312
2026-01-20,n225,52991.101562
2026-01-21,n225,52774.640625
2026-01-22,n225,53688.890625
2026-01-23,n225,53846.871094
2026-01-26,n225,52885.25
2026-01-27,n225,53333.539062
2026-01-28,n225,53358.710938
2026-01-29,n225,53375.601562
2026-01-30,n225,53322.851562
2026-02-02,n225,52655.179688
2026-02-03,n225,54720.660156
2026-02-04,n225,54293.359375
2026-02-05,n225,53818.039062
2026-02-06,n225,54253.679688
2026-02-09,n225,56363.941406
2026-02-10,n225,57650.539062
2026-02-12,n225,57639.839844
2026-02-13,n225,56941.96875
2026-02-16,n225,56806.410156
2026-02-17,n225,56566.488281
2026-02-18,n225,57143.839844
2026-02-19,n225,57467.828125
2026-02-20,n225,56825.699219
2026-02-24,n225,57321.089844
2026-02-25,n225,58583.121094
2026-02-26,n225,58753.390625
2026-02-27,n225,58850.269531
2026-03-02,n225,58057.238281
2026-03-03,n225,56279.050781
2026-03-04,n225,54245.539062
2026-03-05,n225,55278.058594
2026-03-06,n225,55620.839844
2026-03-09,n225,52728.71875
2026-03-10,n225,54248.390625
2026-03-11,n225,55025.371094
2026-03-12,n225,54452.960938
2026-03-13,n225,53819.609375
2026-03-16,n225,53751.148438
2026-03-17,n225,53700.390625
2026-03-18,n225,55239.398438
2026-03-19,n225,53372.53125
2026-03-23,n225,51515.488281
2026-03-24,n225,52252.28125
2026-03-25,n225,53749.621094
2026-03-26,n225,53603.648438
2026-03-27,n225,53373.070312
2026-03-30,n225,51885.851562
2026-03-31,n225,51063.71875
2026-04-01,n225,53739.679688
2026-04-02,n225,52463.269531
2026-04-03,n225,53123.488281
2026-04-06,n225,53413.679688
2026-04-07,n225,53429.558594
2026-04-08,n225,56308.421875
2026-04-09,n225,55895.320312
2026-04-10,n225,56924.109375
2026-04-13,n225,56502.769531
2026-04-14,n225,57877.390625
2026-04-15,n225,58134.238281
2026-04-16,n225,59518.339844
2026-04-17,n225,58475.898438
2026-04-20,n225,58824.890625
2026-04-21,n225,59349.171875
2026-04-22,n225,59585.859375
2026-04-23,n225,59140.230469
2026-04-24,n225,59716.179688
2026-04-27,n225,60537.359375
2026-04-28,n225,59917.460938
2026-04-30,n225,59284.921875
2026-05-01,n225,59513.121094
2026-05-07,n225,62833.839844
2026-05-08,n225,62713.648438
2026-05-11,n225,62417.878906
2026-05-12,n225,62742.570312
2026-05-13,n225,63272.109375
2026-05-14,n225,62654.050781
2026-05-15,n225,61409.289062
2026-05-18,n225,60815.949219
2026-05-19,n225,60550.589844
2026-05-20,n225,59804.410156
2026-05-21,n225,61684.140625
2026-05-22,n225,63339.070312
2026-05-25,n225,65158.191406
2026-05-26,n225,64996.089844
2026-05-27,n225,64999.410156
2026-05-28,n225,64693.121094
2026-05-29,n225,66329.5
2026-06-01,n225,66934.328125
2026-06-02,n225,66734.242188
2026-06-03,n225,68402.132812
2026-06-04,n225,67470.6875
2026-06-05,n225,66588.117188
2026-06-08,n225,64024.601562
2026-06-09,n225,65416.628906
2026-06-10,n225,64179.269531
2026-06-11,n225,64217.269531
2026-06-12,n225,66020.039062
2026-06-15,n225,69317.5
2026-06-16,n225,69404.5
2026-06-17,n225,69902.25
2026-06-18,n225,71053.492188
2026-06-19,n225,71250.0625
2026-06-22,n225,72353.960938
2026-06-23,n225,69788.382812
2026-06-24,n225,69174.96875
2026-06-25,n225,72366.34375
2026-06-26,n225,69360.882812
2026-06-29,n225,69468.109375
2026-06-30,n225,70062.320312
2026-07-01,n225,70474.960938
2026-07-02,n225,68733.148438
2026-07-03,n225,69744.070312
2026-07-06,n225,69737.6875
2026-07-07,n225,68256.960938
2026-07-08,n225,66819.046875
2026-07-09,n225,67743.851562
2026-07-10,n225,68557.726562
2026-07-13,n225,67242.726562
2026-07-14,n225,67743.5
2026-07-15,n225,68751.507812
2026-07-16,n225,66835.539062
2026-07-17,n225,64141.121094
2026-07-21,n225,66232.1875
2026-07-22,n225,66115.601562
2026-07-23,n225,66422.601562
2026-07-24,n225,64611.148438
2026-07-27,n225,64931.191406
2026-07-28,n225,62364.921875
2026-07-29,n225,61434.191406
2026-07-30,n225,61867.429688
2026-07-31,n225,64362.019531
2026-08-03,n225,63754.898438
2026-08-04,n225,63957.53125
2026-08-05,n225,66300.4375
2026-08-06,n225,65683.257812
2026-08-07,n225,65606.710938
2026-08-10,n225,66970.21875
2026-08-12,n225,67524.0625
2026-08-13,n225,68308.59375
2026-08-14,n225,68713.796875
2026-08-17,n225,69220.25
2026-08-18,n225,67460.726562
2026-08-19,n225,65326.421875
2026-08-20,n225,66216.789062
2026-08-21,n225,66016.359375
2026-08-24,n225,65528.089844
2026-08-25,n225,65856.429688
2026-08-26,n225,66262.15625
2026-08-27,n225,66131.976562
2026-08-28,n225,66366.148438
2024-08-01,ndx,18890.390625
2024-08-02,ndx,18440.849609
2024-08-05,ndx,17895.160156
2024-08-06,ndx,18077.919922
2024-08-07,ndx,17867.369141
2024-08-08,ndx,18413.820312
2024-08-09,ndx,18513.099609
2024-08-12,ndx,18542.029297
2024-08-13,ndx,19006.429688
2024-08-14,ndx,19022.679688
2024-08-15,ndx,19490.150391
2024-08-16,ndx,19508.519531
2024-08-19,ndx,19766.490234
2024-08-20,ndx,19719.820312
2024-08-21,ndx,19824.839844
2024-08-22,ndx,19491.839844
2024-08-23,ndx,19720.869141
2024-08-26,ndx,19516.439453
2024-08-27,ndx,19581.519531
2024-08-28,ndx,19350.779297
2024-08-29,ndx,19325.449219
2024-08-30,ndx,19574.640625
2024-09-03,ndx,18958.740234
2024-09-04,ndx,18921.400391
2024-09-05,ndx,18930.330078
2024-09-06,ndx,18421.310547
2024-09-09,ndx,18660.779297
2024-09-10,ndx,18829.140625
2024-09-11,ndx,19237.300781
2024-09-12,ndx,19423.070312
2024-09-13,ndx,19514.589844
2024-09-16,ndx,19423.060547
2024-09-17,ndx,19432.400391
2024-09-18,ndx,19344.490234
2024-09-19,ndx,19839.830078
2024-09-20,ndx,19791.490234
2024-09-23,ndx,19852.199219
2024-09-24,ndx,19944.839844
2024-09-25,ndx,19972.609375
2024-09-26,ndx,20115.539062
2024-09-27,ndx,20008.619141
2024-09-30,ndx,20060.689453
2024-10-01,ndx,19773.300781
2024-10-02,ndx,19802.589844
2024-10-03,ndx,19793.339844
2024-10-04,ndx,20035.019531
2024-10-07,ndx,19800.740234
2024-10-08,ndx,20107.779297
2024-10-09,ndx,20268.859375
2024-10-10,ndx,20241.759766
2024-10-11,ndx,20271.970703
2024-10-14,ndx,20439.050781
2024-10-15,ndx,20159.830078
2024-10-16,ndx,20174.050781
2024-10-17,ndx,20190.419922
2024-10-18,ndx,20324.039062
2024-10-21,ndx,20361.470703
2024-10-22,ndx,20390.460938
2024-10-23,ndx,20066.960938
2024-10-24,ndx,20232.869141
2024-10-25,ndx,20352.019531
2024-10-28,ndx,20351.070312
2024-10-29,ndx,20550.650391
2024-10-30,ndx,20387.699219
2024-10-31,ndx,19890.419922
2024-11-01,ndx,20033.140625
2024-11-04,ndx,19963.599609
2024-11-05,ndx,20227.460938
2024-11-06,ndx,20781.330078
2024-11-07,ndx,21101.570312
2024-11-08,ndx,21117.179688
2024-11-11,ndx,21106.589844
2024-11-12,ndx,21070.789062
2024-11-13,ndx,21036.160156
2024-11-14,ndx,20896.669922
2024-11-15,ndx,20394.130859
2024-11-18,ndx,20539.189453
2024-11-19,ndx,20684.589844
2024-11-20,ndx,20667.099609
2024-11-21,ndx,20740.779297
2024-11-22,ndx,20776.230469
2024-11-25,ndx,20804.890625
2024-11-26,ndx,20922.900391
2024-11-27,ndx,20744.490234
2024-11-29,ndx,20930.369141
2024-12-02,ndx,21164.599609
2024-12-03,ndx,21229.320312
2024-12-04,ndx,21492.359375
2024-12-05,ndx,21425.220703
2024-12-06,ndx,21622.25
2024-12-09,ndx,21440.820312
2024-12-10,ndx,21368.179688
2024-12-11,ndx,21763.980469
2024-12-12,ndx,21615.269531
2024-12-13,ndx,21780.25
2024-12-16,ndx,22096.660156
2024-12-17,ndx,22001.080078
2024-12-18,ndx,21209.320312
2024-12-19,ndx,21110.509766
2024-12-20,ndx,21289.150391
2024-12-23,ndx,21503.169922
2024-12-24,ndx,21797.650391
2024-12-26,ndx,21768.310547
2024-12-27,ndx,21473.019531
2024-12-30,ndx,21197.089844
2024-12-31,ndx,21012.169922
2025-01-02,ndx,20975.619141
2025-01-03,ndx,21326.160156
2025-01-06,ndx,21559.5
2025-01-07,ndx,21173.039062
2025-01-08,ndx,21180.970703
2025-01-10,ndx,20847.580078
2025-01-13,ndx,20784.720703
2025-01-14,ndx,20757.410156
2025-01-15,ndx,21237.849609
2025-01-16,ndx,21091.25
2025-01-17,ndx,21441.160156
2025-01-21,ndx,21566.509766
2025-01-22,ndx,21853.0
2025-01-23,ndx,21900.929688
2025-01-24,ndx,21774.009766
2025-01-27,ndx,21127.279297
2025-01-28,ndx,21463.039062
2025-01-29,ndx,21411.460938
2025-01-30,ndx,21508.119141
2025-01-31,ndx,21478.050781
2025-02-03,ndx,21297.580078
2025-02-04,ndx,21566.919922
2025-02-05,ndx,21658.160156
2025-02-06,ndx,21774.070312
2025-02-07,ndx,21491.310547
2025-02-10,ndx,21756.730469
2025-02-11,ndx,21693.519531
2025-02-12,ndx,21719.259766
2025-02-13,ndx,22030.710938
2025-02-14,ndx,22114.689453
2025-02-18,ndx,22164.609375
2025-02-19,ndx,22175.599609
2025-02-20,ndx,22068.060547
2025-02-21,ndx,21614.080078
2025-02-24,ndx,21352.080078
2025-02-25,ndx,21087.25
2025-02-26,ndx,21132.919922
2025-02-27,ndx,20550.949219
2025-02-28,ndx,20884.410156
2025-03-03,ndx,20425.580078
2025-03-04,ndx,20352.529297
2025-03-05,ndx,20628.460938
2025-03-06,ndx,20052.630859
2025-03-07,ndx,20201.369141
2025-03-10,ndx,19430.949219
2025-03-11,ndx,19376.960938
2025-03-12,ndx,19596.019531
2025-03-13,ndx,19225.480469
2025-03-14,ndx,19704.640625
2025-03-17,ndx,19812.240234
2025-03-18,ndx,19483.359375
2025-03-19,ndx,19736.660156
2025-03-20,ndx,19677.609375
2025-03-21,ndx,19753.970703
2025-03-24,ndx,20180.449219
2025-03-25,ndx,20287.830078
2025-03-26,ndx,19916.990234
2025-03-27,ndx,19798.619141
2025-03-28,ndx,19281.400391
2025-03-31,ndx,19278.449219
2025-04-01,ndx,19436.419922
2025-04-02,ndx,19581.779297
2025-04-03,ndx,18521.470703
2025-04-04,ndx,17397.699219
2025-04-07,ndx,17430.679688
2025-04-08,ndx,17090.400391
2025-04-09,ndx,19145.060547
2025-04-10,ndx,18343.570312
2025-04-11,ndx,18690.050781
2025-04-14,ndx,18796.019531
2025-04-15,ndx,18830.230469
2025-04-16,ndx,18257.640625
2025-04-17,ndx,18258.089844
2025-04-21,ndx,17808.300781
2025-04-22,ndx,18276.410156
2025-04-23,ndx,18693.259766
2025-04-24,ndx,19214.400391
2025-04-25,ndx,19432.560547
2025-04-28,ndx,19427.289062
2025-04-29,ndx,19544.949219
2025-04-30,ndx,19571.019531
2025-05-01,ndx,19786.710938
2025-05-02,ndx,20102.609375
2025-05-05,ndx,19967.939453
2025-05-06,ndx,19791.349609
2025-05-07,ndx,19867.970703
2025-05-08,ndx,20063.560547
2025-05-09,ndx,20061.449219
2025-05-12,ndx,20868.150391
2025-05-13,ndx,21197.699219
2025-05-14,ndx,21319.210938
2025-05-15,ndx,21335.820312
2025-05-16,ndx,21427.939453
2025-05-19,ndx,21447.050781
2025-05-20,ndx,21367.369141
2025-05-21,ndx,21080.359375
2025-05-22,ndx,21112.470703
2025-05-23,ndx,20915.660156
2025-05-27,ndx,21414.990234
2025-05-28,ndx,21318.169922
2025-05-29,ndx,21363.949219
2025-05-30,ndx,21340.990234
2025-06-02,ndx,21491.75
2025-06-03,ndx,21662.580078
2025-06-04,ndx,21721.919922
2025-06-05,ndx,21547.429688
2025-06-06,ndx,21761.789062
2025-06-09,ndx,21797.869141
2025-06-10,ndx,21941.919922
2025-06-11,ndx,21860.800781
2025-06-12,ndx,21913.320312
2025-06-13,ndx,21631.039062
2025-06-16,ndx,21937.570312
2025-06-17,ndx,21719.080078
2025-06-18,ndx,21719.689453
2025-06-20,ndx,21626.390625
2025-06-23,ndx,21856.330078
2025-06-24,ndx,22190.519531
2025-06-25,ndx,22237.740234
2025-06-26,ndx,22447.289062
2025-06-27,ndx,22534.199219
2025-06-30,ndx,22679.009766
2025-07-01,ndx,22478.130859
2025-07-02,ndx,22641.890625
2025-07-03,ndx,22866.970703
2025-07-07,ndx,22685.570312
2025-07-08,ndx,22702.25
2025-07-09,ndx,22864.910156
2025-07-10,ndx,22829.259766
2025-07-11,ndx,22780.599609
2025-07-14,ndx,22855.630859
2025-07-15,ndx,22884.589844
2025-07-16,ndx,22907.970703
2025-07-17,ndx,23081.050781
2025-07-18,ndx,23065.470703
2025-07-21,ndx,23180.060547
2025-07-22,ndx,23063.580078
2025-07-23,ndx,23162.410156
2025-07-24,ndx,23219.869141
2025-07-25,ndx,23272.25
2025-07-28,ndx,23356.269531
2025-07-29,ndx,23308.300781
2025-07-30,ndx,23345.410156
2025-07-31,ndx,23218.119141
2025-08-01,ndx,22763.310547
2025-08-04,ndx,23188.609375
2025-08-05,ndx,23018.560547
2025-08-06,ndx,23315.039062
2025-08-07,ndx,23389.529297
2025-08-08,ndx,23611.269531
2025-08-11,ndx,23526.630859
2025-08-12,ndx,23839.199219
2025-08-13,ndx,23849.039062
2025-08-14,ndx,23832.439453
2025-08-15,ndx,23712.070312
2025-08-18,ndx,23713.759766
2025-08-19,ndx,23384.769531
2025-08-20,ndx,23249.570312
2025-08-21,ndx,23142.580078
2025-08-22,ndx,23498.119141
2025-08-25,ndx,23425.609375
2025-08-26,ndx,23525.289062
2025-08-27,ndx,23565.849609
2025-08-28,ndx,23703.449219
2025-08-29,ndx,23415.419922
2025-09-02,ndx,23231.109375
2025-09-03,ndx,23414.839844
2025-09-04,ndx,23633.009766
2025-09-05,ndx,23652.439453
2025-09-08,ndx,23762.300781
2025-09-09,ndx,23839.800781
2025-09-10,ndx,23849.269531
2025-09-11,ndx,23992.560547
2025-09-12,ndx,24092.189453
2025-09-15,ndx,24293.779297
2025-09-16,ndx,24274.25
2025-09-17,ndx,24223.689453
2025-09-18,ndx,24454.890625
2025-09-19,ndx,24626.25
2025-09-22,ndx,24761.070312
2025-09-23,ndx,24580.169922
2025-09-24,ndx,24503.570312
2025-09-25,ndx,24397.310547
2025-09-26,ndx,24503.849609
2025-09-29,ndx,24611.349609
2025-09-30,ndx,24679.990234
2025-10-01,ndx,24800.859375
2025-10-02,ndx,24892.759766
2025-10-03,ndx,24785.519531
2025-10-06,ndx,24978.560547
2025-10-07,ndx,24840.230469
2025-10-08,ndx,25136.619141
2025-10-09,ndx,25098.179688
2025-10-10,ndx,24221.740234
2025-10-13,ndx,24750.25
2025-10-14,ndx,24579.320312
2025-10-15,ndx,24745.359375
2025-10-16,ndx,24657.240234
2025-10-17,ndx,24817.949219
2025-10-20,ndx,25141.019531
2025-10-21,ndx,25127.130859
2025-10-22,ndx,24879.009766
2025-10-23,ndx,25097.410156
2025-10-24,ndx,25358.160156
2025-10-27,ndx,25821.550781
2025-10-28,ndx,26012.150391
2025-10-29,ndx,26119.849609
2025-10-30,ndx,25734.810547
2025-10-31,ndx,25858.130859
2025-11-03,ndx,25972.939453
2025-11-04,ndx,25435.699219
2025-11-05,ndx,25620.029297
2025-11-06,ndx,25130.039062
2025-11-07,ndx,25059.810547
2025-11-10,ndx,25611.740234
2025-11-11,ndx,25533.490234
2025-11-12,ndx,25517.330078
2025-11-13,ndx,24993.460938
2025-11-14,ndx,25008.240234
2025-11-17,ndx,24799.919922
2025-11-18,ndx,24503.099609
2025-11-19,ndx,24640.519531
2025-11-20,ndx,24054.380859
2025-11-21,ndx,24239.570312
2025-11-24,ndx,24873.849609
2025-11-25,ndx,25018.359375
2025-11-26,ndx,25236.939453
2025-11-28,ndx,25434.890625
2025-12-01,ndx,25342.849609
2025-12-02,ndx,25555.859375
2025-12-03,ndx,25606.539062
2025-12-04,ndx,25581.699219
2025-12-05,ndx,25692.050781
2025-12-08,ndx,25627.949219
2025-12-09,ndx,25668.689453
2025-12-10,ndx,25776.439453
2025-12-11,ndx,25686.689453
2025-12-12,ndx,25196.730469
2025-12-15,ndx,25067.269531
2025-12-16,ndx,25132.939453
2025-12-17,ndx,24647.609375
2025-12-18,ndx,25019.369141
2025-12-19,ndx,25346.179688
2025-12-22,ndx,25461.699219
2025-12-23,ndx,25587.830078
2025-12-24,ndx,25656.150391
2025-12-26,ndx,25644.390625
2025-12-29,ndx,25525.560547
2025-12-30,ndx,25462.560547
2025-12-31,ndx,25249.849609
2026-01-02,ndx,25206.169922
2026-01-05,ndx,25401.320312
2026-01-06,ndx,25639.710938
2026-01-07,ndx,25653.900391
2026-01-08,ndx,25507.099609
2026-01-09,ndx,25766.259766
2026-01-12,ndx,25787.660156
2026-01-13,ndx,25741.949219
2026-01-14,ndx,25465.939453
2026-01-15,ndx,25547.070312
2026-01-16,ndx,25529.259766
2026-01-20,ndx,24987.570312
2026-01-21,ndx,25326.580078
2026-01-22,ndx,25518.349609
2026-01-23,ndx,25605.470703
2026-01-26,ndx,25713.210938
2026-01-27,ndx,25939.740234
2026-01-28,ndx,26022.789062
2026-01-29,ndx,25884.300781
2026-01-30,ndx,25552.390625
2026-02-02,ndx,25738.609375
2026-02-03,ndx,25338.619141
2026-02-04,ndx,24891.240234
2026-02-05,ndx,24548.689453
2026-02-06,ndx,25075.769531
2026-02-09,ndx,25268.140625
2026-02-10,ndx,25127.640625
2026-02-11,ndx,25201.259766
2026-02-12,ndx,24687.609375
2026-02-13,ndx,24732.730469
2026-02-17,ndx,24701.599609
2026-02-18,ndx,24898.869141
2026-02-19,ndx,24797.339844
2026-02-20,ndx,25012.619141
2026-02-23,ndx,24708.939453
2026-02-24,ndx,24977.039062
2026-02-25,ndx,25329.039062
2026-02-26,ndx,25034.369141
2026-02-27,ndx,24960.039062
2026-03-02,ndx,24992.599609
2026-03-03,ndx,24720.080078
2026-03-04,ndx,25093.679688
2026-03-05,ndx,25020.410156
2026-03-06,ndx,24643.019531
2026-03-09,ndx,24967.25
2026-03-10,ndx,24956.470703
2026-03-11,ndx,24965.009766
2026-03-12,ndx,24533.580078
2026-03-13,ndx,24380.730469
2026-03-16,ndx,24655.339844
2026-03-17,ndx,24780.419922
2026-03-18,ndx,24425.089844
2026-03-19,ndx,24355.279297
2026-03-20,ndx,23898.150391
2026-03-23,ndx,24188.589844
2026-03-24,ndx,24002.449219
2026-03-25,ndx,24162.980469
2026-03-26,ndx,23586.990234
2026-03-27,ndx,23132.769531
2026-03-30,ndx,22953.380859
2026-03-31,ndx,23740.189453
2026-04-01,ndx,24019.990234
2026-04-02,ndx,24045.529297
2026-04-06,ndx,24192.169922
2026-04-07,ndx,24202.369141
2026-04-08,ndx,24903.169922
2026-04-09,ndx,25082.089844
2026-04-10,ndx,25116.339844
2026-04-13,ndx,25383.720703
2026-04-14,ndx,25842.0
2026-04-15,ndx,26204.580078
2026-04-16,ndx,26333.0
2026-04-17,ndx,26672.429688
2026-04-20,ndx,26590.339844
2026-04-21,ndx,26479.470703
2026-04-22,ndx,26937.279297
2026-04-23,ndx,26782.630859
2026-04-24,ndx,27303.669922
2026-04-27,ndx,27305.679688
2026-04-28,ndx,27029.009766
2026-04-29,ndx,27186.980469
2026-04-30,ndx,27452.119141
2026-05-01,ndx,27710.359375
2026-05-04,ndx,27651.820312
2026-05-05,ndx,28015.060547
2026-05-06,ndx,28599.169922
2026-05-07,ndx,28563.949219
2026-05-08,ndx,29234.990234
2026-05-11,ndx,29320.660156
2026-05-12,ndx,29064.800781
2026-05-13,ndx,29366.939453
2026-05-14,ndx,29580.300781
2026-05-15,ndx,29125.199219
2026-05-18,ndx,28994.369141
2026-05-19,ndx,28818.839844
2026-05-20,ndx,29297.699219
2026-05-21,ndx,29357.269531
2026-05-22,ndx,29481.640625
2026-05-26,ndx,30001.320312
2026-05-27,ndx,29973.570312
2026-05-28,ndx,30223.890625
2026-05-29,ndx,30333.179688
2026-06-01,ndx,30513.859375
2026-06-02,ndx,30660.599609
2026-06-03,ndx,30571.240234
2026-06-04,ndx,30407.810547
2026-06-05,ndx,28957.599609
2026-06-08,ndx,29414.259766
2026-06-09,ndx,29084.5
2026-06-10,ndx,28508.029297
2026-06-11,ndx,29446.179688
2026-06-12,ndx,29635.949219
2026-06-15,ndx,30543.919922
2026-06-16,ndx,29968.130859
2026-06-17,ndx,29670.949219
2026-06-18,ndx,30406.189453
2026-06-22,ndx,30347.080078
2026-06-23,ndx,29347.269531
2026-06-24,ndx,29220.060547
2026-06-25,ndx,29440.320312
2026-06-26,ndx,29118.240234
2026-06-29,ndx,29774.75
2026-06-30,ndx,30276.349609
2026-07-01,ndx,29809.130859
2026-07-02,ndx,29329.210938
2026-07-06,ndx,29697.869141
2026-07-07,ndx,29173.019531
2026-07-08,ndx,29252.560547
2026-07-09,ndx,29727.099609
2026-07-10,ndx,29825.109375
2026-07-13,ndx,29264.099609
2026-07-14,ndx,29586.289062
2026-07-15,ndx,29502.599609
2026-07-16,ndx,29025.769531
2026-07-17,ndx,28592.660156
2026-07-20,ndx,28604.230469
2026-07-21,ndx,29155.179688
2026-07-22,ndx,28998.099609
2026-07-23,ndx,28454.810547
2026-07-24,ndx,28128.339844
2026-07-27,ndx,28039.210938
2026-07-28,ndx,27763.130859
2026-07-29,ndx,27192.310547
2026-07-30,ndx,28106.349609
2026-07-31,ndx,28274.199219
2026-08-03,ndx,28776.800781
2026-08-04,ndx,29733.160156
2026-08-05,ndx,29487.789062
2026-08-06,ndx,29373.330078
2026-08-07,ndx,29722.300781
2026-08-10,ndx,29621.800781
2026-08-11,ndx,29525.480469
2026-08-12,ndx,29742.599609
2026-08-13,ndx,30084.5
2026-08-14,ndx,30046.140625
2026-08-17,ndx,29995.380859
2026-08-18,ndx,29490.960938
2026-08-19,ndx,29426.019531
2026-08-20,ndx,29213.160156
2026-08-21,ndx,29308.859375
2026-08-24,ndx,29023.179688
2026-08-25,ndx,29209.230469
2026-08-26,ndx,29224.519531
2026-08-27,ndx,29641.560547
2024-05-29,net_liquidity,6120.67
2024-06-05,net_liquidity,6173.537
2024-06-12,net_liquidity,6137.827
2024-06-26,net_liquidity,5975.59
2024-07-03,net_liquidity,6034.249
2024-07-10,net_liquidity,6065.53
2024-07-17,net_liquidity,6057.253
2024-07-24,net_liquidity,6032.019
2024-07-31,net_liquidity,5978.705
2024-08-07,net_liquidity,6117.665
2024-08-14,net_liquidity,6055.096
2024-08-21,net_liquidity,6082.129
2024-08-28,net_liquidity,5988.497
2024-09-04,net_liquidity,6041.296
2024-09-11,net_liquidity,6079.828
2024-09-18,net_liquidity,6032.112
2024-09-25,net_liquidity,5857.095
2024-10-02,net_liquidity,5865.25
2024-10-09,net_liquidity,5901.277
2024-10-16,net_liquidity,5975.464
2024-10-23,net_liquidity,5928.578
2024-10-30,net_liquidity,5949.307
2024-11-06,net_liquidity,5974.377
2024-11-13,net_liquidity,5896.816
2024-11-20,net_liquidity,5954.065
2024-11-27,net_liquidity,5960.075
2024-12-04,net_liquidity,5943.445
2024-12-11,net_liquidity,5942.298
2024-12-18,net_liquidity,5989.749
2025-01-08,net_liquidity,6015.774
2025-01-15,net_liquidity,6072.868
2025-01-22,net_liquidity,6030.497
2025-01-29,net_liquidity,5912.138
2025-02-05,net_liquidity,5926.554
2025-02-12,net_liquidity,5917.741
2025-02-19,net_liquidity,5919.074
2025-02-26,net_liquidity,5958.882
2025-03-05,net_liquidity,6068.94
2025-03-12,net_liquidity,6115.935
2025-03-19,net_liquidity,6126.668
2025-03-26,net_liquidity,6138.705
2025-04-02,net_liquidity,6176.638
2025-04-09,net_liquidity,6253.252
2025-04-16,net_liquidity,6249.358
2025-04-23,net_liquidity,5948.518
2025-04-30,net_liquidity,5862.935
2025-05-07,net_liquidity,5972.303
2025-05-14,net_liquidity,5972.4
2025-05-21,net_liquidity,6022.869
2025-05-28,net_liquidity,6032.399
2025-06-04,net_liquidity,6125.056
2025-06-11,net_liquidity,6139.623
2025-06-18,net_liquidity,6138.244
2025-06-25,net_liquidity,6086.946
2025-07-02,net_liquidity,6062.775
2025-07-09,net_liquidity,6114.75
2025-07-16,net_liquidity,6165.94
2025-07-23,net_liquidity,6144.907
2025-07-30,net_liquidity,6116.59
2025-08-06,net_liquidity,6127.834
2025-08-13,net_liquidity,6082.109
2025-08-20,net_liquidity,6063.882
2025-08-27,net_liquidity,5978.642
2025-09-03,net_liquidity,5986.635
2025-09-10,net_liquidity,5904.288
2025-09-17,net_liquidity,5838.258
2025-09-24,net_liquidity,5774.367
2025-10-01,net_liquidity,5771.801
2025-10-08,net_liquidity,5778.156
2025-10-15,net_liquidity,5781.377
2025-10-22,net_liquidity,5677.527
2025-10-29,net_liquidity,5609.54
2025-11-05,net_liquidity,5618.939
2025-11-12,net_liquidity,5620.76
2025-11-19,net_liquidity,5612.228
2025-11-26,net_liquidity,5646.808
2025-12-03,net_liquidity,5596.1
2025-12-10,net_liquidity,5675.312
2025-12-17,net_liquidity,5713.407
2025-12-24,net_liquidity,5739.308
2025-12-31,net_liquidity,5697.319
2026-01-07,net_liquidity,5772.872
2026-01-14,net_liquidity,5799.302
2026-01-21,net_liquidity,5711.975
2026-01-28,net_liquidity,5663.423
2026-02-04,net_liquidity,5694.722
2026-02-11,net_liquidity,5706.028
2026-02-18,net_liquidity,5699.812
2026-02-25,net_liquidity,5725.026
2026-03-04,net_liquidity,5795.964
2026-03-11,net_liquidity,5807.606
2026-03-18,net_liquidity,5802.189
2026-03-25,net_liquidity,5782.307
2026-04-01,net_liquidity,5825.519
2026-04-08,net_liquidity,5945.318
2026-04-15,net_liquidity,5954.119
2026-04-22,net_liquidity,5700.913
2026-04-29,net_liquidity,5717.274
2026-05-06,net_liquidity,5830.111
2026-05-13,net_liquidity,5886.199
2026-05-20,net_liquidity,5907.483
2026-05-27,net_liquidity,5872.234
2026-06-03,net_liquidity,5833.72
2026-06-10,net_liquidity,5896.888
2026-06-17,net_liquidity,5848.883
2026-06-24,net_liquidity,5812.415
2026-07-01,net_liquidity,5843.326
2026-07-08,net_liquidity,5958.2
2026-07-15,net_liquidity,5986.659
2026-07-22,net_liquidity,5917.379
2026-07-29,net_liquidity,5824.838
2026-08-05,net_liquidity,5839.593
2026-08-12,net_liquidity,5795.28
2026-08-19,net_liquidity,5791.77
2026-08-26,net_liquidity,5779.474
2024-05-01,payems_level,157608.0
2024-06-01,payems_level,157695.0
2024-07-01,payems_level,157748.0
2024-08-01,payems_level,157757.0
2024-09-01,payems_level,157912.0
2024-10-01,payems_level,157945.0
2024-11-01,payems_level,158079.0
2024-12-01,payems_level,158316.0
2025-01-01,payems_level,158268.0
2025-02-01,payems_level,158310.0
2025-03-01,payems_level,158377.0
2025-04-01,payems_level,158485.0
2025-05-01,payems_level,158498.0
2025-06-01,payems_level,158478.0
2025-07-01,payems_level,158542.0
2025-08-01,payems_level,158472.0
2025-09-01,payems_level,158548.0
2025-10-01,payems_level,158408.0
2025-11-01,payems_level,158449.0
2025-12-01,payems_level,158432.0
2026-01-01,payems_level,158592.0
2026-02-01,payems_level,158436.0
2026-03-01,payems_level,158650.0
2026-04-01,payems_level,158798.0
2026-05-01,payems_level,158861.0
2026-06-01,payems_level,158881.0
2026-07-01,payems_level,158858.0
2024-06-01,payrolls,87.0
2024-07-01,payrolls,53.0
2024-08-01,payrolls,9.0
2024-09-01,payrolls,155.0
2024-10-01,payrolls,33.0
2024-11-01,payrolls,134.0
2024-12-01,payrolls,237.0
2025-01-01,payrolls,-48.0
2025-02-01,payrolls,42.0
2025-03-01,payrolls,67.0
2025-04-01,payrolls,108.0
2025-05-01,payrolls,13.0
2025-06-01,payrolls,-20.0
2025-07-01,payrolls,64.0
2025-08-01,payrolls,-70.0
2025-09-01,payrolls,76.0
2025-10-01,payrolls,-140.0
2025-11-01,payrolls,41.0
2025-12-01,payrolls,-17.0
2026-01-01,payrolls,160.0
2026-02-01,payrolls,-156.0
2026-03-01,payrolls,214.0
2026-04-01,payrolls,148.0
2026-05-01,payrolls,63.0
2026-06-01,payrolls,20.0
2026-07-01,payrolls,-23.0
2024-05-29,reserves,3409.342
2024-06-05,reserves,3408.31
2024-06-12,reserves,3455.134
2024-06-19,reserves,3434.274
2024-06-26,reserves,3302.647
2024-07-03,reserves,3184.18
2024-07-10,reserves,3341.977
2024-07-17,reserves,3331.425
2024-07-24,reserves,3308.58
2024-07-31,reserves,3293.519
2024-08-07,reserves,3351.662
2024-08-14,reserves,3346.138
2024-08-21,reserves,3355.586
2024-08-28,reserves,3313.566
2024-09-04,reserves,3243.002
2024-09-11,reserves,3320.818
2024-09-18,reserves,3313.281
2024-09-25,reserves,3169.149
2024-10-02,reserves,3089.598
2024-10-09,reserves,3186.207
2024-10-16,reserves,3209.877
2024-10-23,reserves,3230.145
2024-10-30,reserves,3236.958
2024-11-06,reserves,3274.12
2024-11-13,reserves,3244.149
2024-11-20,reserves,3286.885
2024-11-27,reserves,3227.674
2024-12-04,reserves,3225.075
2024-12-11,reserves,3264.559
2024-12-18,reserves,3282.229
2024-12-25,reserves,3247.382
2025-01-01,reserves,3095.997
2025-01-08,reserves,3254.743
2025-01-15,reserves,3340.816
2025-01-22,reserves,3332.278
2025-01-29,reserves,3224.785
2025-02-05,reserves,3177.065
2025-02-12,reserves,3220.027
2025-02-19,reserves,3270.082
2025-02-26,reserves,3327.249
2025-03-05,reserves,3312.625
2025-03-12,reserves,3400.235
2025-03-19,reserves,3467.789
2025-03-26,reserves,3450.933
2025-04-02,reserves,3379.339
2025-04-09,reserves,3474.682
2025-04-16,reserves,3452.03
2025-04-23,reserves,3256.734
2025-04-30,reserves,3219.214
2025-05-07,reserves,3218.636
2025-05-14,reserves,3235.723
2025-05-21,reserves,3289.469
2025-05-28,reserves,3270.661
2025-06-04,reserves,3294.381
2025-06-11,reserves,3407.108
2025-06-18,reserves,3406.366
2025-06-25,reserves,3369.328
2025-07-02,reserves,3225.98
2025-07-09,reserves,3330.249
2025-07-16,reserves,3398.822
2025-07-23,reserves,3362.277
2025-07-30,reserves,3347.414
2025-08-06,reserves,3332.492
2025-08-13,reserves,3320.05
2025-08-20,reserves,3317.292
2025-08-27,reserves,3224.967
2025-09-03,reserves,3181.701
2025-09-10,reserves,3160.774
2025-09-17,reserves,3073.355
2025-09-24,reserves,3002.218
2025-10-01,reserves,2966.094
2025-10-08,reserves,2998.471
2025-10-15,reserves,3019.028
2025-10-22,reserves,2933.037
2025-10-29,reserves,2848.021
2025-11-05,reserves,2862.569
2025-11-12,reserves,2855.03
2025-11-19,reserves,2888.643
2025-11-26,reserves,2896.586
2025-12-03,reserves,2858.284
2025-12-10,reserves,2932.112
2025-12-17,reserves,2959.044
2025-12-24,reserves,2955.581
2025-12-31,reserves,2957.41
2026-01-07,reserves,2996.379
2026-01-14,reserves,3049.63
2026-01-21,reserves,2954.903
2026-01-28,reserves,2901.6
2026-02-04,reserves,2925.17
2026-02-11,reserves,2939.557
2026-02-18,reserves,2949.804
2026-02-25,reserves,2965.765
2026-03-04,reserves,3015.531
2026-03-11,reserves,3037.665
2026-03-18,reserves,3019.995
2026-03-25,reserves,2993.955
2026-04-01,reserves,3026.708
2026-04-08,reserves,3116.247
2026-04-15,reserves,3129.588
2026-04-22,reserves,2901.825
2026-04-29,reserves,2918.599
2026-05-06,reserves,3032.588
2026-05-13,reserves,3102.81
2026-05-20,reserves,3129.562
2026-05-27,reserves,3066.56
2026-06-03,reserves,3013.902
2026-06-10,reserves,3080.723
2026-06-17,reserves,3033.444
2026-06-24,reserves,2951.416
2026-07-01,reserves,2966.897
2026-07-08,reserves,3098.911
2026-07-15,reserves,3142.721
2026-07-22,reserves,3062.149
2026-07-29,reserves,2984.57
2026-08-05,reserves,2993.349
2026-08-12,reserves,2944.059
2026-08-19,reserves,2935.287
2026-08-26,reserves,2924.936
2024-05-23,rrp,467.398
2024-05-24,rrp,431.239
2024-05-28,rrp,417.836
2024-05-29,rrp,459.314
2024-05-30,rrp,452.034
2024-05-31,rrp,439.806
2024-06-03,rrp,387.069
2024-06-04,rrp,377.825
2024-06-05,rrp,371.841
2024-06-06,rrp,378.125
2024-06-07,rrp,395.462
2024-06-10,rrp,416.481
2024-06-11,rrp,410.449
2024-06-12,rrp,447.574
2024-06-13,rrp,429.864
2024-06-14,rrp,386.885
2024-06-17,rrp,333.429
2024-06-18,rrp,375.542
2024-06-20,rrp,388.841
2024-06-21,rrp,421.04
2024-06-24,rrp,435.916
2024-06-25,rrp,466.31
2024-06-26,rrp,490.156
2024-06-27,rrp,531.692
2024-06-28,rrp,664.57
2024-07-01,rrp,451.783
2024-07-02,rrp,443.369
2024-07-03,rrp,425.898
2024-07-05,rrp,390.632
2024-07-08,rrp,415.257
2024-07-09,rrp,423.152
2024-07-10,rrp,422.147
2024-07-11,rrp,403.708
2024-07-12,rrp,406.59
2024-07-15,rrp,413.28
2024-07-16,rrp,409.594
2024-07-17,rrp,399.401
2024-07-18,rrp,391.652
2024-07-19,rrp,379.801
2024-07-22,rrp,395.901
2024-07-23,rrp,389.837
2024-07-24,rrp,399.121
2024-07-25,rrp,377.433
2024-07-26,rrp,381.257
2024-07-29,rrp,385.281
2024-07-30,rrp,367.054
2024-07-31,rrp,413.2
2024-08-01,rrp,348.885
2024-08-02,rrp,338.473
2024-08-05,rrp,316.246
2024-08-06,rrp,291.958
2024-08-07,rrp,286.66
2024-08-08,rrp,303.159
2024-08-09,rrp,312.198
2024-08-12,rrp,328.641
2024-08-13,rrp,324.494
2024-08-14,rrp,328.472
2024-08-15,rrp,307.141
2024-08-16,rrp,330.317
2024-08-19,rrp,333.583
2024-08-20,rrp,310.819
2024-08-21,rrp,321.329
2024-08-22,rrp,316.777
2024-08-23,rrp,312.896
2024-08-26,rrp,353.557
2024-08-27,rrp,344.045
2024-08-28,rrp,388.89
2024-08-29,rrp,383.434
2024-08-30,rrp,433.13
2024-09-03,rrp,349.808
2024-09-04,rrp,337.312
2024-09-05,rrp,291.091
2024-09-06,rrp,299.271
2024-09-09,rrp,292.158
2024-09-10,rrp,281.392
2024-09-11,rrp,279.215
2024-09-12,rrp,294.464
2024-09-13,rrp,284.951
2024-09-16,rrp,239.386
2024-09-17,rrp,256.337
2024-09-18,rrp,305.831
2024-09-19,rrp,311.777
2024-09-20,rrp,339.316
2024-09-23,rrp,380.372
2024-09-24,rrp,388.977
2024-09-25,rrp,416.193
2024-09-26,rrp,424.916
2024-09-27,rrp,436.518
2024-09-30,rrp,465.638
2024-10-01,rrp,375.221
2024-10-02,rrp,383.398
2024-10-03,rrp,341.248
2024-10-04,rrp,330.012
2024-10-07,rrp,322.948
2024-10-08,rrp,325.355
2024-10-09,rrp,343.448
2024-10-10,rrp,322.587
2024-10-11,rrp,331.735
2024-10-15,rrp,286.398
2024-10-16,rrp,272.028
2024-10-17,rrp,262.21
2024-10-18,rrp,259.892
2024-10-21,rrp,261.044
2024-10-22,rrp,237.76
2024-10-23,rrp,270.839
2024-10-24,rrp,202.798
2024-10-25,rrp,227.0
2024-10-28,rrp,251.032
2024-10-29,rrp,244.841
2024-10-30,rrp,228.946
2024-10-31,rrp,201.278
2024-11-01,rrp,155.476
2024-11-04,rrp,171.885
2024-11-05,rrp,144.243
2024-11-06,rrp,177.871
2024-11-07,rrp,159.002
2024-11-08,rrp,163.621
2024-11-12,rrp,178.814
2024-11-13,rrp,238.106
2024-11-14,rrp,214.509
2024-11-15,rrp,172.4
2024-11-18,rrp,200.03
2024-11-19,rrp,200.664
2024-11-20,rrp,217.793
2024-11-21,rrp,188.567
2024-11-22,rrp,204.254
2024-11-25,rrp,186.749
2024-11-26,rrp,148.823
2024-11-27,rrp,169.815
2024-11-29,rrp,197.627
2024-12-02,rrp,135.858
2024-12-03,rrp,161.572
2024-12-04,rrp,162.866
2024-12-05,rrp,131.964
2024-12-06,rrp,130.014
2024-12-09,rrp,153.029
2024-12-10,rrp,174.842
2024-12-11,rrp,180.12
2024-12-12,rrp,165.025
2024-12-13,rrp,135.777
2024-12-16,rrp,110.753
2024-12-17,rrp,118.093
2024-12-18,rrp,131.651
2024-12-19,rrp,112.417
2024-12-20,rrp,98.356
2024-12-23,rrp,116.004
2024-12-24,rrp,180.989
2024-12-26,rrp,196.818
2024-12-27,rrp,268.739
2024-12-30,rrp,260.743
2024-12-31,rrp,473.46
2025-01-02,rrp,239.858
2025-01-03,rrp,237.377
2025-01-06,rrp,231.926
2025-01-07,rrp,208.296
2025-01-08,rrp,185.144
2025-01-09,rrp,168.225
2025-01-10,rrp,178.8
2025-01-13,rrp,183.669
2025-01-14,rrp,160.219
2025-01-15,rrp,119.977
2025-01-16,rrp,94.489
2025-01-17,rrp,118.327
2025-01-21,rrp,96.015
2025-01-22,rrp,123.981
2025-01-23,rrp,132.031
2025-01-24,rrp,104.972
2025-01-27,rrp,92.863
2025-01-28,rrp,112.76
2025-01-29,rrp,121.842
2025-01-30,rrp,125.965
2025-01-31,rrp,187.913
2025-02-03,rrp,97.781
2025-02-04,rrp,85.654
2025-02-05,rrp,78.788
2025-02-06,rrp,79.983
2025-02-07,rrp,95.248
2025-02-10,rrp,99.653
2025-02-11,rrp,76.446
2025-02-12,rrp,67.67
2025-02-13,rrp,67.82
2025-02-14,rrp,58.77
2025-02-18,rrp,77.817
2025-02-19,rrp,73.196
2025-02-20,rrp,63.207
2025-02-21,rrp,68.983
2025-02-24,rrp,76.818
2025-02-25,rrp,96.0
2025-02-26,rrp,126.058
2025-02-27,rrp,182.148
2025-02-28,rrp,234.422
2025-03-03,rrp,119.987
2025-03-04,rrp,135.257
2025-03-05,rrp,139.493
2025-03-06,rrp,129.269
2025-03-07,rrp,136.305
2025-03-10,rrp,129.054
2025-03-11,rrp,137.31
2025-03-12,rrp,131.055
2025-03-13,rrp,113.435
2025-03-14,rrp,126.234
2025-03-17,rrp,89.496
2025-03-18,rrp,149.503
2025-03-19,rrp,193.378
2025-03-20,rrp,192.64
2025-03-21,rrp,200.85
2025-03-24,rrp,196.565
2025-03-25,rrp,214.786
2025-03-26,rrp,241.371
2025-03-27,rrp,291.785
2025-03-28,rrp,286.575
2025-03-31,rrp,399.167
2025-04-01,rrp,230.063
2025-04-02,rrp,233.488
2025-04-03,rrp,196.265
2025-04-04,rrp,184.499
2025-04-07,rrp,148.146
2025-04-08,rrp,156.911
2025-04-09,rrp,168.115
2025-04-10,rrp,129.95
2025-04-11,rrp,98.531
2025-04-14,rrp,102.838
2025-04-15,rrp,88.878
2025-04-16,rrp,54.772
2025-04-17,rrp,58.6
2025-04-21,rrp,114.114
2025-04-22,rrp,137.951
2025-04-23,rrp,171.78
2025-04-24,rrp,130.004
2025-04-25,rrp,94.021
2025-04-28,rrp,148.649
2025-04-29,rrp,157.537
2025-04-30,rrp,250.601
2025-05-01,rrp,157.353
2025-05-02,rrp,147.882
2025-05-05,rrp,124.69
2025-05-06,rrp,129.858
2025-05-07,rrp,154.859
2025-05-08,rrp,139.768
2025-05-09,rrp,142.272
2025-05-12,rrp,147.505
2025-05-13,rrp,144.214
2025-05-14,rrp,165.024
2025-05-15,rrp,109.436
2025-05-16,rrp,136.799
2025-05-19,rrp,180.417
2025-05-20,rrp,136.033
2025-05-21,rrp,162.802
2025-05-22,rrp,173.018
2025-05-23,rrp,154.841
2025-05-27,rrp,138.066
2025-05-28,rrp,173.641
2025-05-29,rrp,165.66
2025-05-30,rrp,315.657
2025-06-02,rrp,135.841
2025-06-03,rrp,153.177
2025-06-04,rrp,168.882
2025-06-05,rrp,152.727
2025-06-06,rrp,149.284
2025-06-09,rrp,179.315
2025-06-10,rrp,182.725
2025-06-11,rrp,204.625
2025-06-12,rrp,181.417
2025-06-13,rrp,168.645
2025-06-16,rrp,140.759
2025-06-17,rrp,168.939
2025-06-18,rrp,205.05
2025-06-20,rrp,138.283
2025-06-23,rrp,165.319
2025-06-24,rrp,187.367
2025-06-25,rrp,210.879
2025-06-26,rrp,252.432
2025-06-27,rrp,285.742
2025-06-30,rrp,460.731
2025-07-01,rrp,245.53
2025-07-02,rrp,237.307
2025-07-03,rrp,214.665
2025-07-07,rrp,218.03
2025-07-08,rrp,219.415
2025-07-09,rrp,227.273
2025-07-10,rrp,183.339
2025-07-11,rrp,181.637
2025-07-14,rrp,217.841
2025-07-15,rrp,198.277
2025-07-16,rrp,197.086
2025-07-17,rrp,193.66
2025-07-18,rrp,199.298
2025-07-21,rrp,213.666
2025-07-22,rrp,196.374
2025-07-23,rrp,189.632
2025-07-24,rrp,132.186
2025-07-25,rrp,150.509
2025-07-28,rrp,170.463
2025-07-29,rrp,171.018
2025-07-30,rrp,155.481
2025-07-31,rrp,214.445
2025-08-01,rrp,97.426
2025-08-04,rrp,125.73
2025-08-05,rrp,84.356
2025-08-06,rrp,91.966
2025-08-07,rrp,77.961
2025-08-08,rrp,80.303
2025-08-11,rrp,82.214
2025-08-12,rrp,57.492
2025-08-13,rrp,57.202
2025-08-14,rrp,28.818
2025-08-15,rrp,33.757
2025-08-18,rrp,38.24
2025-08-19,rrp,22.344
2025-08-20,rrp,34.999
2025-08-21,rrp,25.358
2025-08-22,rrp,36.275
2025-08-25,rrp,47.567
2025-08-26,rrp,28.574
2025-08-27,rrp,34.744
2025-08-28,rrp,31.966
2025-08-29,rrp,77.898
2025-09-02,rrp,21.066
2025-09-03,rrp,17.923
2025-09-04,rrp,20.128
2025-09-05,rrp,20.997
2025-09-08,rrp,19.416
2025-09-09,rrp,22.915
2025-09-10,rrp,29.4
2025-09-11,rrp,26.897
2025-09-12,rrp,17.331
2025-09-15,rrp,16.954
2025-09-16,rrp,18.817
2025-09-17,rrp,13.963
2025-09-18,rrp,13.707
2025-09-19,rrp,11.363
2025-09-22,rrp,14.173
2025-09-23,rrp,14.402
2025-09-24,rrp,29.172
2025-09-25,rrp,25.369
2025-09-26,rrp,48.073
2025-09-29,rrp,56.22
2025-09-30,rrp,49.071
2025-10-01,rrp,10.179
2025-10-02,rrp,8.436
2025-10-03,rrp,25.392
2025-10-06,rrp,21.776
2025-10-07,rrp,4.622
2025-10-08,rrp,5.231
2025-10-09,rrp,4.496
2025-10-10,rrp,4.124
2025-10-14,rrp,3.516
2025-10-15,rrp,5.484
2025-10-16,rrp,6.96
2025-10-17,rrp,4.102
2025-10-20,rrp,5.931
2025-10-21,rrp,4.699
2025-10-22,rrp,4.005
2025-10-23,rrp,6.941
2025-10-24,rrp,2.435
2025-10-27,rrp,10.642
2025-10-28,rrp,14.096
2025-10-29,rrp,19.504
2025-10-30,rrp,19.166
2025-10-31,rrp,51.802
2025-11-03,rrp,23.792
2025-11-04,rrp,16.983
2025-11-05,rrp,12.814
2025-11-06,rrp,10.754
2025-11-07,rrp,4.903
2025-11-10,rrp,7.152
2025-11-12,rrp,5.886
2025-11-13,rrp,3.761
2025-11-14,rrp,1.559
2025-11-17,rrp,3.172
2025-11-18,rrp,0.905
2025-11-19,rrp,1.129
2025-11-20,rrp,6.52
2025-11-21,rrp,2.503
2025-11-24,rrp,1.077
2025-11-25,rrp,2.314
2025-11-26,rrp,2.217
2025-11-28,rrp,7.561
2025-12-01,rrp,3.24
2025-12-02,rrp,5.62
2025-12-03,rrp,2.514
2025-12-04,rrp,2.233
2025-12-05,rrp,1.485
2025-12-08,rrp,1.703
2025-12-09,rrp,3.211
2025-12-10,rrp,5.045
2025-12-11,rrp,2.874
2025-12-12,rrp,0.838
2025-12-15,rrp,2.601
2025-12-16,rrp,1.554
2025-12-17,rrp,10.361
2025-12-18,rrp,11.708
2025-12-19,rrp,3.047
2025-12-22,rrp,1.523
2025-12-23,rrp,5.893
2025-12-24,rrp,4.803
2025-12-26,rrp,20.339
2025-12-29,rrp,10.551
2025-12-30,rrp,12.605
2025-12-31,rrp,105.993
2026-01-02,rrp,5.667
2026-01-05,rrp,6.485
2026-01-06,rrp,2.582
2026-01-07,rrp,4.582
2026-01-08,rrp,3.083
2026-01-09,rrp,3.28
2026-01-12,rrp,3.402
2026-01-13,rrp,3.277
2026-01-14,rrp,3.223
2026-01-15,rrp,2.003
2026-01-16,rrp,1.222
2026-01-20,rrp,3.506
2026-01-21,rrp,3.344
2026-01-22,rrp,2.058
2026-01-23,rrp,0.927
2026-01-26,rrp,1.489
2026-01-27,rrp,1.253
2026-01-28,rrp,1.103
2026-01-29,rrp,2.852
2026-01-30,rrp,9.629
2026-02-02,rrp,10.415
2026-02-03,rrp,1.785
2026-02-04,rrp,2.414
2026-02-05,rrp,1.748
2026-02-06,rrp,3.111
2026-02-09,rrp,1.306
2026-02-10,rrp,1.447
2026-02-11,rrp,1.048
2026-02-12,rrp,2.844
2026-02-13,rrp,0.377
2026-02-17,rrp,0.441
2026-02-18,rrp,0.856
2026-02-19,rrp,0.632
2026-02-20,rrp,0.496
2026-02-23,rrp,0.877
2026-02-24,rrp,0.917
2026-02-25,rrp,1.159
2026-02-26,rrp,3.796
2026-02-27,rrp,16.318
2026-03-02,rrp,0.627
2026-03-03,rrp,1.203
2026-03-04,rrp,0.877
2026-03-05,rrp,2.793
2026-03-06,rrp,1.512
2026-03-09,rrp,0.332
2026-03-10,rrp,0.278
2026-03-11,rrp,0.552
2026-03-12,rrp,0.137
2026-03-13,rrp,0.427
2026-03-16,rrp,0.582
2026-03-17,rrp,0.797
2026-03-18,rrp,0.698
2026-03-19,rrp,0.637
2026-03-20,rrp,0.822
2026-03-23,rrp,0.857
2026-03-24,rrp,1.123
2026-03-25,rrp,0.777
2026-03-26,rrp,0.885
2026-03-27,rrp,0.992
2026-03-30,rrp,0.752
2026-03-31,rrp,15.782
2026-04-01,rrp,2.107
2026-04-02,rrp,0.327
2026-04-06,rrp,0.227
2026-04-07,rrp,15.345
2026-04-08,rrp,0.177
2026-04-09,rrp,0.402
2026-04-10,rrp,0.507
2026-04-13,rrp,0.227
2026-04-14,rrp,0.306
2026-04-15,rrp,0.223
2026-04-16,rrp,0.158
2026-04-17,rrp,0.137
2026-04-20,rrp,0.503
2026-04-21,rrp,0.807
2026-04-22,rrp,0.538
2026-04-23,rrp,0.114
2026-04-24,rrp,0.082
2026-04-27,rrp,0.363
2026-04-28,rrp,0.643
2026-04-29,rrp,0.747
2026-04-30,rrp,8.261
2026-05-01,rrp,0.607
2026-05-04,rrp,0.618
2026-05-05,rrp,1.122
2026-05-06,rrp,1.633
2026-05-07,rrp,0.773
2026-05-08,rrp,0.787
2026-05-11,rrp,1.133
2026-05-12,rrp,1.199
2026-05-13,rrp,3.719
2026-05-14,rrp,2.034
2026-05-15,rrp,0.647
2026-05-18,rrp,7.193
2026-05-19,rrp,12.911
2026-05-20,rrp,24.867
2026-05-21,rrp,3.281
2026-05-22,rrp,0.965
2026-05-26,rrp,1.787
2026-05-27,rrp,1.853
2026-05-28,rrp,1.163
2026-05-29,rrp,11.677
2026-06-01,rrp,1.302
2026-06-02,rrp,2.502
2026-06-03,rrp,2.062
2026-06-04,rrp,1.122
2026-06-05,rrp,0.761
2026-06-08,rrp,1.832
2026-06-09,rrp,0.577
2026-06-10,rrp,0.387
2026-06-11,rrp,0.46
2026-06-12,rrp,0.454
2026-06-15,rrp,0.581
2026-06-16,rrp,10.721
2026-06-17,rrp,6.828
2026-06-18,rrp,0.251
2026-06-22,rrp,3.925
2026-06-23,rrp,6.484
2026-06-24,rrp,4.534
2026-06-25,rrp,5.718
2026-06-26,rrp,6.426
2026-06-29,rrp,3.546
2026-06-30,rrp,26.9
2026-07-01,rrp,1.001
2026-07-02,rrp,2.175
2026-07-06,rrp,2.719
2026-07-07,rrp,4.484
2026-07-08,rrp,3.347
2026-07-09,rrp,5.772
2026-07-10,rrp,0.545
2026-07-13,rrp,0.795
2026-07-14,rrp,0.278
2026-07-15,rrp,0.151
2026-07-16,rrp,0.125
2026-07-17,rrp,0.1
2026-07-20,rrp,0.03
2026-07-21,rrp,0.275
2026-07-22,rrp,0.376
2026-07-23,rrp,0.904
2026-07-24,rrp,0.675
2026-07-27,rrp,1.38
2026-07-28,rrp,1.126
2026-07-29,rrp,2.576
2026-07-30,rrp,1.076
2026-07-31,rrp,2.151
2026-08-03,rrp,2.127
2026-08-04,rrp,2.251
2026-08-05,rrp,1.65
2026-08-06,rrp,1.429
2026-08-07,rrp,1.45
2026-08-10,rrp,0.975
2026-08-11,rrp,1.25
2026-08-12,rrp,0.725
2026-08-13,rrp,0.45
2026-08-14,rrp,0.25
2026-08-17,rrp,0.255
2026-08-18,rrp,0.155
2026-08-19,rrp,0.317
2026-08-20,rrp,0.225
2026-08-21,rrp,0.2
2026-08-24,rrp,0.38
2026-08-25,rrp,0.405
2026-08-26,rrp,0.702
2026-08-27,rrp,0.456
2024-07-31,slope_2s30s,7.9
2024-08-01,slope_2s30s,11.1
2024-08-02,slope_2s30s,22.9
2024-08-05,slope_2s30s,18.2
2024-08-06,slope_2s30s,18.7
2024-08-07,slope_2s30s,26.1
2024-08-08,slope_2s30s,24.7
2024-08-09,slope_2s30s,17.5
2024-08-12,slope_2s30s,18.7
2024-08-13,slope_2s30s,23.5
2024-08-14,slope_2s30s,16.8
2024-08-15,slope_2s30s,10.0
2024-08-16,slope_2s30s,8.9
2024-08-19,slope_2s30s,5.5
2024-08-20,slope_2s30s,8.0
2024-08-21,slope_2s30s,13.1
2024-08-22,slope_2s30s,14.4
2024-08-23,slope_2s30s,20.2
2024-08-26,slope_2s30s,19.8
2024-08-27,slope_2s30s,29.799978
2024-08-28,slope_2s30s,30.100004
2024-08-29,slope_2s30s,28.100002
2024-08-30,slope_2s30s,28.60001
2024-09-03,slope_2s30s,25.100004
2024-09-04,slope_2s30s,30.699991
2024-09-05,slope_2s30s,27.299976
2024-09-06,slope_2s30s,35.999998
2024-09-09,slope_2s30s,31.900007
2024-09-10,slope_2s30s,36.499992
2024-09-11,slope_2s30s,34.300006
2024-09-12,slope_2s30s,35.499989
2024-09-13,slope_2s30s,40.7
2024-09-16,slope_2s30s,37.700004
2024-09-17,slope_2s30s,36.300007
2024-09-18,slope_2s30s,39.79999
2024-09-19,slope_2s30s,48.200003
2024-09-20,slope_2s30s,52.10001
2024-09-23,slope_2s30s,51.199978
2024-09-24,slope_2s30s,59.900023
2024-09-25,slope_2s30s,60.399982
2024-09-26,slope_2s30s,52.400007
2024-09-27,slope_2s30s,54.800005
2024-09-30,slope_2s30s,47.399982
2024-10-01,slope_2s30s,46.999992
2024-10-02,slope_2s30s,50.199997
2024-10-03,slope_2s30s,47.999983
2024-10-04,slope_2s30s,33.70002
2024-10-07,slope_2s30s,31.600023
2024-10-08,slope_2s30s,34.10001
2024-10-09,slope_2s30s,34.900023
2024-10-10,slope_2s30s,40.600016
2024-10-11,slope_2s30s,43.29999
2024-10-15,slope_2s30s,37.9
2024-10-16,slope_2s30s,36.899979
2024-10-17,slope_2s30s,43.499998
2024-10-18,slope_2s30s,43.000011
2024-10-21,slope_2s30s,46.699999
2024-10-22,slope_2s30s,46.300003
2024-10-23,slope_2s30s,44.599979
2024-10-24,slope_2s30s,39.500015
2024-10-25,slope_2s30s,38.900007
2024-10-28,slope_2s30s,41.000021
2024-10-29,slope_2s30s,40.900005
2024-10-30,slope_2s30s,33.000002
2024-10-31,slope_2s30s,31.300005
2024-11-01,slope_2s30s,34.800009
2024-11-04,slope_2s30s,32.399996
2024-11-05,slope_2s30s,25.999981
2024-11-06,slope_2s30s,33.200024
2024-11-07,slope_2s30s,33.300022
2024-11-08,slope_2s30s,21.700024
2024-11-12,slope_2s30s,23.700014
2024-11-13,slope_2s30s,36.700008
2024-11-14,slope_2s30s,24.300018
2024-11-15,slope_2s30s,29.099983
2024-11-18,slope_2s30s,31.599995
2024-11-19,slope_2s30s,29.500006
2024-11-20,slope_2s30s,28.200001
2024-11-21,slope_2s30s,28.200022
2024-11-22,slope_2s30s,22.499979
2024-11-25,slope_2s30s,23.700003
2024-11-26,slope_2s30s,27.000002
2024-11-27,slope_2s30s,23.700005
2024-11-29,slope_2s30s,23.600018
2024-12-02,slope_2s30s,19.100006
2024-12-03,slope_2s30s,22.400005
2024-12-04,slope_2s30s,21.700012
2024-12-05,slope_2s30s,18.599997
2024-12-06,slope_2s30s,23.099985
2024-12-09,slope_2s30s,25.999987
2024-12-10,slope_2s30s,25.799999
2024-12-11,slope_2s30s,32.900009
2024-12-12,slope_2s30s,36.699993
2024-12-13,slope_2s30s,36.499977
2024-12-16,slope_2s30s,35.79998
2024-12-17,slope_2s30s,32.9
2024-12-18,slope_2s30s,30.899992
2024-12-19,slope_2s30s,41.999977
2024-12-20,slope_2s30s,41.600008
2024-12-23,slope_2s30s,48.399992
2024-12-24,slope_2s30s,47.499987
2024-12-26,slope_2s30s,46.200008
2024-12-27,slope_2s30s,50.099987
2024-12-30,slope_2s30s,52.300001
2024-12-31,slope_2s30s,53.599977
2025-01-02,slope_2s30s,54.799986
2025-01-03,slope_2s30s,53.400013
2025-01-06,slope_2s30s,55.799982
2025-01-07,slope_2s30s,60.999985
2025-01-08,slope_2s30s,65.200016
2025-01-10,slope_2s30s,56.500015
2025-01-13,slope_2s30s,58.600006
2025-01-14,slope_2s30s,61.400021
2025-01-15,slope_2s30s,60.900019
2025-01-16,slope_2s30s,61.399986
2025-01-17,slope_2s30s,57.499979
2025-01-21,slope_2s30s,51.200005
2025-01-22,slope_2s30s,52.400013
2025-01-23,slope_2s30s,57.899996
2025-01-24,slope_2s30s,57.800005
2025-01-27,slope_2s30s,59.999998
2025-01-28,slope_2s30s,59.999996
2025-01-29,slope_2s30s,57.999996
2025-01-30,slope_2s30s,57.79999
2025-01-31,slope_2s30s,59.30002
2025-02-03,slope_2s30s,51.099991
2025-02-04,slope_2s30s,53.800014
2025-02-05,slope_2s30s,47.20002
2025-02-06,slope_2s30s,44.00001
2025-02-07,slope_2s30s,40.000006
2025-02-10,slope_2s30s,43.099997
2025-02-11,slope_2s30s,46.0
2025-02-12,slope_2s30s,47.500004
2025-02-13,slope_2s30s,42.199987
2025-02-14,slope_2s30s,43.299984
2025-02-18,slope_2s30s,47.200008
2025-02-19,slope_2s30s,48.499987
2025-02-20,slope_2s30s,45.799992
2025-02-21,slope_2s30s,47.900015
2025-02-24,slope_2s30s,51.799976
2025-02-25,slope_2s30s,48.700016
2025-02-26,slope_2s30s,45.699997
2025-02-27,slope_2s30s,48.39999
2025-02-28,slope_2s30s,52.599979
2025-03-03,slope_2s30s,50.400023
2025-03-04,slope_2s30s,55.70002
2025-03-05,slope_2s30s,56.700016
2025-03-06,slope_2s30s,61.999992
2025-03-07,slope_2s30s,62.600018
2025-03-10,slope_2s30s,64.900003
2025-03-11,slope_2s30s,66.300016
2025-03-12,slope_2s30s,62.29999
2025-03-13,slope_2s30s,65.700012
2025-03-14,slope_2s30s,59.499977
2025-03-17,slope_2s30s,53.899998
2025-03-18,slope_2s30s,53.9
2025-03-19,slope_2s30s,57.799984
2025-03-20,slope_2s30s,60.700016
2025-03-21,slope_2s30s,65.600019
2025-03-24,slope_2s30s,61.500021
2025-03-25,slope_2s30s,69.600014
2025-03-26,slope_2s30s,70.300009
2025-03-27,slope_2s30s,75.800016
2025-03-28,slope_2s30s,74.29999
2025-03-31,slope_2s30s,72.299992
2025-04-01,slope_2s30s,64.599979
2025-04-02,slope_2s30s,64.299997
2025-04-03,slope_2s30s,77.500013
2025-04-04,slope_2s30s,70.800001
2025-04-07,slope_2s30s,86.299994
2025-04-08,slope_2s30s,100.500015
2025-04-09,slope_2s30s,88.300022
2025-04-10,slope_2s30s,100.899998
2025-04-11,slope_2s30s,91.699986
2025-04-14,slope_2s30s,95.799986
2025-04-15,slope_2s30s,93.600002
2025-04-16,slope_2s30s,97.700022
2025-04-17,slope_2s30s,99.900002
2025-04-21,slope_2s30s,116.099977
2025-04-22,slope_2s30s,111.900019
2025-04-23,slope_2s30s,102.300018
2025-04-24,slope_2s30s,99.499987
2025-04-25,slope_2s30s,99.799992
2025-04-28,slope_2s30s,102.399977
2025-04-29,slope_2s30s,99.799976
2025-04-30,slope_2s30s,108.100023
2025-05-01,slope_2s30s,103.699999
2025-05-02,slope_2s30s,96.500008
2025-05-05,slope_2s30s,99.999992
2025-05-06,slope_2s30s,103.30002
2025-05-07,slope_2s30s,99.299976
2025-05-08,slope_2s30s,93.599997
2025-05-09,slope_2s30s,95.300018
2025-05-12,slope_2s30s,90.800001
2025-05-13,slope_2s30s,92.299984
2025-05-14,slope_2s30s,91.700001
2025-05-15,slope_2s30s,95.800022
2025-05-16,slope_2s30s,91.900017
2025-05-19,slope_2s30s,97.000006
2025-05-20,slope_2s30s,99.700001
2025-05-21,slope_2s30s,109.000015
2025-05-22,slope_2s30s,106.500006
2025-05-23,slope_2s30s,103.100014
2025-05-27,slope_2s30s,102.000006
2025-05-28,slope_2s30s,101.49999
2025-05-29,slope_2s30s,100.299986
2025-05-30,slope_2s30s,103.89999
2025-06-02,slope_2s30s,105.499989
2025-06-03,slope_2s30s,102.29998
2025-06-04,slope_2s30s,101.700008
2025-06-05,slope_2s30s,96.399982
2025-06-06,slope_2s30s,92.299982
2025-06-09,slope_2s30s,94.4
2025-06-10,slope_2s30s,93.000006
2025-06-11,slope_2s30s,96.799999
2025-06-12,slope_2s30s,94.200001
2025-06-13,slope_2s30s,95.499996
2025-06-16,slope_2s30s,98.4
2025-06-17,slope_2s30s,95.300013
2025-06-18,slope_2s30s,95.499998
2025-06-20,slope_2s30s,98.899994
2025-06-23,slope_2s30s,101.699987
2025-06-24,slope_2s30s,107.9
2025-06-25,slope_2s30s,110.200001
2025-06-26,slope_2s30s,111.599998
2025-06-27,slope_2s30s,111.499979
2025-06-30,slope_2s30s,105.899981
2025-07-01,slope_2s30s,99.899981
2025-07-02,slope_2s30s,104.299995
2025-07-03,slope_2s30s,98.199999
2025-07-07,slope_2s30s,103.100023
2025-07-08,slope_2s30s,104.399977
2025-07-09,slope_2s30s,101.599993
2025-07-10,slope_2s30s,100.100006
2025-07-11,slope_2s30s,105.699978
2025-07-14,slope_2s30s,107.300005
2025-07-15,slope_2s30s,106.800013
2025-07-16,slope_2s30s,113.399994
2025-07-17,slope_2s30s,110.399994
2025-07-18,slope_2s30s,112.099993
2025-07-21,slope_2s30s,108.69998
2025-07-22,slope_2s30s,107.199995
2025-07-23,slope_2s30s,106.899988
2025-07-24,slope_2s30s,103.899988
2025-07-25,slope_2s30s,101.89999
2025-07-28,slope_2s30s,105.400023
2025-07-29,slope_2s30s,101.099981
2025-07-30,slope_2s30s,97.099977
2025-07-31,slope_2s30s,94.600016
2025-08-01,slope_2s30s,111.700016
2025-08-04,slope_2s30s,110.699993
2025-08-05,slope_2s30s,104.900005
2025-08-06,slope_2s30s,112.099987
2025-08-07,slope_2s30s,109.599998
2025-08-08,slope_2s30s,109.500002
2025-08-11,slope_2s30s,108.100008
2025-08-12,slope_2s30s,116.500023
2025-08-13,slope_2s30s,115.800007
2025-08-14,slope_2s30s,114.29999
2025-08-15,slope_2s30s,117.600012
2025-08-18,slope_2s30s,117.199991
2025-08-19,slope_2s30s,115.199995
2025-08-20,slope_2s30s,116.399981
2025-08-21,slope_2s30s,113.399979
2025-08-22,slope_2s30s,120.399982
2025-08-25,slope_2s30s,115.800001
2025-08-26,slope_2s30s,129.899992
2025-08-27,slope_2s30s,132.300011
2025-08-28,slope_2s30s,125.400007
2025-08-29,slope_2s30s,132.699982
2025-09-02,slope_2s30s,131.100019
2025-09-03,slope_2s30s,128.20002
2025-09-04,slope_2s30s,128.400007
2025-09-05,slope_2s30s,126.50001
2025-09-08,slope_2s30s,119.900013
2025-09-09,slope_2s30s,117.799994
2025-09-10,slope_2s30s,113.799997
2025-09-11,slope_2s30s,113.100002
2025-09-12,slope_2s30s,111.89999
2025-09-15,slope_2s30s,111.600014
2025-09-16,slope_2s30s,113.599991
2025-09-17,slope_2s30s,115.500019
2025-09-18,slope_2s30s,114.999979
2025-09-19,slope_2s30s,118.600004
2025-09-22,slope_2s30s,115.100016
2025-09-23,slope_2s30s,120.799992
2025-09-24,slope_2s30s,118.79999
2025-09-25,slope_2s30s,111.199986
2025-09-26,slope_2s30s,113.599979
2025-09-29,slope_2s30s,107.4
2025-09-30,slope_2s30s,113.199987
2025-10-01,slope_2s30s,116.500015
2025-10-02,slope_2s30s,114.500017
2025-10-03,slope_2s30s,113.400023
2025-10-06,slope_2s30s,115.79999
2025-10-07,slope_2s30s,115.599983
2025-10-08,slope_2s30s,114.399998
2025-10-09,slope_2s30s,113.29998
2025-10-10,slope_2s30s,111.399982
2025-10-14,slope_2s30s,114.300014
2025-10-15,slope_2s30s,113.899994
2025-10-16,slope_2s30s,117.300018
2025-10-17,slope_2s30s,114.300016
2025-10-20,slope_2s30s,111.600021
2025-10-21,slope_2s30s,109.799986
2025-10-22,slope_2s30s,108.900003
2025-10-23,slope_2s30s,109.299995
2025-10-24,slope_2s30s,110.500004
2025-10-27,slope_2s30s,109.000017
2025-10-28,slope_2s30s,107.699993
2025-10-29,slope_2s30s,100.99999
2025-10-30,slope_2s30s,103.699984
2025-10-31,slope_2s30s,107.000008
2025-11-03,slope_2s30s,108.900013
2025-11-04,slope_2s30s,109.000008
2025-11-05,slope_2s30s,110.600006
2025-11-06,slope_2s30s,111.80002
2025-11-07,slope_2s30s,114.999981
2025-11-10,slope_2s30s,112.200014
2025-11-12,slope_2s30s,110.099977
2025-11-13,slope_2s30s,112.200014
2025-11-14,slope_2s30s,112.700022
2025-11-17,slope_2s30s,113.600006
2025-11-18,slope_2s30s,116.300003
2025-11-19,slope_2s30s,117.199986
2025-11-20,slope_2s30s,118.199987
2025-11-21,slope_2s30s,120.500015
2025-11-24,slope_2s30s,121.799997
2025-11-25,slope_2s30s,122.799999
2025-11-26,slope_2s30s,119.400005
2025-11-28,slope_2s30s,119.499996
2025-12-01,slope_2s30s,120.399996
2025-12-02,slope_2s30s,123.100018
2025-12-03,slope_2s30s,123.49999
2025-12-04,slope_2s30s,124.499987
2025-12-05,slope_2s30s,123.199982
2025-12-08,slope_2s30s,124.599998
2025-12-09,slope_2s30s,119.900002
2025-12-10,slope_2s30s,125.699993
2025-12-11,slope_2s30s,126.999996
2025-12-12,slope_2s30s,133.79998
2025-12-15,slope_2s30s,134.099983
2025-12-16,slope_2s30s,134.399988
2025-12-17,slope_2s30s,133.800007
2025-12-18,slope_2s30s,133.899979
2025-12-19,slope_2s30s,134.800007
2025-12-22,slope_2s30s,140.200001
2025-12-23,slope_2s30s,135.099985
2025-12-24,slope_2s30s,132.799986
2025-12-26,slope_2s30s,136.000017
2025-12-29,slope_2s30s,135.499983
2025-12-30,slope_2s30s,136.30002
2025-12-31,slope_2s30s,137.000015
2026-01-02,slope_2s30s,139.399984
2026-01-05,slope_2s30s,139.400009
2026-01-06,slope_2s30s,139.600018
2026-01-07,slope_2s30s,134.500006
2026-01-08,slope_2s30s,136.79998
2026-01-09,slope_2s30s,127.899977
2026-01-12,slope_2s30s,130.000015
2026-01-13,slope_2s30s,129.800007
2026-01-14,slope_2s30s,128.500008
2026-01-15,slope_2s30s,122.700018
2026-01-16,slope_2s30s,125.000015
2026-01-20,slope_2s30s,132.000008
2026-01-21,slope_2s30s,127.099981
2026-01-22,slope_2s30s,123.700012
2026-01-23,slope_2s30s,123.300018
2026-01-26,slope_2s30s,124.499983
2026-01-27,slope_2s30s,130.199978
2026-01-28,slope_2s30s,130.000013
2026-01-29,slope_2s30s,132.400009
2026-01-30,slope_2s30s,135.200022
2026-02-02,slope_2s30s,133.899992
2026-02-03,slope_2s30s,133.600014
2026-02-04,slope_2s30s,134.499996
2026-02-05,slope_2s30s,139.199999
2026-02-06,slope_2s30s,135.500002
2026-02-09,slope_2s30s,136.800005
2026-02-10,slope_2s30s,133.800011
2026-02-11,slope_2s30s,129.400013
2026-02-12,slope_2s30s,126.099995
2026-02-13,slope_2s30s,129.799995
2026-02-17,slope_2s30s,125.300009
2026-02-18,slope_2s30s,123.599985
2026-02-19,slope_2s30s,123.4
2026-02-20,slope_2s30s,124.49999
2026-02-23,slope_2s30s,126.60001
2026-02-24,slope_2s30s,125.900013
2026-02-25,slope_2s30s,124.399977
2026-02-26,slope_2s30s,124.900015
2026-02-27,slope_2s30s,125.29999
2026-03-02,slope_2s30s,122.799995
2026-03-03,slope_2s30s,119.200014
2026-03-04,slope_2s30s,117.600008
2026-03-05,slope_2s30s,118.199986
2026-03-06,slope_2s30s,119.500011
2026-03-09,slope_2s30s,117.999977
2026-03-10,slope_2s30s,120.099991
2026-03-11,slope_2s30s,121.699987
2026-03-12,slope_2s30s,112.500023
2026-03-13,slope_2s30s,117.799999
2026-03-16,slope_2s30s,117.900021
2026-03-17,slope_2s30s,117.200024
2026-03-18,slope_2s30s,112.100004
2026-03-19,slope_2s30s,106.200024
2026-03-20,slope_2s30s,108.000004
2026-03-23,slope_2s30s,108.200018
2026-03-24,slope_2s30s,104.099998
2026-03-25,slope_2s30s,105.699984
2026-03-26,slope_2s30s,97.599987
2026-03-27,slope_2s30s,110.199987
2026-03-30,slope_2s30s,108.500021
2026-03-31,slope_2s30s,110.099979
2026-04-01,slope_2s30s,109.00001
2026-04-02,slope_2s30s,109.999987
2026-04-06,slope_2s30s,105.099979
2026-04-07,slope_2s30s,111.1
2026-04-08,slope_2s30s,109.700008
2026-04-09,slope_2s30s,111.699984
2026-04-10,slope_2s30s,110.400003
2026-04-13,slope_2s30s,112.00001
2026-04-14,slope_2s30s,110.800003
2026-04-15,slope_2s30s,113.099979
2026-04-16,slope_2s30s,114.89999
2026-04-17,slope_2s30s,117.500023
2026-04-20,slope_2s30s,116.100004
2026-04-21,slope_2s30s,111.799976
2026-04-22,slope_2s30s,111.199995
2026-04-23,slope_2s30s,108.800022
2026-04-24,slope_2s30s,113.599989
2026-04-27,slope_2s30s,116.199991
2026-04-28,slope_2s30s,110.399977
2026-04-29,slope_2s30s,106.699999
2026-04-30,slope_2s30s,110.699999
2026-05-01,slope_2s30s,108.600008
2026-05-04,slope_2s30s,107.50001
2026-05-05,slope_2s30s,105.400021
2026-05-06,slope_2s30s,107.299984
2026-05-07,slope_2s30s,104.899986
2026-05-08,slope_2s30s,104.700003
2026-05-11,slope_2s30s,103.600006
2026-05-12,slope_2s30s,103.100014
2026-05-13,slope_2s30s,106.699993
2026-05-14,slope_2s30s,101.200008
2026-05-15,slope_2s30s,103.799978
2026-05-18,slope_2s30s,107.699984
2026-05-19,slope_2s30s,105.100023
2026-05-20,slope_2s30s,107.600018
2026-05-21,slope_2s30s,103.199999
2026-05-22,slope_2s30s,93.400013
2026-05-26,slope_2s30s,101.600002
2026-05-27,slope_2s30s,101.100016
2026-05-28,slope_2s30s,99.500013
2026-05-29,slope_2s30s,101.300003
2026-06-01,slope_2s30s,94.100018
2026-06-02,slope_2s30s,91.700001
2026-06-03,slope_2s30s,90.999977
2026-06-04,slope_2s30s,92.800016
2026-06-05,slope_2s30s,82.900007
2026-06-08,slope_2s30s,87.400017
2026-06-09,slope_2s30s,88.100016
2026-06-10,slope_2s30s,89.50001
2026-06-11,slope_2s30s,90.100021
2026-06-12,slope_2s30s,88.49999
2026-06-15,slope_2s30s,90.100019
2026-06-16,slope_2s30s,87.799997
2026-06-17,slope_2s30s,72.600012
2026-06-18,slope_2s30s,71.100002
2026-06-22,slope_2s30s,70.700003
2026-06-23,slope_2s30s,78.000006
2026-06-24,slope_2s30s,74.599995
2026-06-25,slope_2s30s,76.79998
2026-06-26,slope_2s30s,79.399984
2026-06-29,slope_2s30s,76.000013
2026-06-30,slope_2s30s,76.199995
2026-07-01,slope_2s30s,79.600008
2026-07-02,slope_2s30s,84.500013
2026-07-06,slope_2s30s,86.300003
2026-07-07,slope_2s30s,85.300022
2026-07-08,slope_2s30s,85.500006
2026-07-09,slope_2s30s,89.299997
2026-07-10,slope_2s30s,86.10001
2026-07-13,slope_2s30s,83.800005
2026-07-14,slope_2s30s,91.399986
2026-07-15,slope_2s30s,95.300018
2026-07-16,slope_2s30s,93.800005
2026-07-17,slope_2s30s,88.400013
2026-07-20,slope_2s30s,90.800003
2026-07-21,slope_2s30s,87.000011
2026-07-22,slope_2s30s,83.699984
2026-07-23,slope_2s30s,80.1
2026-07-24,slope_2s30s,83.200018
2026-07-27,slope_2s30s,81.5
2026-07-28,slope_2s30s,83.600019
2026-07-29,slope_2s30s,92.300013
2026-07-30,slope_2s30s,97.800018
2026-07-31,slope_2s30s,99.50001
2026-08-03,slope_2s30s,98.099995
2026-08-04,slope_2s30s,99.000006
2026-08-05,slope_2s30s,99.399979
2026-08-06,slope_2s30s,96.299982
2026-08-07,slope_2s30s,102.099997
2026-08-10,slope_2s30s,99.300003
2026-08-11,slope_2s30s,101.600006
2026-08-12,slope_2s30s,104.700022
2026-08-13,slope_2s30s,106.299982
2026-08-14,slope_2s30s,109.499987
2026-08-17,slope_2s30s,111.900002
2026-08-18,slope_2s30s,109.499985
2026-08-19,slope_2s30s,100.399977
2026-08-20,slope_2s30s,104.699999
2026-08-21,slope_2s30s,103.600002
2026-08-24,slope_2s30s,99.099995
2026-08-25,slope_2s30s,100.399979
2026-08-26,slope_2s30s,99.599987
2024-05-23,sofr,5.31
2024-05-24,sofr,5.32
2024-05-28,sofr,5.32
2024-05-29,sofr,5.33
2024-05-30,sofr,5.33
2024-05-31,sofr,5.34
2024-06-03,sofr,5.35
2024-06-04,sofr,5.33
2024-06-05,sofr,5.33
2024-06-06,sofr,5.33
2024-06-07,sofr,5.33
2024-06-10,sofr,5.32
2024-06-11,sofr,5.32
2024-06-12,sofr,5.31
2024-06-13,sofr,5.31
2024-06-14,sofr,5.31
2024-06-17,sofr,5.33
2024-06-18,sofr,5.33
2024-06-20,sofr,5.32
2024-06-21,sofr,5.31
2024-06-24,sofr,5.31
2024-06-25,sofr,5.33
2024-06-26,sofr,5.34
2024-06-27,sofr,5.34
2024-06-28,sofr,5.33
2024-07-01,sofr,5.4
2024-07-02,sofr,5.35
2024-07-03,sofr,5.33
2024-07-05,sofr,5.32
2024-07-08,sofr,5.32
2024-07-09,sofr,5.34
2024-07-10,sofr,5.34
2024-07-11,sofr,5.34
2024-07-12,sofr,5.34
2024-07-15,sofr,5.34
2024-07-16,sofr,5.35
2024-07-17,sofr,5.35
2024-07-18,sofr,5.34
2024-07-19,sofr,5.34
2024-07-22,sofr,5.33
2024-07-23,sofr,5.34
2024-07-24,sofr,5.34
2024-07-25,sofr,5.35
2024-07-26,sofr,5.35
2024-07-29,sofr,5.33
2024-07-30,sofr,5.33
2024-07-31,sofr,5.38
2024-08-01,sofr,5.35
2024-08-02,sofr,5.35
2024-08-05,sofr,5.32
2024-08-06,sofr,5.33
2024-08-07,sofr,5.33
2024-08-08,sofr,5.34
2024-08-09,sofr,5.34
2024-08-12,sofr,5.34
2024-08-13,sofr,5.34
2024-08-14,sofr,5.33
2024-08-15,sofr,5.35
2024-08-16,sofr,5.32
2024-08-19,sofr,5.32
2024-08-20,sofr,5.32
2024-08-21,sofr,5.31
2024-08-22,sofr,5.31
2024-08-23,sofr,5.33
2024-08-26,sofr,5.34
2024-08-27,sofr,5.35
2024-08-28,sofr,5.35
2024-08-29,sofr,5.33
2024-08-30,sofr,5.32
2024-09-03,sofr,5.34
2024-09-04,sofr,5.35
2024-09-05,sofr,5.35
2024-09-06,sofr,5.34
2024-09-09,sofr,5.34
2024-09-10,sofr,5.33
2024-09-11,sofr,5.32
2024-09-12,sofr,5.33
2024-09-13,sofr,5.33
2024-09-16,sofr,5.38
2024-09-17,sofr,5.38
2024-09-18,sofr,5.33
2024-09-19,sofr,4.82
2024-09-20,sofr,4.83
2024-09-23,sofr,4.83
2024-09-24,sofr,4.84
2024-09-25,sofr,4.84
2024-09-26,sofr,4.83
2024-09-27,sofr,4.84
2024-09-30,sofr,4.96
2024-10-01,sofr,5.05
2024-10-02,sofr,4.92
2024-10-03,sofr,4.85
2024-10-04,sofr,4.83
2024-10-07,sofr,4.83
2024-10-08,sofr,4.84
2024-10-09,sofr,4.83
2024-10-10,sofr,4.82
2024-10-11,sofr,4.81
2024-10-15,sofr,4.86
2024-10-16,sofr,4.86
2024-10-17,sofr,4.85
2024-10-18,sofr,4.84
2024-10-21,sofr,4.82
2024-10-22,sofr,4.83
2024-10-23,sofr,4.83
2024-10-24,sofr,4.83
2024-10-25,sofr,4.83
2024-10-28,sofr,4.82
2024-10-29,sofr,4.82
2024-10-30,sofr,4.81
2024-10-31,sofr,4.9
2024-11-01,sofr,4.86
2024-11-04,sofr,4.82
2024-11-05,sofr,4.82
2024-11-06,sofr,4.81
2024-11-07,sofr,4.82
2024-11-08,sofr,4.6
2024-11-12,sofr,4.6
2024-11-13,sofr,4.59
2024-11-14,sofr,4.58
2024-11-15,sofr,4.57
2024-11-18,sofr,4.57
2024-11-19,sofr,4.57
2024-11-20,sofr,4.56
2024-11-21,sofr,4.57
2024-11-22,sofr,4.57
2024-11-25,sofr,4.58
2024-11-26,sofr,4.58
2024-11-27,sofr,4.57
2024-11-29,sofr,4.59
2024-12-02,sofr,4.64
2024-12-03,sofr,4.64
2024-12-04,sofr,4.59
2024-12-05,sofr,4.59
2024-12-06,sofr,4.6
2024-12-09,sofr,4.63
2024-12-10,sofr,4.64
2024-12-11,sofr,4.62
2024-12-12,sofr,4.62
2024-12-13,sofr,4.6
2024-12-16,sofr,4.65
2024-12-17,sofr,4.62
2024-12-18,sofr,4.57
2024-12-19,sofr,4.3
2024-12-20,sofr,4.3
2024-12-23,sofr,4.31
2024-12-24,sofr,4.4
2024-12-26,sofr,4.53
2024-12-27,sofr,4.46
2024-12-30,sofr,4.37
2024-12-31,sofr,4.49
2025-01-02,sofr,4.4
2025-01-03,sofr,4.31
2025-01-06,sofr,4.27
2025-01-07,sofr,4.27
2025-01-08,sofr,4.29
2025-01-09,sofr,4.3
2025-01-10,sofr,4.3
2025-01-13,sofr,4.29
2025-01-14,sofr,4.28
2025-01-15,sofr,4.28
2025-01-16,sofr,4.29
2025-01-17,sofr,4.29
2025-01-21,sofr,4.29
2025-01-22,sofr,4.3
2025-01-23,sofr,4.35
2025-01-24,sofr,4.34
2025-01-27,sofr,4.34
2025-01-28,sofr,4.35
2025-01-29,sofr,4.35
2025-01-30,sofr,4.36
2025-01-31,sofr,4.38
2025-02-03,sofr,4.35
2025-02-04,sofr,4.33
2025-02-05,sofr,4.33
2025-02-06,sofr,4.36
2025-02-07,sofr,4.35
2025-02-10,sofr,4.35
2025-02-11,sofr,4.34
2025-02-12,sofr,4.32
2025-02-13,sofr,4.33
2025-02-14,sofr,4.33
2025-02-18,sofr,4.37
2025-02-19,sofr,4.35
2025-02-20,sofr,4.33
2025-02-21,sofr,4.34
2025-02-24,sofr,4.34
2025-02-25,sofr,4.33
2025-02-26,sofr,4.33
2025-02-27,sofr,4.36
2025-02-28,sofr,4.39
2025-03-03,sofr,4.33
2025-03-04,sofr,4.33
2025-03-05,sofr,4.34
2025-03-06,sofr,4.35
2025-03-07,sofr,4.34
2025-03-10,sofr,4.33
2025-03-11,sofr,4.32
2025-03-12,sofr,4.31
2025-03-13,sofr,4.3
2025-03-14,sofr,4.3
2025-03-17,sofr,4.32
2025-03-18,sofr,4.31
2025-03-19,sofr,4.29
2025-03-20,sofr,4.29
2025-03-21,sofr,4.3
2025-03-24,sofr,4.31
2025-03-25,sofr,4.33
2025-03-26,sofr,4.35
2025-03-27,sofr,4.36
2025-03-28,sofr,4.34
2025-03-31,sofr,4.41
2025-04-01,sofr,4.39
2025-04-02,sofr,4.37
2025-04-03,sofr,4.39
2025-04-04,sofr,4.35
2025-04-07,sofr,4.33
2025-04-08,sofr,4.4
2025-04-09,sofr,4.42
2025-04-10,sofr,4.37
2025-04-11,sofr,4.33
2025-04-14,sofr,4.33
2025-04-15,sofr,4.36
2025-04-16,sofr,4.31
2025-04-17,sofr,4.32
2025-04-21,sofr,4.32
2025-04-22,sofr,4.3
2025-04-23,sofr,4.28
2025-04-24,sofr,4.29
2025-04-25,sofr,4.33
2025-04-28,sofr,4.36
2025-04-29,sofr,4.36
2025-04-30,sofr,4.41
2025-05-01,sofr,4.39
2025-05-02,sofr,4.36
2025-05-05,sofr,4.33
2025-05-06,sofr,4.32
2025-05-07,sofr,4.3
2025-05-08,sofr,4.29
2025-05-09,sofr,4.28
2025-05-12,sofr,4.28
2025-05-13,sofr,4.3
2025-05-14,sofr,4.29
2025-05-15,sofr,4.31
2025-05-16,sofr,4.3
2025-05-19,sofr,4.29
2025-05-20,sofr,4.27
2025-05-21,sofr,4.26
2025-05-22,sofr,4.26
2025-05-23,sofr,4.26
2025-05-27,sofr,4.31
2025-05-28,sofr,4.33
2025-05-29,sofr,4.33
2025-05-30,sofr,4.35
2025-06-02,sofr,4.35
2025-06-03,sofr,4.32
2025-06-04,sofr,4.28
2025-06-05,sofr,4.29
2025-06-06,sofr,4.29
2025-06-09,sofr,4.29
2025-06-10,sofr,4.28
2025-06-11,sofr,4.28
2025-06-12,sofr,4.28
2025-06-13,sofr,4.28
2025-06-16,sofr,4.32
2025-06-17,sofr,4.31
2025-06-18,sofr,4.28
2025-06-20,sofr,4.29
2025-06-23,sofr,4.29
2025-06-24,sofr,4.3
2025-06-25,sofr,4.36
2025-06-26,sofr,4.4
2025-06-27,sofr,4.39
2025-06-30,sofr,4.45
2025-07-01,sofr,4.44
2025-07-02,sofr,4.4
2025-07-03,sofr,4.35
2025-07-07,sofr,4.33
2025-07-08,sofr,4.34
2025-07-09,sofr,4.32
2025-07-10,sofr,4.31
2025-07-11,sofr,4.31
2025-07-14,sofr,4.33
2025-07-15,sofr,4.37
2025-07-16,sofr,4.34
2025-07-17,sofr,4.34
2025-07-18,sofr,4.3
2025-07-21,sofr,4.28
2025-07-22,sofr,4.28
2025-07-23,sofr,4.28
2025-07-24,sofr,4.3
2025-07-25,sofr,4.36
2025-07-28,sofr,4.36
2025-07-29,sofr,4.36
2025-07-30,sofr,4.32
2025-07-31,sofr,4.39
2025-08-01,sofr,4.34
2025-08-04,sofr,4.33
2025-08-05,sofr,4.34
2025-08-06,sofr,4.34
2025-08-07,sofr,4.35
2025-08-08,sofr,4.35
2025-08-11,sofr,4.34
2025-08-12,sofr,4.36
2025-08-13,sofr,4.33
2025-08-14,sofr,4.34
2025-08-15,sofr,4.36
2025-08-18,sofr,4.34
2025-08-19,sofr,4.33
2025-08-20,sofr,4.31
2025-08-21,sofr,4.32
2025-08-22,sofr,4.36
2025-08-25,sofr,4.37
2025-08-26,sofr,4.38
2025-08-27,sofr,4.36
2025-08-28,sofr,4.34
2025-08-29,sofr,4.34
2025-09-02,sofr,4.39
2025-09-03,sofr,4.39
2025-09-04,sofr,4.41
2025-09-05,sofr,4.42
2025-09-08,sofr,4.4
2025-09-09,sofr,4.4
2025-09-10,sofr,4.39
2025-09-11,sofr,4.41
2025-09-12,sofr,4.42
2025-09-15,sofr,4.51
2025-09-16,sofr,4.39
2025-09-17,sofr,4.38
2025-09-18,sofr,4.14
2025-09-19,sofr,4.14
2025-09-22,sofr,4.14
2025-09-23,sofr,4.12
2025-09-24,sofr,4.13
2025-09-25,sofr,4.18
2025-09-26,sofr,4.16
2025-09-29,sofr,4.13
2025-09-30,sofr,4.24
2025-10-01,sofr,4.2
2025-10-02,sofr,4.2
2025-10-03,sofr,4.18
2025-10-06,sofr,4.15
2025-10-07,sofr,4.14
2025-10-08,sofr,4.12
2025-10-09,sofr,4.13
2025-10-10,sofr,4.15
2025-10-14,sofr,4.19
2025-10-15,sofr,4.29
2025-10-16,sofr,4.3
2025-10-17,sofr,4.18
2025-10-20,sofr,4.16
2025-10-21,sofr,4.23
2025-10-22,sofr,4.21
2025-10-23,sofr,4.24
2025-10-24,sofr,4.24
2025-10-27,sofr,4.27
2025-10-28,sofr,4.31
2025-10-29,sofr,4.27
2025-10-30,sofr,4.04
2025-10-31,sofr,4.22
2025-11-03,sofr,4.13
2025-11-04,sofr,4.0
2025-11-05,sofr,3.91
2025-11-06,sofr,3.92
2025-11-07,sofr,3.93
2025-11-10,sofr,3.95
2025-11-12,sofr,3.98
2025-11-13,sofr,4.0
2025-11-14,sofr,3.95
2025-11-17,sofr,4.0
2025-11-18,sofr,3.94
2025-11-19,sofr,3.91
2025-11-20,sofr,3.91
2025-11-21,sofr,3.93
2025-11-24,sofr,3.96
2025-11-25,sofr,4.01
2025-11-26,sofr,4.05
2025-11-28,sofr,4.12
2025-12-01,sofr,4.12
2025-12-02,sofr,4.01
2025-12-03,sofr,3.95
2025-12-04,sofr,3.92
2025-12-05,sofr,3.93
2025-12-08,sofr,3.95
2025-12-09,sofr,3.93
2025-12-10,sofr,3.9
2025-12-11,sofr,3.66
2025-12-12,sofr,3.67
2025-12-15,sofr,3.75
2025-12-16,sofr,3.69
2025-12-17,sofr,3.69
2025-12-18,sofr,3.66
2025-12-19,sofr,3.66
2025-12-22,sofr,3.68
2025-12-23,sofr,3.66
2025-12-24,sofr,3.66
2025-12-26,sofr,3.76
2025-12-29,sofr,3.77
2025-12-30,sofr,3.71
2025-12-31,sofr,3.87
2026-01-02,sofr,3.75
2026-01-05,sofr,3.7
2026-01-06,sofr,3.66
2026-01-07,sofr,3.65
2026-01-08,sofr,3.64
2026-01-09,sofr,3.64
2026-01-12,sofr,3.64
2026-01-13,sofr,3.65
2026-01-14,sofr,3.64
2026-01-15,sofr,3.66
2026-01-16,sofr,3.65
2026-01-20,sofr,3.64
2026-01-21,sofr,3.63
2026-01-22,sofr,3.64
2026-01-23,sofr,3.65
2026-01-26,sofr,3.66
2026-01-27,sofr,3.66
2026-01-28,sofr,3.64
2026-01-29,sofr,3.65
2026-01-30,sofr,3.68
2026-02-02,sofr,3.69
2026-02-03,sofr,3.69
2026-02-04,sofr,3.65
2026-02-05,sofr,3.65
2026-02-06,sofr,3.64
2026-02-09,sofr,3.63
2026-02-10,sofr,3.65
2026-02-11,sofr,3.65
2026-02-12,sofr,3.65
2026-02-13,sofr,3.66
2026-02-17,sofr,3.71
2026-02-18,sofr,3.73
2026-02-19,sofr,3.67
2026-02-20,sofr,3.66
2026-02-23,sofr,3.66
2026-02-24,sofr,3.67
2026-02-25,sofr,3.67
2026-02-26,sofr,3.67
2026-02-27,sofr,3.68
2026-03-02,sofr,3.71
2026-03-03,sofr,3.7
2026-03-04,sofr,3.67
2026-03-05,sofr,3.66
2026-03-06,sofr,3.65
2026-03-09,sofr,3.65
2026-03-10,sofr,3.64
2026-03-11,sofr,3.64
2026-03-12,sofr,3.65
2026-03-13,sofr,3.65
2026-03-16,sofr,3.7
2026-03-17,sofr,3.65
2026-03-18,sofr,3.62
2026-03-19,sofr,3.62
2026-03-20,sofr,3.62
2026-03-23,sofr,3.62
2026-03-24,sofr,3.63
2026-03-25,sofr,3.64
2026-03-26,sofr,3.65
2026-03-27,sofr,3.63
2026-03-30,sofr,3.63
2026-03-31,sofr,3.68
2026-04-01,sofr,3.65
2026-04-02,sofr,3.66
2026-04-06,sofr,3.65
2026-04-07,sofr,3.62
2026-04-08,sofr,3.59
2026-04-09,sofr,3.57
2026-04-10,sofr,3.61
2026-04-13,sofr,3.63
2026-04-14,sofr,3.66
2026-04-15,sofr,3.72
2026-04-16,sofr,3.67
2026-04-17,sofr,3.65
2026-04-20,sofr,3.63
2026-04-21,sofr,3.63
2026-04-22,sofr,3.64
2026-04-23,sofr,3.65
2026-04-24,sofr,3.66
2026-04-27,sofr,3.66
2026-04-28,sofr,3.64
2026-04-29,sofr,3.63
2026-04-30,sofr,3.66
2026-05-01,sofr,3.64
2026-05-04,sofr,3.63
2026-05-05,sofr,3.62
2026-05-06,sofr,3.61
2026-05-07,sofr,3.6
2026-05-08,sofr,3.6
2026-05-11,sofr,3.6
2026-05-12,sofr,3.6
2026-05-13,sofr,3.59
2026-05-14,sofr,3.56
2026-05-15,sofr,3.55
2026-05-18,sofr,3.53
2026-05-19,sofr,3.51
2026-05-20,sofr,3.5
2026-05-21,sofr,3.51
2026-05-22,sofr,3.55
2026-05-26,sofr,3.63
2026-05-27,sofr,3.63
2026-05-28,sofr,3.62
2026-05-29,sofr,3.63
2026-06-01,sofr,3.65
2026-06-02,sofr,3.63
2026-06-03,sofr,3.61
2026-06-04,sofr,3.62
2026-06-05,sofr,3.63
2026-06-08,sofr,3.63
2026-06-09,sofr,3.6
2026-06-10,sofr,3.59
2026-06-11,sofr,3.6
2026-06-12,sofr,3.65
2026-06-15,sofr,3.69
2026-06-16,sofr,3.63
2026-06-17,sofr,3.63
2026-06-18,sofr,3.62
2026-06-22,sofr,3.61
2026-06-23,sofr,3.62
2026-06-24,sofr,3.62
2026-06-25,sofr,3.64
2026-06-26,sofr,3.62
2026-06-29,sofr,3.62
2026-06-30,sofr,3.68
2026-07-01,sofr,3.66
2026-07-02,sofr,3.64
2026-07-06,sofr,3.63
2026-07-07,sofr,3.62
2026-07-08,sofr,3.58
2026-07-09,sofr,3.53
2026-07-10,sofr,3.55
2026-07-13,sofr,3.6
2026-07-14,sofr,3.63
2026-07-15,sofr,3.64
2026-07-16,sofr,3.62
2026-07-17,sofr,3.59
2026-07-20,sofr,3.57
2026-07-21,sofr,3.61
2026-07-22,sofr,3.62
2026-07-23,sofr,3.64
2026-07-24,sofr,3.64
2026-07-27,sofr,3.64
2026-07-28,sofr,3.65
2026-07-29,sofr,3.65
2026-07-30,sofr,3.65
2026-07-31,sofr,3.66
2026-08-03,sofr,3.65
2026-08-04,sofr,3.66
2026-08-05,sofr,3.64
2026-08-06,sofr,3.65
2026-08-07,sofr,3.62
2026-08-10,sofr,3.63
2026-08-11,sofr,3.64
2026-08-12,sofr,3.62
2026-08-13,sofr,3.62
2026-08-14,sofr,3.62
2026-08-17,sofr,3.66
2026-08-18,sofr,3.65
2026-08-19,sofr,3.62
2026-08-20,sofr,3.63
2026-08-21,sofr,3.65
2026-08-24,sofr,3.65
2026-08-25,sofr,3.66
2026-08-26,sofr,3.64
2024-05-23,sofr_iorb,-9.0
2024-05-24,sofr_iorb,-8.0
2024-05-28,sofr_iorb,-8.0
2024-05-29,sofr_iorb,-7.0
2024-05-30,sofr_iorb,-7.0
2024-05-31,sofr_iorb,-6.0
2024-06-03,sofr_iorb,-5.0
2024-06-04,sofr_iorb,-7.0
2024-06-05,sofr_iorb,-7.0
2024-06-06,sofr_iorb,-7.0
2024-06-07,sofr_iorb,-7.0
2024-06-10,sofr_iorb,-8.0
2024-06-11,sofr_iorb,-8.0
2024-06-12,sofr_iorb,-9.0
2024-06-13,sofr_iorb,-9.0
2024-06-14,sofr_iorb,-9.0
2024-06-17,sofr_iorb,-7.0
2024-06-18,sofr_iorb,-7.0
2024-06-20,sofr_iorb,-8.0
2024-06-21,sofr_iorb,-9.0
2024-06-24,sofr_iorb,-9.0
2024-06-25,sofr_iorb,-7.0
2024-06-26,sofr_iorb,-6.0
2024-06-27,sofr_iorb,-6.0
2024-06-28,sofr_iorb,-7.0
2024-07-01,sofr_iorb,0.0
2024-07-02,sofr_iorb,-5.0
2024-07-03,sofr_iorb,-7.0
2024-07-05,sofr_iorb,-8.0
2024-07-08,sofr_iorb,-8.0
2024-07-09,sofr_iorb,-6.0
2024-07-10,sofr_iorb,-6.0
2024-07-11,sofr_iorb,-6.0
2024-07-12,sofr_iorb,-6.0
2024-07-15,sofr_iorb,-6.0
2024-07-16,sofr_iorb,-5.0
2024-07-17,sofr_iorb,-5.0
2024-07-18,sofr_iorb,-6.0
2024-07-19,sofr_iorb,-6.0
2024-07-22,sofr_iorb,-7.0
2024-07-23,sofr_iorb,-6.0
2024-07-24,sofr_iorb,-6.0
2024-07-25,sofr_iorb,-5.0
2024-07-26,sofr_iorb,-5.0
2024-07-29,sofr_iorb,-7.0
2024-07-30,sofr_iorb,-7.0
2024-07-31,sofr_iorb,-2.0
2024-08-01,sofr_iorb,-5.0
2024-08-02,sofr_iorb,-5.0
2024-08-05,sofr_iorb,-8.0
2024-08-06,sofr_iorb,-7.0
2024-08-07,sofr_iorb,-7.0
2024-08-08,sofr_iorb,-6.0
2024-08-09,sofr_iorb,-6.0
2024-08-12,sofr_iorb,-6.0
2024-08-13,sofr_iorb,-6.0
2024-08-14,sofr_iorb,-7.0
2024-08-15,sofr_iorb,-5.0
2024-08-16,sofr_iorb,-8.0
2024-08-19,sofr_iorb,-8.0
2024-08-20,sofr_iorb,-8.0
2024-08-21,sofr_iorb,-9.0
2024-08-22,sofr_iorb,-9.0
2024-08-23,sofr_iorb,-7.0
2024-08-26,sofr_iorb,-6.0
2024-08-27,sofr_iorb,-5.0
2024-08-28,sofr_iorb,-5.0
2024-08-29,sofr_iorb,-7.0
2024-08-30,sofr_iorb,-8.0
2024-09-03,sofr_iorb,-6.0
2024-09-04,sofr_iorb,-5.0
2024-09-05,sofr_iorb,-5.0
2024-09-06,sofr_iorb,-6.0
2024-09-09,sofr_iorb,-6.0
2024-09-10,sofr_iorb,-7.0
2024-09-11,sofr_iorb,-8.0
2024-09-12,sofr_iorb,-7.0
2024-09-13,sofr_iorb,-7.0
2024-09-16,sofr_iorb,-2.0
2024-09-17,sofr_iorb,-2.0
2024-09-18,sofr_iorb,-7.0
2024-09-19,sofr_iorb,-8.0
2024-09-20,sofr_iorb,-7.0
2024-09-23,sofr_iorb,-7.0
2024-09-24,sofr_iorb,-6.0
2024-09-25,sofr_iorb,-6.0
2024-09-26,sofr_iorb,-7.0
2024-09-27,sofr_iorb,-6.0
2024-09-30,sofr_iorb,6.0
2024-10-01,sofr_iorb,15.0
2024-10-02,sofr_iorb,2.0
2024-10-03,sofr_iorb,-5.0
2024-10-04,sofr_iorb,-7.0
2024-10-07,sofr_iorb,-7.0
2024-10-08,sofr_iorb,-6.0
2024-10-09,sofr_iorb,-7.0
2024-10-10,sofr_iorb,-8.0
2024-10-11,sofr_iorb,-9.0
2024-10-15,sofr_iorb,-4.0
2024-10-16,sofr_iorb,-4.0
2024-10-17,sofr_iorb,-5.0
2024-10-18,sofr_iorb,-6.0
2024-10-21,sofr_iorb,-8.0
2024-10-22,sofr_iorb,-7.0
2024-10-23,sofr_iorb,-7.0
2024-10-24,sofr_iorb,-7.0
2024-10-25,sofr_iorb,-7.0
2024-10-28,sofr_iorb,-8.0
2024-10-29,sofr_iorb,-8.0
2024-10-30,sofr_iorb,-9.0
2024-10-31,sofr_iorb,0.0
2024-11-01,sofr_iorb,-4.0
2024-11-04,sofr_iorb,-8.0
2024-11-05,sofr_iorb,-8.0
2024-11-06,sofr_iorb,-9.0
2024-11-07,sofr_iorb,-8.0
2024-11-08,sofr_iorb,-5.0
2024-11-12,sofr_iorb,-5.0
2024-11-13,sofr_iorb,-6.0
2024-11-14,sofr_iorb,-7.0
2024-11-15,sofr_iorb,-8.0
2024-11-18,sofr_iorb,-8.0
2024-11-19,sofr_iorb,-8.0
2024-11-20,sofr_iorb,-9.0
2024-11-21,sofr_iorb,-8.0
2024-11-22,sofr_iorb,-8.0
2024-11-25,sofr_iorb,-7.0
2024-11-26,sofr_iorb,-7.0
2024-11-27,sofr_iorb,-8.0
2024-11-29,sofr_iorb,-6.0
2024-12-02,sofr_iorb,-1.0
2024-12-03,sofr_iorb,-1.0
2024-12-04,sofr_iorb,-6.0
2024-12-05,sofr_iorb,-6.0
2024-12-06,sofr_iorb,-5.0
2024-12-09,sofr_iorb,-2.0
2024-12-10,sofr_iorb,-1.0
2024-12-11,sofr_iorb,-3.0
2024-12-12,sofr_iorb,-3.0
2024-12-13,sofr_iorb,-5.0
2024-12-16,sofr_iorb,0.0
2024-12-17,sofr_iorb,-3.0
2024-12-18,sofr_iorb,-8.0
2024-12-19,sofr_iorb,-10.0
2024-12-20,sofr_iorb,-10.0
2024-12-23,sofr_iorb,-9.0
2024-12-24,sofr_iorb,0.0
2024-12-26,sofr_iorb,13.0
2024-12-27,sofr_iorb,6.0
2024-12-30,sofr_iorb,-3.0
2024-12-31,sofr_iorb,9.0
2025-01-02,sofr_iorb,0.0
2025-01-03,sofr_iorb,-9.0
2025-01-06,sofr_iorb,-13.0
2025-01-07,sofr_iorb,-13.0
2025-01-08,sofr_iorb,-11.0
2025-01-09,sofr_iorb,-10.0
2025-01-10,sofr_iorb,-10.0
2025-01-13,sofr_iorb,-11.0
2025-01-14,sofr_iorb,-12.0
2025-01-15,sofr_iorb,-12.0
2025-01-16,sofr_iorb,-11.0
2025-01-17,sofr_iorb,-11.0
2025-01-21,sofr_iorb,-11.0
2025-01-22,sofr_iorb,-10.0
2025-01-23,sofr_iorb,-5.0
2025-01-24,sofr_iorb,-6.0
2025-01-27,sofr_iorb,-6.0
2025-01-28,sofr_iorb,-5.0
2025-01-29,sofr_iorb,-5.0
2025-01-30,sofr_iorb,-4.0
2025-01-31,sofr_iorb,-2.0
2025-02-03,sofr_iorb,-5.0
2025-02-04,sofr_iorb,-7.0
2025-02-05,sofr_iorb,-7.0
2025-02-06,sofr_iorb,-4.0
2025-02-07,sofr_iorb,-5.0
2025-02-10,sofr_iorb,-5.0
2025-02-11,sofr_iorb,-6.0
2025-02-12,sofr_iorb,-8.0
2025-02-13,sofr_iorb,-7.0
2025-02-14,sofr_iorb,-7.0
2025-02-18,sofr_iorb,-3.0
2025-02-19,sofr_iorb,-5.0
2025-02-20,sofr_iorb,-7.0
2025-02-21,sofr_iorb,-6.0
2025-02-24,sofr_iorb,-6.0
2025-02-25,sofr_iorb,-7.0
2025-02-26,sofr_iorb,-7.0
2025-02-27,sofr_iorb,-4.0
2025-02-28,sofr_iorb,-1.0
2025-03-03,sofr_iorb,-7.0
2025-03-04,sofr_iorb,-7.0
2025-03-05,sofr_iorb,-6.0
2025-03-06,sofr_iorb,-5.0
2025-03-07,sofr_iorb,-6.0
2025-03-10,sofr_iorb,-7.0
2025-03-11,sofr_iorb,-8.0
2025-03-12,sofr_iorb,-9.0
2025-03-13,sofr_iorb,-10.0
2025-03-14,sofr_iorb,-10.0
2025-03-17,sofr_iorb,-8.0
2025-03-18,sofr_iorb,-9.0
2025-03-19,sofr_iorb,-11.0
2025-03-20,sofr_iorb,-11.0
2025-03-21,sofr_iorb,-10.0
2025-03-24,sofr_iorb,-9.0
2025-03-25,sofr_iorb,-7.0
2025-03-26,sofr_iorb,-5.0
2025-03-27,sofr_iorb,-4.0
2025-03-28,sofr_iorb,-6.0
2025-03-31,sofr_iorb,1.0
2025-04-01,sofr_iorb,-1.0
2025-04-02,sofr_iorb,-3.0
2025-04-03,sofr_iorb,-1.0
2025-04-04,sofr_iorb,-5.0
2025-04-07,sofr_iorb,-7.0
2025-04-08,sofr_iorb,0.0
2025-04-09,sofr_iorb,2.0
2025-04-10,sofr_iorb,-3.0
2025-04-11,sofr_iorb,-7.0
2025-04-14,sofr_iorb,-7.0
2025-04-15,sofr_iorb,-4.0
2025-04-16,sofr_iorb,-9.0
2025-04-17,sofr_iorb,-8.0
2025-04-21,sofr_iorb,-8.0
2025-04-22,sofr_iorb,-10.0
2025-04-23,sofr_iorb,-12.0
2025-04-24,sofr_iorb,-11.0
2025-04-25,sofr_iorb,-7.0
2025-04-28,sofr_iorb,-4.0
2025-04-29,sofr_iorb,-4.0
2025-04-30,sofr_iorb,1.0
2025-05-01,sofr_iorb,-1.0
2025-05-02,sofr_iorb,-4.0
2025-05-05,sofr_iorb,-7.0
2025-05-06,sofr_iorb,-8.0
2025-05-07,sofr_iorb,-10.0
2025-05-08,sofr_iorb,-11.0
2025-05-09,sofr_iorb,-12.0
2025-05-12,sofr_iorb,-12.0
2025-05-13,sofr_iorb,-10.0
2025-05-14,sofr_iorb,-11.0
2025-05-15,sofr_iorb,-9.0
2025-05-16,sofr_iorb,-10.0
2025-05-19,sofr_iorb,-11.0
2025-05-20,sofr_iorb,-13.0
2025-05-21,sofr_iorb,-14.0
2025-05-22,sofr_iorb,-14.0
2025-05-23,sofr_iorb,-14.0
2025-05-27,sofr_iorb,-9.0
2025-05-28,sofr_iorb,-7.0
2025-05-29,sofr_iorb,-7.0
2025-05-30,sofr_iorb,-5.0
2025-06-02,sofr_iorb,-5.0
2025-06-03,sofr_iorb,-8.0
2025-06-04,sofr_iorb,-12.0
2025-06-05,sofr_iorb,-11.0
2025-06-06,sofr_iorb,-11.0
2025-06-09,sofr_iorb,-11.0
2025-06-10,sofr_iorb,-12.0
2025-06-11,sofr_iorb,-12.0
2025-06-12,sofr_iorb,-12.0
2025-06-13,sofr_iorb,-12.0
2025-06-16,sofr_iorb,-8.0
2025-06-17,sofr_iorb,-9.0
2025-06-18,sofr_iorb,-12.0
2025-06-20,sofr_iorb,-11.0
2025-06-23,sofr_iorb,-11.0
2025-06-24,sofr_iorb,-10.0
2025-06-25,sofr_iorb,-4.0
2025-06-26,sofr_iorb,0.0
2025-06-27,sofr_iorb,-1.0
2025-06-30,sofr_iorb,5.0
2025-07-01,sofr_iorb,4.0
2025-07-02,sofr_iorb,0.0
2025-07-03,sofr_iorb,-5.0
2025-07-07,sofr_iorb,-7.0
2025-07-08,sofr_iorb,-6.0
2025-07-09,sofr_iorb,-8.0
2025-07-10,sofr_iorb,-9.0
2025-07-11,sofr_iorb,-9.0
2025-07-14,sofr_iorb,-7.0
2025-07-15,sofr_iorb,-3.0
2025-07-16,sofr_iorb,-6.0
2025-07-17,sofr_iorb,-6.0
2025-07-18,sofr_iorb,-10.0
2025-07-21,sofr_iorb,-12.0
2025-07-22,sofr_iorb,-12.0
2025-07-23,sofr_iorb,-12.0
2025-07-24,sofr_iorb,-10.0
2025-07-25,sofr_iorb,-4.0
2025-07-28,sofr_iorb,-4.0
2025-07-29,sofr_iorb,-4.0
2025-07-30,sofr_iorb,-8.0
2025-07-31,sofr_iorb,-1.0
2025-08-01,sofr_iorb,-6.0
2025-08-04,sofr_iorb,-7.0
2025-08-05,sofr_iorb,-6.0
2025-08-06,sofr_iorb,-6.0
2025-08-07,sofr_iorb,-5.0
2025-08-08,sofr_iorb,-5.0
2025-08-11,sofr_iorb,-6.0
2025-08-12,sofr_iorb,-4.0
2025-08-13,sofr_iorb,-7.0
2025-08-14,sofr_iorb,-6.0
2025-08-15,sofr_iorb,-4.0
2025-08-18,sofr_iorb,-6.0
2025-08-19,sofr_iorb,-7.0
2025-08-20,sofr_iorb,-9.0
2025-08-21,sofr_iorb,-8.0
2025-08-22,sofr_iorb,-4.0
2025-08-25,sofr_iorb,-3.0
2025-08-26,sofr_iorb,-2.0
2025-08-27,sofr_iorb,-4.0
2025-08-28,sofr_iorb,-6.0
2025-08-29,sofr_iorb,-6.0
2025-09-02,sofr_iorb,-1.0
2025-09-03,sofr_iorb,-1.0
2025-09-04,sofr_iorb,1.0
2025-09-05,sofr_iorb,2.0
2025-09-08,sofr_iorb,0.0
2025-09-09,sofr_iorb,0.0
2025-09-10,sofr_iorb,-1.0
2025-09-11,sofr_iorb,1.0
2025-09-12,sofr_iorb,2.0
2025-09-15,sofr_iorb,11.0
2025-09-16,sofr_iorb,-1.0
2025-09-17,sofr_iorb,-2.0
2025-09-18,sofr_iorb,-1.0
2025-09-19,sofr_iorb,-1.0
2025-09-22,sofr_iorb,-1.0
2025-09-23,sofr_iorb,-3.0
2025-09-24,sofr_iorb,-2.0
2025-09-25,sofr_iorb,3.0
2025-09-26,sofr_iorb,1.0
2025-09-29,sofr_iorb,-2.0
2025-09-30,sofr_iorb,9.0
2025-10-01,sofr_iorb,5.0
2025-10-02,sofr_iorb,5.0
2025-10-03,sofr_iorb,3.0
2025-10-06,sofr_iorb,0.0
2025-10-07,sofr_iorb,-1.0
2025-10-08,sofr_iorb,-3.0
2025-10-09,sofr_iorb,-2.0
2025-10-10,sofr_iorb,0.0
2025-10-14,sofr_iorb,4.0
2025-10-15,sofr_iorb,14.0
2025-10-16,sofr_iorb,15.0
2025-10-17,sofr_iorb,3.0
2025-10-20,sofr_iorb,1.0
2025-10-21,sofr_iorb,8.0
2025-10-22,sofr_iorb,6.0
2025-10-23,sofr_iorb,9.0
2025-10-24,sofr_iorb,9.0
2025-10-27,sofr_iorb,12.0
2025-10-28,sofr_iorb,16.0
2025-10-29,sofr_iorb,12.0
2025-10-30,sofr_iorb,14.0
2025-10-31,sofr_iorb,32.0
2025-11-03,sofr_iorb,23.0
2025-11-04,sofr_iorb,10.0
2025-11-05,sofr_iorb,1.0
2025-11-06,sofr_iorb,2.0
2025-11-07,sofr_iorb,3.0
2025-11-10,sofr_iorb,5.0
2025-11-12,sofr_iorb,8.0
2025-11-13,sofr_iorb,10.0
2025-11-14,sofr_iorb,5.0
2025-11-17,sofr_iorb,10.0
2025-11-18,sofr_iorb,4.0
2025-11-19,sofr_iorb,1.0
2025-11-20,sofr_iorb,1.0
2025-11-21,sofr_iorb,3.0
2025-11-24,sofr_iorb,6.0
2025-11-25,sofr_iorb,11.0
2025-11-26,sofr_iorb,15.0
2025-11-28,sofr_iorb,22.0
2025-12-01,sofr_iorb,22.0
2025-12-02,sofr_iorb,11.0
2025-12-03,sofr_iorb,5.0
2025-12-04,sofr_iorb,2.0
2025-12-05,sofr_iorb,3.0
2025-12-08,sofr_iorb,5.0
2025-12-09,sofr_iorb,3.0
2025-12-10,sofr_iorb,0.0
2025-12-11,sofr_iorb,1.0
2025-12-12,sofr_iorb,2.0
2025-12-15,sofr_iorb,10.0
2025-12-16,sofr_iorb,4.0
2025-12-17,sofr_iorb,4.0
2025-12-18,sofr_iorb,1.0
2025-12-19,sofr_iorb,1.0
2025-12-22,sofr_iorb,3.0
2025-12-23,sofr_iorb,1.0
2025-12-24,sofr_iorb,1.0
2025-12-26,sofr_iorb,11.0
2025-12-29,sofr_iorb,12.0
2025-12-30,sofr_iorb,6.0
2025-12-31,sofr_iorb,22.0
2026-01-02,sofr_iorb,10.0
2026-01-05,sofr_iorb,5.0
2026-01-06,sofr_iorb,1.0
2026-01-07,sofr_iorb,0.0
2026-01-08,sofr_iorb,-1.0
2026-01-09,sofr_iorb,-1.0
2026-01-12,sofr_iorb,-1.0
2026-01-13,sofr_iorb,0.0
2026-01-14,sofr_iorb,-1.0
2026-01-15,sofr_iorb,1.0
2026-01-16,sofr_iorb,0.0
2026-01-20,sofr_iorb,-1.0
2026-01-21,sofr_iorb,-2.0
2026-01-22,sofr_iorb,-1.0
2026-01-23,sofr_iorb,0.0
2026-01-26,sofr_iorb,1.0
2026-01-27,sofr_iorb,1.0
2026-01-28,sofr_iorb,-1.0
2026-01-29,sofr_iorb,0.0
2026-01-30,sofr_iorb,3.0
2026-02-02,sofr_iorb,4.0
2026-02-03,sofr_iorb,4.0
2026-02-04,sofr_iorb,0.0
2026-02-05,sofr_iorb,0.0
2026-02-06,sofr_iorb,-1.0
2026-02-09,sofr_iorb,-2.0
2026-02-10,sofr_iorb,0.0
2026-02-11,sofr_iorb,0.0
2026-02-12,sofr_iorb,0.0
2026-02-13,sofr_iorb,1.0
2026-02-17,sofr_iorb,6.0
2026-02-18,sofr_iorb,8.0
2026-02-19,sofr_iorb,2.0
2026-02-20,sofr_iorb,1.0
2026-02-23,sofr_iorb,1.0
2026-02-24,sofr_iorb,2.0
2026-02-25,sofr_iorb,2.0
2026-02-26,sofr_iorb,2.0
2026-02-27,sofr_iorb,3.0
2026-03-02,sofr_iorb,6.0
2026-03-03,sofr_iorb,5.0
2026-03-04,sofr_iorb,2.0
2026-03-05,sofr_iorb,1.0
2026-03-06,sofr_iorb,0.0
2026-03-09,sofr_iorb,0.0
2026-03-10,sofr_iorb,-1.0
2026-03-11,sofr_iorb,-1.0
2026-03-12,sofr_iorb,0.0
2026-03-13,sofr_iorb,0.0
2026-03-16,sofr_iorb,5.0
2026-03-17,sofr_iorb,0.0
2026-03-18,sofr_iorb,-3.0
2026-03-19,sofr_iorb,-3.0
2026-03-20,sofr_iorb,-3.0
2026-03-23,sofr_iorb,-3.0
2026-03-24,sofr_iorb,-2.0
2026-03-25,sofr_iorb,-1.0
2026-03-26,sofr_iorb,0.0
2026-03-27,sofr_iorb,-2.0
2026-03-30,sofr_iorb,-2.0
2026-03-31,sofr_iorb,3.0
2026-04-01,sofr_iorb,0.0
2026-04-02,sofr_iorb,1.0
2026-04-06,sofr_iorb,0.0
2026-04-07,sofr_iorb,-3.0
2026-04-08,sofr_iorb,-6.0
2026-04-09,sofr_iorb,-8.0
2026-04-10,sofr_iorb,-4.0
2026-04-13,sofr_iorb,-2.0
2026-04-14,sofr_iorb,1.0
2026-04-15,sofr_iorb,7.0
2026-04-16,sofr_iorb,2.0
2026-04-17,sofr_iorb,0.0
2026-04-20,sofr_iorb,-2.0
2026-04-21,sofr_iorb,-2.0
2026-04-22,sofr_iorb,-1.0
2026-04-23,sofr_iorb,0.0
2026-04-24,sofr_iorb,1.0
2026-04-27,sofr_iorb,1.0
2026-04-28,sofr_iorb,-1.0
2026-04-29,sofr_iorb,-2.0
2026-04-30,sofr_iorb,1.0
2026-05-01,sofr_iorb,-1.0
2026-05-04,sofr_iorb,-2.0
2026-05-05,sofr_iorb,-3.0
2026-05-06,sofr_iorb,-4.0
2026-05-07,sofr_iorb,-5.0
2026-05-08,sofr_iorb,-5.0
2026-05-11,sofr_iorb,-5.0
2026-05-12,sofr_iorb,-5.0
2026-05-13,sofr_iorb,-6.0
2026-05-14,sofr_iorb,-9.0
2026-05-15,sofr_iorb,-10.0
2026-05-18,sofr_iorb,-12.0
2026-05-19,sofr_iorb,-14.0
2026-05-20,sofr_iorb,-15.0
2026-05-21,sofr_iorb,-14.0
2026-05-22,sofr_iorb,-10.0
2026-05-26,sofr_iorb,-2.0
2026-05-27,sofr_iorb,-2.0
2026-05-28,sofr_iorb,-3.0
2026-05-29,sofr_iorb,-2.0
2026-06-01,sofr_iorb,0.0
2026-06-02,sofr_iorb,-2.0
2026-06-03,sofr_iorb,-4.0
2026-06-04,sofr_iorb,-3.0
2026-06-05,sofr_iorb,-2.0
2026-06-08,sofr_iorb,-2.0
2026-06-09,sofr_iorb,-5.0
2026-06-10,sofr_iorb,-6.0
2026-06-11,sofr_iorb,-5.0
2026-06-12,sofr_iorb,0.0
2026-06-15,sofr_iorb,4.0
2026-06-16,sofr_iorb,-2.0
2026-06-17,sofr_iorb,-2.0
2026-06-18,sofr_iorb,-3.0
2026-06-22,sofr_iorb,-4.0
2026-06-23,sofr_iorb,-3.0
2026-06-24,sofr_iorb,-3.0
2026-06-25,sofr_iorb,-1.0
2026-06-26,sofr_iorb,-3.0
2026-06-29,sofr_iorb,-3.0
2026-06-30,sofr_iorb,3.0
2026-07-01,sofr_iorb,1.0
2026-07-02,sofr_iorb,-1.0
2026-07-06,sofr_iorb,-2.0
2026-07-07,sofr_iorb,-3.0
2026-07-08,sofr_iorb,-7.0
2026-07-09,sofr_iorb,-12.0
2026-07-10,sofr_iorb,-10.0
2026-07-13,sofr_iorb,-5.0
2026-07-14,sofr_iorb,-2.0
2026-07-15,sofr_iorb,-1.0
2026-07-16,sofr_iorb,-3.0
2026-07-17,sofr_iorb,-6.0
2026-07-20,sofr_iorb,-8.0
2026-07-21,sofr_iorb,-4.0
2026-07-22,sofr_iorb,-3.0
2026-07-23,sofr_iorb,-1.0
2026-07-24,sofr_iorb,-1.0
2026-07-27,sofr_iorb,-1.0
2026-07-28,sofr_iorb,0.0
2026-07-29,sofr_iorb,0.0
2026-07-30,sofr_iorb,0.0
2026-07-31,sofr_iorb,1.0
2026-08-03,sofr_iorb,0.0
2026-08-04,sofr_iorb,1.0
2026-08-05,sofr_iorb,-1.0
2026-08-06,sofr_iorb,0.0
2026-08-07,sofr_iorb,-3.0
2026-08-10,sofr_iorb,-2.0
2026-08-11,sofr_iorb,-1.0
2026-08-12,sofr_iorb,-3.0
2026-08-13,sofr_iorb,-3.0
2026-08-14,sofr_iorb,-3.0
2026-08-17,sofr_iorb,1.0
2026-08-18,sofr_iorb,0.0
2026-08-19,sofr_iorb,-3.0
2026-08-20,sofr_iorb,-2.0
2026-08-21,sofr_iorb,0.0
2026-08-24,sofr_iorb,0.0
2026-08-25,sofr_iorb,1.0
2026-08-26,sofr_iorb,-1.0
2024-08-01,sox,4859.589844
2024-08-02,sox,4607.759766
2024-08-05,sox,4519.450195
2024-08-06,sox,4567.569824
2024-08-07,sox,4426.27002
2024-08-08,sox,4730.009766
2024-08-09,sox,4709.450195
2024-08-12,sox,4743.819824
2024-08-13,sox,4942.310059
2024-08-14,sox,4933.350098
2024-08-15,sox,5173.379883
2024-08-16,sox,5170.25
2024-08-19,sox,5266.569824
2024-08-20,sox,5196.299805
2024-08-21,sox,5267.930176
2024-08-22,sox,5086.899902
2024-08-23,sox,5228.649902
2024-08-26,sox,5097.350098
2024-08-27,sox,5153.629883
2024-08-28,sox,5059.560059
2024-08-29,sox,5029.25
2024-08-30,sox,5158.819824
2024-09-03,sox,4759.0
2024-09-04,sox,4770.850098
2024-09-05,sox,4742.419922
2024-09-06,sox,4528.220215
2024-09-09,sox,4625.779785
2024-09-10,sox,4680.669922
2024-09-11,sox,4910.169922
2024-09-12,sox,4898.439941
2024-09-13,sox,4980.490234
2024-09-16,sox,4910.439941
2024-09-17,sox,4912.100098
2024-09-18,sox,4859.290039
2024-09-19,sox,5066.649902
2024-09-20,sox,5000.060059
2024-09-23,sox,5025.810059
2024-09-24,sox,5091.779785
2024-09-25,sox,5132.52002
2024-09-26,sox,5310.5
2024-09-27,sox,5217.22998
2024-09-30,sox,5173.060059
2024-10-01,sox,5024.939941
2024-10-02,sox,5099.200195
2024-10-03,sox,5125.209961
2024-10-04,sox,5206.839844
2024-10-07,sox,5196.799805
2024-10-08,sox,5266.100098
2024-10-09,sox,5321.899902
2024-10-10,sox,5293.939941
2024-10-11,sox,5335.939941
2024-10-14,sox,5432.209961
2024-10-15,sox,5145.209961
2024-10-16,sox,5155.859863
2024-10-17,sox,5204.810059
2024-10-18,sox,5208.620117
2024-10-21,sox,5215.209961
2024-10-22,sox,5190.709961
2024-10-23,sox,5131.370117
2024-10-24,sox,5157.609863
2024-10-25,sox,5212.830078
2024-10-28,sox,5211.669922
2024-10-29,sox,5332.169922
2024-10-30,sox,5153.490234
2024-10-31,sox,4946.75
2024-11-01,sox,5001.430176
2024-11-04,sox,4974.0
2024-11-05,sox,5057.830078
2024-11-06,sox,5215.569824
2024-11-07,sox,5333.990234
2024-11-08,sox,5290.52002
2024-11-11,sox,5156.390137
2024-11-12,sox,5108.640137
2024-11-13,sox,5006.290039
2024-11-14,sox,5004.589844
2024-11-15,sox,4833.589844
2024-11-18,sox,4888.77002
2024-11-19,sox,4919.160156
2024-11-20,sox,4884.25
2024-11-21,sox,4963.049805
2024-11-22,sox,4955.799805
2024-11-25,sox,4987.919922
2024-11-26,sox,4927.560059
2024-11-27,sox,4853.009766
2024-11-29,sox,4926.560059
2024-12-02,sox,5055.319824
2024-12-03,sox,5035.859863
2024-12-04,sox,5121.779785
2024-12-05,sox,5026.370117
2024-12-06,sox,5061.299805
2024-12-09,sox,5018.839844
2024-12-10,sox,4894.700195
2024-12-11,sox,5027.799805
2024-12-12,sox,4982.189941
2024-12-13,sox,5149.779785
2024-12-16,sox,5256.060059
2024-12-17,sox,5169.790039
2024-12-18,sox,4970.97998
2024-12-19,sox,4893.470215
2024-12-20,sox,4964.910156
2024-12-23,sox,5118.75
2024-12-24,sox,5173.560059
2024-12-26,sox,5175.310059
2024-12-27,sox,5122.970215
2024-12-30,sox,5026.509766
2024-12-31,sox,4979.930176
2025-01-02,sox,5021.5
2025-01-03,sox,5163.649902
2025-01-06,sox,5310.140137
2025-01-07,sox,5212.25
2025-01-08,sox,5162.350098
2025-01-10,sox,5037.470215
2025-01-13,sox,5020.040039
2025-01-14,sox,5045.950195
2025-01-15,sox,5153.669922
2025-01-16,sox,5162.959961
2025-01-17,sox,5309.740234
2025-01-21,sox,5378.5
2025-01-22,sox,5469.290039
2025-01-23,sox,5444.689941
2025-01-24,sox,5341.939941
2025-01-27,sox,4853.240234
2025-01-28,sox,4907.029785
2025-01-29,sox,4918.100098
2025-01-30,sox,5030.529785
2025-01-31,sox,5015.850098
2025-02-03,sox,4924.810059
2025-02-04,sox,4976.589844
2025-02-05,sox,5091.5
2025-02-06,sox,5092.589844
2025-02-07,sox,5009.339844
2025-02-10,sox,5082.669922
2025-02-11,sox,5079.970215
2025-02-12,sox,5090.790039
2025-02-13,sox,5156.390137
2025-02-14,sox,5160.939941
2025-02-18,sox,5247.859863
2025-02-19,sox,5309.689941
2025-02-20,sox,5310.629883
2025-02-21,sox,5136.589844
2025-02-24,sox,5003.540039
2025-02-25,sox,4888.879883
2025-02-26,sox,4990.819824
2025-02-27,sox,4686.75
2025-02-28,sox,4766.75
2025-03-03,sox,4575.370117
2025-03-04,sox,4604.509766
2025-03-05,sox,4700.790039
2025-03-06,sox,4487.850098
2025-03-07,sox,4629.589844
2025-03-10,sox,4405.089844
2025-03-11,sox,4374.069824
2025-03-12,sox,4481.02002
2025-03-13,sox,4453.240234
2025-03-14,sox,4598.790039
2025-03-17,sox,4663.970215
2025-03-18,sox,4589.029785
2025-03-19,sox,4634.529785
2025-03-20,sox,4601.370117
2025-03-21,sox,4557.950195
2025-03-24,sox,4694.220215
2025-03-25,sox,4661.339844
2025-03-26,sox,4508.740234
2025-03-27,sox,4415.25
2025-03-28,sox,4284.910156
2025-03-31,sox,4270.430176
2025-04-01,sox,4282.459961
2025-04-02,sox,4320.75
2025-04-03,sox,3893.689941
2025-04-04,sox,3597.659912
2025-04-07,sox,3694.949951
2025-04-08,sox,3562.939941
2025-04-09,sox,4230.450195
2025-04-10,sox,3893.300049
2025-04-11,sox,3990.899902
2025-04-14,sox,4003.219971
2025-04-15,sox,4021.889893
2025-04-16,sox,3857.169922
2025-04-17,sox,3832.469971
2025-04-21,sox,3751.909912
2025-04-22,sox,3832.050049
2025-04-23,sox,3983.919922
2025-04-24,sox,4208.189941
2025-04-25,sox,4251.609863
2025-04-28,sox,4235.620117
2025-04-29,sox,4196.75
2025-04-30,sox,4230.089844
2025-05-01,sox,4247.660156
2025-05-02,sox,4397.049805
2025-05-05,sox,4356.180176
2025-05-06,sox,4311.200195
2025-05-07,sox,4386.359863
2025-05-08,sox,4430.439941
2025-05-09,sox,4466.5
2025-05-12,sox,4780.930176
2025-05-13,sox,4931.350098
2025-05-14,sox,4960.72998
2025-05-15,sox,4932.450195
2025-05-16,sox,4922.189941
2025-05-19,sox,4897.709961
2025-05-20,sox,4890.779785
2025-05-21,sox,4802.709961
2025-05-22,sox,4775.470215
2025-05-23,sox,4702.379883
2025-05-27,sox,4861.089844
2025-05-28,sox,4834.419922
2025-05-29,sox,4860.47998
2025-05-30,sox,4758.060059
2025-06-02,sox,4832.790039
2025-06-03,sox,4964.410156
2025-06-04,sox,5033.350098
2025-06-05,sox,5010.919922
2025-06-06,sox,5038.060059
2025-06-09,sox,5136.660156
2025-06-10,sox,5242.5
2025-06-11,sox,5232.529785
2025-06-12,sox,5249.149902
2025-06-13,sox,5112.240234
2025-06-16,sox,5267.299805
2025-06-17,sox,5223.649902
2025-06-18,sox,5251.02002
2025-06-20,sox,5211.47998
2025-06-23,sox,5244.299805
2025-06-24,sox,5441.870117
2025-06-25,sox,5493.299805
2025-06-26,sox,5541.459961
2025-06-27,sox,5544.990234
2025-06-30,sox,5546.540039
2025-07-01,sox,5507.5
2025-07-02,sox,5611.049805
2025-07-03,sox,5647.120117
2025-07-07,sox,5541.200195
2025-07-08,sox,5641.220215
2025-07-09,sox,5665.990234
2025-07-10,sox,5708.279785
2025-07-11,sox,5696.290039
2025-07-14,sox,5646.720215
2025-07-15,sox,5718.609863
2025-07-16,sox,5696.209961
2025-07-17,sox,5737.640137
2025-07-18,sox,5732.620117
2025-07-21,sox,5739.419922
2025-07-22,sox,5638.709961
2025-07-23,sox,5637.790039
2025-07-24,sox,5644.370117
2025-07-25,sox,5645.859863
2025-07-28,sox,5737.100098
2025-07-29,sox,5739.790039
2025-07-30,sox,5787.319824
2025-07-31,sox,5607.919922
2025-08-01,sox,5527.609863
2025-08-04,sox,5624.410156
2025-08-05,sox,5561.689941
2025-08-06,sox,5550.299805
2025-08-07,sox,5633.700195
2025-08-08,sox,5678.02002
2025-08-11,sox,5670.370117
2025-08-12,sox,5840.089844
2025-08-13,sox,5892.609863
2025-08-14,sox,5885.490234
2025-08-15,sox,5752.740234
2025-08-18,sox,5776.310059
2025-08-19,sox,5671.509766
2025-08-20,sox,5630.819824
2025-08-21,sox,5603.259766
2025-08-22,sox,5754.459961
2025-08-25,sox,5756.299805
2025-08-26,sox,5807.919922
2025-08-27,sox,5824.609863
2025-08-28,sox,5853.049805
2025-08-29,sox,5668.939941
2025-09-02,sox,5605.459961
2025-09-03,sox,5592.819824
2025-09-04,sox,5667.859863
2025-09-05,sox,5761.399902
2025-09-08,sox,5809.609863
2025-09-09,sox,5819.830078
2025-09-10,sox,5958.089844
2025-09-11,sox,5995.390137
2025-09-12,sox,6001.740234
2025-09-15,sox,6059.830078
2025-09-16,sox,6079.220215
2025-09-17,sox,6060.220215
2025-09-18,sox,6278.160156
2025-09-19,sox,6232.25
2025-09-22,sox,6330.120117
2025-09-23,sox,6308.209961
2025-09-24,sox,6297.0
2025-09-25,sox,6284.669922
2025-09-26,sox,6305.049805
2025-09-29,sox,6315.109863
2025-09-30,sox,6369.819824
2025-10-01,sox,6500.279785
2025-10-02,sox,6626.379883
2025-10-03,sox,6583.740234
2025-10-06,sox,6774.060059
2025-10-07,sox,6634.759766
2025-10-08,sox,6860.200195
2025-10-09,sox,6840.200195
2025-10-10,sox,6407.600098
2025-10-13,sox,6723.470215
2025-10-14,sox,6570.330078
2025-10-15,sox,6767.060059
2025-10-16,sox,6800.02002
2025-10-17,sox,6777.97998
2025-10-20,sox,6885.029785
2025-10-21,sox,6839.27002
2025-10-22,sox,6677.569824
2025-10-23,sox,6847.390137
2025-10-24,sox,6976.939941
2025-10-27,sox,7167.97998
2025-10-28,sox,7194.709961
2025-10-29,sox,7327.930176
2025-10-30,sox,7216.0
2025-10-31,sox,7228.660156
2025-11-03,sox,7270.970215
2025-11-04,sox,6979.569824
2025-11-05,sox,7190.27002
2025-11-06,sox,7018.390137
2025-11-07,sox,6947.359863
2025-11-10,sox,7156.950195
2025-11-11,sox,6979.700195
2025-11-12,sox,7082.129883
2025-11-13,sox,6818.740234
2025-11-14,sox,6811.200195
2025-11-17,sox,6705.740234
2025-11-18,sox,6551.029785
2025-11-19,sox,6670.029785
2025-11-20,sox,6352.069824
2025-11-21,sox,6406.430176
2025-11-24,sox,6703.200195
2025-11-25,sox,6714.180176
2025-11-26,sox,6899.459961
2025-11-28,sox,7025.149902
2025-12-01,sox,7020.529785
2025-12-02,sox,7149.470215
2025-12-03,sox,7280.509766
2025-12-04,sox,7215.970215
2025-12-05,sox,7294.839844
2025-12-08,sox,7375.220215
2025-12-09,sox,7372.509766
2025-12-10,sox,7467.490234
2025-12-11,sox,7411.47998
2025-12-12,sox,7033.569824
2025-12-15,sox,6990.410156
2025-12-16,sox,6958.439941
2025-12-17,sox,6695.310059
2025-12-18,sox,6863.629883
2025-12-19,sox,7067.870117
2025-12-22,sox,7145.569824
2025-12-23,sox,7184.540039
2025-12-24,sox,7204.370117
2025-12-26,sox,7207.640137
2025-12-29,sox,7178.27002
2025-12-30,sox,7169.100098
2025-12-31,sox,7083.129883
2026-01-02,sox,7367.470215
2026-01-05,sox,7446.450195
2026-01-06,sox,7650.930176
2026-01-07,sox,7574.870117
2026-01-08,sox,7436.100098
2026-01-09,sox,7638.779785
2026-01-12,sox,7674.839844
2026-01-13,sox,7747.990234
2026-01-14,sox,7701.470215
2026-01-15,sox,7837.299805
2026-01-16,sox,7927.410156
2026-01-20,sox,7794.189941
2026-01-21,sox,8042.069824
2026-01-22,sox,8055.169922
2026-01-23,sox,7957.930176
2026-01-26,sox,7927.040039
2026-01-27,sox,8117.180176
2026-01-28,sox,8306.740234
2026-01-29,sox,8320.389648
2026-01-30,sox,7998.470215
2026-02-02,sox,8134.490234
2026-02-03,sox,7966.330078
2026-02-04,sox,7619.160156
2026-02-05,sox,7614.640137
2026-02-06,sox,8048.620117
2026-02-09,sox,8162.580078
2026-02-10,sox,8107.129883
2026-02-11,sox,8291.860352
2026-02-12,sox,8084.700195
2026-02-13,sox,8137.859863
2026-02-17,sox,8136.049805
2026-02-18,sox,8214.349609
2026-02-19,sox,8173.299805
2026-02-20,sox,8260.419922
2026-02-23,sox,8213.459961
2026-02-24,sox,8332.339844
2026-02-25,sox,8467.429688
2026-02-26,sox,8197.259766
2026-02-27,sox,8098.370117
2026-03-02,sox,8137.359863
2026-03-03,sox,7764.879883
2026-03-04,sox,7914.47998
2026-03-05,sox,7821.759766
2026-03-06,sox,7514.740234
2026-03-09,sox,7810.399902
2026-03-10,sox,7865.120117
2026-03-11,sox,7914.569824
2026-03-12,sox,7643.169922
2026-03-13,sox,7646.640137
2026-03-16,sox,7796.240234
2026-03-17,sox,7836.830078
2026-03-18,sox,7795.129883
2026-03-19,sox,7863.299805
2026-03-20,sox,7670.609863
2026-03-23,sox,7773.129883
2026-03-24,sox,7872.709961
2026-03-25,sox,7967.75
2026-03-26,sox,7585.870117
2026-03-27,sox,7457.669922
2026-03-30,sox,7142.330078
2026-03-31,sox,7588.200195
2026-04-01,sox,7802.310059
2026-04-02,sox,7833.390137
2026-04-06,sox,7916.109863
2026-04-07,sox,8003.870117
2026-04-08,sox,8510.919922
2026-04-09,sox,8689.530273
2026-04-10,sox,8889.830078
2026-04-13,sox,9039.519531
2026-04-14,sox,9224.120117
2026-04-15,sox,9239.290039
2026-04-16,sox,9329.349609
2026-04-17,sox,9555.879883
2026-04-20,sox,9599.209961
2026-04-21,sox,9647.209961
2026-04-22,sox,9909.269531
2026-04-23,sox,10078.570312
2026-04-24,sox,10513.660156
2026-04-27,sox,10408.040039
2026-04-28,sox,10035.580078
2026-04-29,sox,10271.299805
2026-04-30,sox,10503.700195
2026-05-01,sox,10595.339844
2026-05-04,sox,10534.660156
2026-05-05,sox,10980.580078
2026-05-06,sox,11472.75
2026-05-07,sox,11160.990234
2026-05-08,sox,11775.5
2026-05-11,sox,12081.040039
2026-05-12,sox,11717.259766
2026-05-13,sox,12017.980469
2026-05-14,sox,12073.780273
2026-05-15,sox,11588.459961
2026-05-18,sox,11302.519531
2026-05-19,sox,11305.5
2026-05-20,sox,11813.290039
2026-05-21,sox,11964.080078
2026-05-22,sox,12202.540039
2026-05-26,sox,12876.910156
2026-05-27,sox,12702.19043
2026-05-28,sox,12829.139648
2026-05-29,sox,12829.379883
2026-06-01,sox,12965.650391
2026-06-02,sox,13726.269531
2026-06-03,sox,13916.959961
2026-06-04,sox,13617.5
2026-06-05,sox,12220.759766
2026-06-08,sox,12906.69043
2026-06-09,sox,12657.80957
2026-06-10,sox,12206.459961
2026-06-11,sox,13171.44043
2026-06-12,sox,13371.469727
2026-06-15,sox,14099.620117
2026-06-16,sox,13294.219727
2026-06-17,sox,13477.070312
2026-06-18,sox,14341.780273
2026-06-22,sox,14634.719727
2026-06-23,sox,13482.509766
2026-06-24,sox,13458.200195
2026-06-25,sox,13940.870117
2026-06-26,sox,13203.570312
2026-06-29,sox,13709.660156
2026-06-30,sox,14246.959961
2026-07-01,sox,13353.280273
2026-07-02,sox,12626.219727
2026-07-06,sox,12900.139648
2026-07-07,sox,12300.519531
2026-07-08,sox,12574.969727
2026-07-09,sox,12960.0
2026-07-10,sox,12967.160156
2026-07-13,sox,12347.780273
2026-07-14,sox,12661.929688
2026-07-15,sox,12398.889648
2026-07-16,sox,11867.5
2026-07-17,sox,11673.889648
2026-07-20,sox,11743.849609
2026-07-21,sox,12356.160156
2026-07-22,sox,12410.669922
2026-07-23,sox,12343.839844
2026-07-24,sox,11818.879883
2026-07-27,sox,11554.879883
2026-07-28,sox,11035.679688
2026-07-29,sox,10447.490234
2026-07-30,sox,11302.990234
2026-07-31,sox,11311.080078
2026-08-03,sox,11430.349609
2026-08-04,sox,12179.259766
2026-08-05,sox,12008.879883
2026-08-06,sox,12048.69043
2026-08-07,sox,12356.790039
2026-08-10,sox,11993.860352
2026-08-11,sox,12098.469727
2026-08-12,sox,12399.379883
2026-08-13,sox,12456.0
2026-08-14,sox,12417.049805
2026-08-17,sox,12621.0
2026-08-18,sox,11992.459961
2026-08-19,sox,11738.230469
2026-08-20,sox,11800.019531
2026-08-21,sox,11740.370117
2026-08-24,sox,11423.169922
2026-08-25,sox,11588.040039
2026-08-26,sox,11611.240234
2026-08-27,sox,11882.169922
2026-07-20,srf,0.0
2026-07-21,srf,0.0
2026-07-22,srf,0.0
2026-07-23,srf,0.007
2026-07-24,srf,0.001
2026-07-27,srf,0.02
2026-07-28,srf,0.009
2026-07-29,srf,0.003
2026-07-30,srf,0.008
2026-07-31,srf,0.0
2026-08-03,srf,0.0
2026-08-04,srf,0.001
2026-08-05,srf,0.001
2026-08-06,srf,0.0
2026-08-07,srf,0.0
2026-08-10,srf,0.0
2026-08-11,srf,0.1
2026-08-12,srf,0.0
2026-08-13,srf,0.002
2026-08-14,srf,0.0
2026-08-17,srf,0.001
2026-08-18,srf,0.001
2026-08-19,srf,0.001
2026-08-20,srf,0.0
2026-08-21,srf,0.0
2026-08-24,srf,0.0
2026-08-25,srf,0.003
2026-08-26,srf,0.003
2026-08-27,srf,0.101
2024-05-23,term_premium,0.4075
2024-05-24,term_premium,0.4142
2024-05-28,term_premium,0.4321
2024-05-29,term_premium,0.4745
2024-05-30,term_premium,0.4626
2024-05-31,term_premium,0.4418
2024-06-03,term_premium,0.3898
2024-06-04,term_premium,0.3464
2024-06-05,term_premium,0.3195
2024-06-06,term_premium,0.3051
2024-06-07,term_premium,0.3606
2024-06-10,term_premium,0.393
2024-06-11,term_premium,0.3683
2024-06-12,term_premium,0.3297
2024-06-13,term_premium,0.2893
2024-06-14,term_premium,0.2714
2024-06-17,term_premium,0.2908
2024-06-18,term_premium,0.273
2024-06-20,term_premium,0.2803
2024-06-21,term_premium,0.2839
2024-06-24,term_premium,0.2849
2024-06-25,term_premium,0.28
2024-06-26,term_premium,0.3123
2024-06-27,term_premium,0.3089
2024-06-28,term_premium,0.3312
2024-07-01,term_premium,0.3852
2024-07-02,term_premium,0.3806
2024-07-03,term_premium,0.354
2024-07-05,term_premium,0.311
2024-07-08,term_premium,0.3012
2024-07-09,term_premium,0.3072
2024-07-10,term_premium,0.3041
2024-07-11,term_premium,0.267
2024-07-12,term_premium,0.2534
2024-07-15,term_premium,0.2683
2024-07-16,term_premium,0.2525
2024-07-17,term_premium,0.2433
2024-07-18,term_premium,0.2586
2024-07-19,term_premium,0.2807
2024-07-22,term_premium,0.2932
2024-07-23,term_premium,0.2906
2024-07-24,term_premium,0.2998
2024-07-25,term_premium,0.3036
2024-07-26,term_premium,0.2767
2024-07-29,term_premium,0.2624
2024-07-30,term_premium,0.2501
2024-07-31,term_premium,0.2197
2024-08-01,term_premium,0.1693
2024-08-02,term_premium,0.0817
2024-08-05,term_premium,0.0646
2024-08-06,term_premium,0.107
2024-08-07,term_premium,0.1439
2024-08-08,term_premium,0.1695
2024-08-09,term_premium,0.1631
2024-08-12,term_premium,0.1425
2024-08-13,term_premium,0.1108
2024-08-14,term_premium,0.0962
2024-08-15,term_premium,0.1357
2024-08-16,term_premium,0.1321
2024-08-19,term_premium,0.1237
2024-08-20,term_premium,0.1034
2024-08-21,term_premium,0.0852
2024-08-22,term_premium,0.1121
2024-08-23,term_premium,0.0954
2024-08-26,term_premium,0.1009
2024-08-27,term_premium,0.1081
2024-08-28,term_premium,0.1158
2024-08-29,term_premium,0.1294
2024-08-30,term_premium,0.148
2024-09-03,term_premium,0.1265
2024-09-04,term_premium,0.0898
2024-09-05,term_premium,0.0748
2024-09-06,term_premium,0.0613
2024-09-09,term_premium,0.0574
2024-09-10,term_premium,0.0379
2024-09-11,term_premium,0.0355
2024-09-12,term_premium,0.0478
2024-09-13,term_premium,0.0435
2024-09-16,term_premium,0.0425
2024-09-17,term_premium,0.0565
2024-09-18,term_premium,0.0886
2024-09-19,term_premium,0.1128
2024-09-20,term_premium,0.1241
2024-09-23,term_premium,0.1437
2024-09-24,term_premium,0.147
2024-09-25,term_premium,0.171
2024-09-26,term_premium,0.1874
2024-09-27,term_premium,0.1709
2024-09-30,term_premium,0.1945
2024-10-01,term_premium,0.1739
2024-10-02,term_premium,0.1859
2024-10-03,term_premium,0.2171
2024-10-04,term_premium,0.2854
2024-10-07,term_premium,0.3202
2024-10-08,term_premium,0.3255
2024-10-09,term_premium,0.3424
2024-10-10,term_premium,0.3499
2024-10-11,term_premium,0.3485
2024-10-15,term_premium,0.3333
2024-10-16,term_premium,0.3249
2024-10-17,term_premium,0.3495
2024-10-18,term_premium,0.349
2024-10-21,term_premium,0.3916
2024-10-22,term_premium,0.4123
2024-10-23,term_premium,0.4356
2024-10-24,term_premium,0.433
2024-10-25,term_premium,0.4467
2024-10-28,term_premium,0.4666
2024-10-29,term_premium,0.472
2024-10-30,term_premium,0.4842
2024-10-31,term_premium,0.489
2024-11-01,term_premium,0.5269
2024-11-04,term_premium,0.5158
2024-11-05,term_premium,0.5071
2024-11-06,term_premium,0.5564
2024-11-07,term_premium,0.5284
2024-11-08,term_premium,0.5171
2024-11-12,term_premium,0.5608
2024-11-13,term_premium,0.5745
2024-11-14,term_premium,0.5777
2024-11-15,term_premium,0.5757
2024-11-18,term_premium,0.5689
2024-11-19,term_premium,0.5548
2024-11-20,term_premium,0.5547
2024-11-21,term_premium,0.5642
2024-11-22,term_premium,0.5626
2024-11-25,term_premium,0.5048
2024-11-26,term_premium,0.5022
2024-11-27,term_premium,0.4783
2024-11-29,term_premium,0.4489
2024-12-02,term_premium,0.4453
2024-12-03,term_premium,0.4605
2024-12-04,term_premium,0.4537
2024-12-05,term_premium,0.4479
2024-12-06,term_premium,0.439
2024-12-09,term_premium,0.454
2024-12-10,term_premium,0.4686
2024-12-11,term_premium,0.4941
2024-12-12,term_premium,0.5276
2024-12-13,term_premium,0.5706
2024-12-16,term_premium,0.5798
2024-12-17,term_premium,0.5854
2024-12-18,term_premium,0.6412
2024-12-19,term_premium,0.6778
2024-12-20,term_premium,0.6682
2024-12-23,term_premium,0.6941
2024-12-24,term_premium,0.7009
2024-12-26,term_premium,0.6968
2024-12-27,term_premium,0.7141
2024-12-30,term_premium,0.6861
2024-12-31,term_premium,0.6872
2025-01-02,term_premium,0.6851
2025-01-03,term_premium,0.7016
2025-01-06,term_premium,0.7121
2025-01-07,term_premium,0.7356
2025-01-08,term_premium,0.7392
2025-01-09,term_premium,0.7465
2025-01-10,term_premium,0.7964
2025-01-13,term_premium,0.8131
2025-01-14,term_premium,0.8122
2025-01-15,term_premium,0.7574
2025-01-16,term_premium,0.7249
2025-01-17,term_premium,0.7198
2025-01-21,term_premium,0.7033
2025-01-22,term_premium,0.7071
2025-01-23,term_premium,0.7212
2025-01-24,term_premium,0.7192
2025-01-27,term_premium,0.6816
2025-01-28,term_premium,0.6771
2025-01-29,term_premium,0.6807
2025-01-30,term_premium,0.6646
2025-01-31,term_premium,0.6836
2025-02-03,term_premium,0.6733
2025-02-04,term_premium,0.6598
2025-02-05,term_premium,0.6215
2025-02-06,term_premium,0.62
2025-02-07,term_premium,0.6365
2025-02-10,term_premium,0.6387
2025-02-11,term_premium,0.6508
2025-02-12,term_premium,0.6974
2025-02-13,term_premium,0.6705
2025-02-14,term_premium,0.6417
2025-02-18,term_premium,0.662
2025-02-19,term_premium,0.657
2025-02-20,term_premium,0.6477
2025-02-21,term_premium,0.6161
2025-02-24,term_premium,0.6017
2025-02-25,term_premium,0.557
2025-02-26,term_premium,0.5249
2025-02-27,term_premium,0.5274
2025-02-28,term_premium,0.5063
2025-03-03,term_premium,0.4751
2025-03-04,term_premium,0.488
2025-03-05,term_premium,0.5178
2025-03-06,term_premium,0.5284
2025-03-07,term_premium,0.5439
2025-03-10,term_premium,0.5083
2025-03-11,term_premium,0.5213
2025-03-12,term_premium,0.5432
2025-03-13,term_premium,0.5271
2025-03-14,term_premium,0.5449
2025-03-17,term_premium,0.5498
2025-03-18,term_premium,0.5379
2025-03-19,term_premium,0.5183
2025-03-20,term_premium,0.506
2025-03-21,term_premium,0.5056
2025-03-24,term_premium,0.5424
2025-03-25,term_premium,0.5406
2025-03-26,term_premium,0.5522
2025-03-27,term_premium,0.5627
2025-03-28,term_premium,0.5214
2025-03-31,term_premium,0.4988
2025-04-01,term_premium,0.4715
2025-04-02,term_premium,0.4775
2025-04-03,term_premium,0.4094
2025-04-04,term_premium,0.3821
2025-04-07,term_premium,0.4271
2025-04-08,term_premium,0.4769
2025-04-09,term_premium,0.5436
2025-04-10,term_premium,0.5682
2025-04-11,term_premium,0.6161
2025-04-14,term_premium,0.5794
2025-04-15,term_premium,0.558
2025-04-16,term_premium,0.523
2025-04-17,term_premium,0.5337
2025-04-21,term_premium,0.5565
2025-04-22,term_premium,0.5668
2025-04-23,term_premium,0.5721
2025-04-24,term_premium,0.5396
2025-04-25,term_premium,0.5131
2025-04-28,term_premium,0.4805
2025-04-29,term_premium,0.4541
2025-04-30,term_premium,0.435
2025-05-01,term_premium,0.4655
2025-05-02,term_premium,0.5073
2025-05-05,term_premium,0.526
2025-05-06,term_premium,0.5164
2025-05-07,term_premium,0.4996
2025-05-08,term_premium,0.5413
2025-05-09,term_premium,0.5503
2025-05-12,term_premium,0.5831
2025-05-13,term_premium,0.6037
2025-05-14,term_premium,0.6244
2025-05-15,term_premium,0.5938
2025-05-16,term_premium,0.5836
2025-05-19,term_premium,0.5841
2025-05-20,term_premium,0.5899
2025-05-21,term_premium,0.6288
2025-05-22,term_premium,0.6269
2025-05-23,term_premium,0.6166
2025-05-27,term_premium,0.5841
2025-05-28,term_premium,0.5896
2025-05-29,term_premium,0.567
2025-05-30,term_premium,0.5515
2025-06-02,term_premium,0.5658
2025-06-03,term_premium,0.5748
2025-06-04,term_premium,0.5365
2025-06-05,term_premium,0.5455
2025-06-06,term_premium,0.5974
2025-06-09,term_premium,0.5971
2025-06-10,term_premium,0.5905
2025-06-11,term_premium,0.5636
2025-06-12,term_premium,0.5341
2025-06-13,term_premium,0.5497
2025-06-16,term_premium,0.5672
2025-06-17,term_premium,0.5474
2025-06-18,term_premium,0.5408
2025-06-20,term_premium,0.5356
2025-06-23,term_premium,0.5165
2025-06-24,term_premium,0.4965
2025-06-25,term_premium,0.4883
2025-06-26,term_premium,0.4708
2025-06-27,term_premium,0.4816
2025-06-30,term_premium,0.4603
2025-07-01,term_premium,0.4684
2025-07-02,term_premium,0.4842
2025-07-03,term_premium,0.5108
2025-07-07,term_premium,0.5283
2025-07-08,term_premium,0.5427
2025-07-09,term_premium,0.5174
2025-07-10,term_premium,0.516
2025-07-11,term_premium,0.5452
2025-07-14,term_premium,0.551
2025-07-15,term_premium,0.5801
2025-07-16,term_premium,0.5693
2025-07-17,term_premium,0.5747
2025-07-18,term_premium,0.561
2025-07-21,term_premium,0.5355
2025-07-22,term_premium,0.5143
2025-07-23,term_premium,0.5293
2025-07-24,term_premium,0.544
2025-07-25,term_premium,0.5362
2025-07-28,term_premium,0.5445
2025-07-29,term_premium,0.5153
2025-07-30,term_premium,0.527
2025-07-31,term_premium,0.5262
2025-08-01,term_premium,0.4649
2025-08-04,term_premium,0.4505
2025-08-05,term_premium,0.4544
2025-08-06,term_premium,0.46
2025-08-07,term_premium,0.4718
2025-08-08,term_premium,0.4913
2025-08-11,term_premium,0.494
2025-08-12,term_premium,0.4995
2025-08-13,term_premium,0.4832
2025-08-14,term_premium,0.5004
2025-08-15,term_premium,0.5191
2025-08-18,term_premium,0.526
2025-08-19,term_premium,0.5161
2025-08-20,term_premium,0.507
2025-08-21,term_premium,0.5225
2025-08-22,term_premium,0.4939
2025-08-25,term_premium,0.5008
2025-08-26,term_premium,0.4893
2025-08-27,term_premium,0.4805
2025-08-28,term_premium,0.4717
2025-08-29,term_premium,0.4727
2025-09-02,term_premium,0.4948
2025-09-03,term_premium,0.4794
2025-09-04,term_premium,0.4594
2025-09-05,term_premium,0.436
2025-09-08,term_premium,0.4207
2025-09-09,term_premium,0.4275
2025-09-10,term_premium,0.4205
2025-09-11,term_premium,0.4121
2025-09-12,term_premium,0.4291
2025-09-15,term_premium,0.4273
2025-09-16,term_premium,0.4237
2025-09-17,term_premium,0.4369
2025-09-18,term_premium,0.4597
2025-09-19,term_premium,0.4748
2025-09-22,term_premium,0.4869
2025-09-23,term_premium,0.4797
2025-09-24,term_premium,0.4926
2025-09-25,term_premium,0.5069
2025-09-26,term_premium,0.5162
2025-09-29,term_premium,0.5047
2025-09-30,term_premium,0.5031
2025-10-01,term_premium,0.4872
2025-10-02,term_premium,0.4777
2025-10-03,term_premium,0.49
2025-10-06,term_premium,0.5103
2025-10-07,term_premium,0.5005
2025-10-08,term_premium,0.5018
2025-10-09,term_premium,0.5048
2025-10-10,term_premium,0.4694
2025-10-14,term_premium,0.4465
2025-10-15,term_premium,0.4496
2025-10-16,term_premium,0.4205
2025-10-17,term_premium,0.4311
2025-10-20,term_premium,0.4307
2025-10-21,term_premium,0.4221
2025-10-22,term_premium,0.4189
2025-10-23,term_premium,0.4366
2025-10-24,term_premium,0.4441
2025-10-27,term_premium,0.4504
2025-10-28,term_premium,0.4483
2025-10-29,term_premium,0.4795
2025-10-30,term_premium,0.4947
2025-10-31,term_premium,0.4975
2025-11-03,term_premium,0.4979
2025-11-04,term_premium,0.4889
2025-11-05,term_premium,0.5144
2025-11-06,term_premium,0.4951
2025-11-07,term_premium,0.4901
2025-11-10,term_premium,0.4993
2025-11-12,term_premium,0.4834
2025-11-13,term_premium,0.4928
2025-11-14,term_premium,0.5069
2025-11-17,term_premium,0.5034
2025-11-18,term_premium,0.4972
2025-11-19,term_premium,0.4991
2025-11-20,term_premium,0.4897
2025-11-21,term_premium,0.4718
2025-11-24,term_premium,0.4614
2025-11-25,term_premium,0.4468
2025-11-26,term_premium,0.4406
2025-11-28,term_premium,0.4507
2025-12-01,term_premium,0.4841
2025-12-02,term_premium,0.4933
2025-12-03,term_premium,0.4893
2025-12-04,term_premium,0.5137
2025-12-05,term_premium,0.5327
2025-12-08,term_premium,0.5518
2025-12-09,term_premium,0.5632
2025-12-10,term_premium,0.555
2025-12-11,term_premium,0.5531
2025-12-12,term_premium,0.577
2025-12-15,term_premium,0.5784
2025-12-16,term_premium,0.566
2025-12-17,term_premium,0.5679
2025-12-18,term_premium,0.5556
2025-12-19,term_premium,0.5644
2025-12-22,term_premium,0.5722
2025-12-23,term_premium,0.5774
2025-12-24,term_premium,0.5685
2025-12-26,term_premium,0.5603
2025-12-29,term_premium,0.5495
2025-12-30,term_premium,0.5517
2025-12-31,term_premium,0.571
2026-01-02,term_premium,0.5844
2026-01-05,term_premium,0.5787
2026-01-06,term_premium,0.5833
2026-01-07,term_premium,0.5727
2026-01-08,term_premium,0.5875
2026-01-09,term_premium,0.591
2026-01-12,term_premium,0.5926
2026-01-13,term_premium,0.5855
2026-01-14,term_premium,0.5703
2026-01-15,term_premium,0.5804
2026-01-16,term_premium,0.6042
2026-01-20,term_premium,0.6315
2026-01-21,term_premium,0.6263
2026-01-22,term_premium,0.6276
2026-01-23,term_premium,0.6224
2026-01-26,term_premium,0.6133
2026-01-27,term_premium,0.6155
2026-01-28,term_premium,0.6251
2026-01-29,term_premium,0.6158
2026-01-30,term_premium,0.6148
2026-02-02,term_premium,0.6289
2026-02-03,term_premium,0.6313
2026-02-04,term_premium,0.635
2026-02-05,term_premium,0.6022
2026-02-06,term_premium,0.599
2026-02-09,term_premium,0.5951
2026-02-10,term_premium,0.5729
2026-02-11,term_premium,0.5823
2026-02-12,term_premium,0.5514
2026-02-13,term_premium,0.5194
2026-02-17,term_premium,0.5143
2026-02-18,term_premium,0.5238
2026-02-19,term_premium,0.5218
2026-02-20,term_premium,0.5228
2026-02-23,term_premium,0.4986
2026-02-24,term_premium,0.4971
2026-02-25,term_premium,0.5005
2026-02-26,term_premium,0.4866
2026-02-27,term_premium,0.4627
2026-03-02,term_premium,0.4906
2026-03-03,term_premium,0.5019
2026-03-04,term_premium,0.5168
2026-03-05,term_premium,0.5378
2026-03-06,term_premium,0.5487
2026-03-09,term_premium,0.542
2026-03-10,term_premium,0.5496
2026-03-11,term_premium,0.5772
2026-03-12,term_premium,0.6185
2026-03-13,term_premium,0.6286
2026-03-16,term_premium,0.6034
2026-03-17,term_premium,0.5887
2026-03-18,term_premium,0.6139
2026-03-19,term_premium,0.621
2026-03-20,term_premium,0.678
2026-03-23,term_premium,0.6691
2026-03-24,term_premium,0.6921
2026-03-25,term_premium,0.6717
2026-03-26,term_premium,0.714
2026-03-27,term_premium,0.7183
2026-03-30,term_premium,0.6813
2026-03-31,term_premium,0.654
2026-04-01,term_premium,0.664
2026-04-02,term_premium,0.6555
2026-04-03,term_premium,0.672
2026-04-06,term_premium,0.6694
2026-04-07,term_premium,0.661
2026-04-08,term_premium,0.6457
2026-04-09,term_premium,0.6421
2026-04-10,term_premium,0.6518
2026-04-13,term_premium,0.6432
2026-04-14,term_premium,0.6215
2026-04-15,term_premium,0.6264
2026-04-16,term_premium,0.6384
2026-04-17,term_premium,0.6158
2026-04-20,term_premium,0.612
2026-04-21,term_premium,0.6311
2026-04-22,term_premium,0.6402
2026-04-23,term_premium,0.6596
2026-04-24,term_premium,0.6481
2026-04-27,term_premium,0.6603
2026-04-28,term_premium,0.6747
2026-04-29,term_premium,0.7075
2026-04-30,term_premium,0.7038
2026-05-01,term_premium,0.7036
2026-05-04,term_premium,0.729
2026-05-05,term_premium,0.7279
2026-05-06,term_premium,0.6962
2026-05-07,term_premium,0.7086
2026-05-08,term_premium,0.6999
2026-05-11,term_premium,0.7173
2026-05-12,term_premium,0.7439
2026-05-13,term_premium,0.7488
2026-05-14,term_premium,0.7547
2026-05-15,term_premium,0.8117
2026-05-18,term_premium,0.8293
2026-05-19,term_premium,0.8621
2026-05-20,term_premium,0.8299
2026-05-21,term_premium,0.8277
2026-05-22,term_premium,0.8289
2026-05-26,term_premium,0.7941
2026-05-27,term_premium,0.7786
2026-05-28,term_premium,0.764
2026-05-29,term_premium,0.7541
2026-06-01,term_premium,0.7627
2026-06-02,term_premium,0.7582
2026-06-03,term_premium,0.7733
2026-06-04,term_premium,0.7654
2026-06-05,term_premium,0.8019
2026-06-08,term_premium,0.8081
2026-06-09,term_premium,0.7977
2026-06-10,term_premium,0.801
2026-06-11,term_premium,0.763
2026-06-12,term_premium,0.7671
2026-06-15,term_premium,0.7574
2026-06-16,term_premium,0.7392
2026-06-17,term_premium,0.7666
2026-06-18,term_premium,0.7519
2026-06-22,term_premium,0.7647
2026-06-23,term_premium,0.7568
2026-06-24,term_premium,0.7175
2026-06-25,term_premium,0.6991
2026-06-26,term_premium,0.6849
2026-06-29,term_premium,0.6782
2026-06-30,term_premium,0.6967
2026-07-01,term_premium,0.7216
2026-07-02,term_premium,0.7322
2026-07-06,term_premium,0.7261
2026-07-07,term_premium,0.7531
2026-07-08,term_premium,0.771
2026-07-09,term_premium,0.7671
2026-07-10,term_premium,0.7788
2026-07-13,term_premium,0.8008
2026-07-14,term_premium,0.7895
2026-07-15,term_premium,0.7727
2026-07-16,term_premium,0.7801
2026-07-17,term_premium,0.7787
2026-07-20,term_premium,0.7931
2026-07-21,term_premium,0.812
2026-07-22,term_premium,0.831
2026-07-23,term_premium,0.8488
2026-07-24,term_premium,0.8384
2026-07-27,term_premium,0.8208
2026-07-28,term_premium,0.7998
2026-07-29,term_premium,0.8181
2026-07-30,term_premium,0.833
2026-07-31,term_premium,0.8681
2026-08-03,term_premium,0.8531
2026-08-04,term_premium,0.8216
2026-08-05,term_premium,0.813
2026-08-06,term_premium,0.8361
2026-08-07,term_premium,0.8257
2026-08-10,term_premium,0.8488
2026-08-11,term_premium,0.8479
2026-08-12,term_premium,0.8438
2026-08-13,term_premium,0.8233
2026-08-14,term_premium,0.8393
2026-08-17,term_premium,0.8536
2026-08-18,term_premium,0.8549
2026-08-19,term_premium,0.8378
2026-08-20,term_premium,0.8478
2026-08-21,term_premium,0.8682
2024-05-29,tga,704.335
2024-06-05,tga,710.309
2024-06-12,tga,673.573
2024-06-19,tga,723.41
2024-06-26,tga,765.417
2024-07-03,tga,761.373
2024-07-10,tga,736.402
2024-07-17,tga,751.593
2024-07-24,tga,774.315
2024-07-31,tga,786.486
2024-08-07,tga,770.931
2024-08-14,tga,794.12
2024-08-21,tga,736.494
2024-08-28,tga,745.851
2024-09-04,tga,733.959
2024-09-11,tga,755.958
2024-09-18,tga,771.194
2024-09-25,tga,806.771
2024-10-02,tga,798.277
2024-10-09,tga,802.115
2024-10-16,tga,791.792
2024-10-23,tga,829.991
2024-10-30,tga,835.237
2024-11-06,tga,842.051
2024-11-13,tga,832.186
2024-11-20,tga,751.873
2024-11-27,tga,775.25
2024-12-04,tga,789.516
2024-12-11,tga,775.067
2024-12-18,tga,767.932
2024-12-25,tga,764.77
2025-01-01,tga,719.873
2025-01-08,tga,652.636
2025-01-15,tga,641.225
2025-01-22,tga,677.282
2025-01-29,tga,784.206
2025-02-05,tga,805.593
2025-02-12,tga,828.102
2025-02-19,tga,790.062
2025-02-26,tga,681.161
2025-03-05,tga,548.331
2025-03-12,tga,512.581
2025-03-19,tga,435.936
2025-03-26,tga,360.177
2025-04-02,tga,313.326
2025-04-09,tga,306.049
2025-04-16,tga,422.983
2025-04-23,tga,606.632
2025-04-30,tga,595.741
2025-05-07,tga,583.727
2025-05-14,tga,575.846
2025-05-21,tga,503.055
2025-05-28,tga,467.204
2025-06-04,tga,378.947
2025-06-11,tga,332.907
2025-06-18,tga,337.762
2025-06-25,tga,364.375
2025-07-02,tga,359.516
2025-07-09,tga,319.889
2025-07-16,tga,296.247
2025-07-23,tga,323.176
2025-07-30,tga,370.507
2025-08-06,tga,421.043
2025-08-13,tga,504.304
2025-08-20,tga,519.534
2025-08-27,tga,589.998
2025-09-03,tga,597.513
2025-09-10,tga,672.274
2025-09-17,tga,756.376
2025-09-24,tga,804.856
2025-10-01,tga,805.139
2025-10-08,tga,807.428
2025-10-15,tga,809.593
2025-10-22,tga,908.001
2025-10-29,tga,957.99
2025-11-05,tga,940.979
2025-11-12,tga,953.816
2025-11-19,tga,941.926
2025-11-26,tga,903.394
2025-12-03,tga,937.167
2025-12-10,tga,858.946
2025-12-17,tga,833.093
2025-12-24,tga,837.12
2025-12-31,tga,837.306
2026-01-07,tga,796.148
2026-01-14,tga,779.175
2026-01-21,tga,869.261
2026-01-28,tga,923.042
2026-02-04,tga,908.773
2026-02-11,tga,915.306
2026-02-18,tga,912.727
2026-02-25,tga,887.612
2026-03-04,tga,832.053
2026-03-11,tga,838.186
2026-03-18,tga,853.052
2026-03-25,tga,874.077
2026-04-01,tga,847.718
2026-04-08,tga,748.376
2026-04-15,tga,751.354
2026-04-22,tga,1005.968
2026-04-29,tga,981.929
2026-05-06,tga,877.761
2026-05-13,tga,838.584
2026-05-20,tga,781.293
2026-05-27,tga,830.296
2026-06-03,tga,875.713
2026-06-10,tga,828.122
2026-06-17,tga,880.713
2026-06-24,tga,918.696
2026-07-01,tga,880.237
2026-07-08,tga,774.062
2026-07-15,tga,756.218
2026-07-22,tga,829.623
2026-07-29,tga,910.776
2026-08-05,tga,907.324
2026-08-12,tga,963.95
2026-08-19,tga,953.612
2026-08-26,tga,950.736
2024-07-30,usdjpy,152.669998
2024-07-31,usdjpy,149.744003
2024-08-01,usdjpy,149.201004
2024-08-04,usdjpy,145.584
2024-08-05,usdjpy,145.789993
2024-08-06,usdjpy,144.731995
2024-08-07,usdjpy,146.123993
2024-08-08,usdjpy,147.669006
2024-08-11,usdjpy,147.042007
2024-08-12,usdjpy,146.981995
2024-08-13,usdjpy,146.970993
2024-08-14,usdjpy,147.253006
2024-08-15,usdjpy,149.222
2024-08-18,usdjpy,147.955994
2024-08-19,usdjpy,146.699005
2024-08-20,usdjpy,145.347
2024-08-21,usdjpy,145.117996
2024-08-22,usdjpy,146.201996
2024-08-25,usdjpy,144.0
2024-08-26,usdjpy,144.516006
2024-08-27,usdjpy,143.975006
2024-08-28,usdjpy,144.432999
2024-08-29,usdjpy,144.889999
2024-09-01,usdjpy,146.380997
2024-09-02,usdjpy,146.722
2024-09-03,usdjpy,145.352997
2024-09-04,usdjpy,143.324005
2024-09-05,usdjpy,143.393005
2024-09-08,usdjpy,142.485992
2024-09-09,usdjpy,143.177002
2024-09-10,usdjpy,142.233994
2024-09-11,usdjpy,142.589996
2024-09-12,usdjpy,141.498993
2024-09-15,usdjpy,140.789993
2024-09-16,usdjpy,140.789993
2024-09-17,usdjpy,142.014999
2024-09-18,usdjpy,142.710007
2024-09-19,usdjpy,142.858002
2024-09-22,usdjpy,144.003998
2024-09-23,usdjpy,143.638
2024-09-24,usdjpy,142.962997
2024-09-25,usdjpy,144.682999
2024-09-26,usdjpy,145.076004
2024-09-29,usdjpy,142.783005
2024-09-30,usdjpy,143.710007
2024-10-01,usdjpy,143.735992
2024-10-02,usdjpy,146.582001
2024-10-03,usdjpy,146.839996
2024-10-06,usdjpy,148.820007
2024-10-07,usdjpy,148.145996
2024-10-08,usdjpy,148.158997
2024-10-09,usdjpy,149.160004
2024-10-10,usdjpy,148.703995
2024-10-13,usdjpy,149.334
2024-10-14,usdjpy,149.669998
2024-10-15,usdjpy,149.098999
2024-10-16,usdjpy,149.576004
2024-10-17,usdjpy,150.100006
2024-10-20,usdjpy,149.600006
2024-10-21,usdjpy,150.604996
2024-10-22,usdjpy,151.138
2024-10-23,usdjpy,152.768997
2024-10-24,usdjpy,151.783005
2024-10-28,usdjpy,152.951996
2024-10-29,usdjpy,153.179001
2024-10-30,usdjpy,153.274002
2024-10-31,usdjpy,153.203995
2024-11-01,usdjpy,151.979996
2024-11-04,usdjpy,152.287003
2024-11-05,usdjpy,152.276001
2024-11-06,usdjpy,151.434998
2024-11-07,usdjpy,154.320007
2024-11-08,usdjpy,153.179993
2024-11-11,usdjpy,152.904007
2024-11-12,usdjpy,153.479996
2024-11-13,usdjpy,154.654999
2024-11-14,usdjpy,155.429001
2024-11-15,usdjpy,156.468002
2024-11-18,usdjpy,154.664001
2024-11-19,usdjpy,154.617004
2024-11-20,usdjpy,154.718002
2024-11-21,usdjpy,155.294998
2024-11-22,usdjpy,154.218002
2024-11-25,usdjpy,154.145996
2024-11-26,usdjpy,154.378006
2024-11-27,usdjpy,153.009003
2024-11-28,usdjpy,151.335999
2024-11-29,usdjpy,151.173996
2024-12-02,usdjpy,149.897995
2024-12-03,usdjpy,149.507996
2024-12-04,usdjpy,149.647003
2024-12-05,usdjpy,150.567001
2024-12-06,usdjpy,150.207001
2024-12-09,usdjpy,150.029999
2024-12-10,usdjpy,151.408005
2024-12-11,usdjpy,151.807007
2024-12-12,usdjpy,152.244995
2024-12-13,usdjpy,152.587006
2024-12-16,usdjpy,153.453003
2024-12-17,usdjpy,154.085999
2024-12-18,usdjpy,153.572006
2024-12-19,usdjpy,154.673004
2024-12-20,usdjpy,157.643997
2024-12-23,usdjpy,156.533005
2024-12-24,usdjpy,157.164993
2024-12-25,usdjpy,157.106995
2024-12-26,usdjpy,157.132996
2024-12-27,usdjpy,157.748001
2024-12-30,usdjpy,157.873001
2024-12-31,usdjpy,156.994995
2025-01-02,usdjpy,157.718994
2025-01-03,usdjpy,157.362
2025-01-06,usdjpy,157.481003
2025-01-07,usdjpy,157.742996
2025-01-08,usdjpy,158.235992
2025-01-09,usdjpy,158.192001
2025-01-10,usdjpy,158.048004
2025-01-13,usdjpy,157.886993
2025-01-14,usdjpy,157.363998
2025-01-15,usdjpy,158.050003
2025-01-16,usdjpy,156.255005
2025-01-17,usdjpy,155.356003
2025-01-20,usdjpy,156.306
2025-01-21,usdjpy,155.248993
2025-01-22,usdjpy,155.774002
2025-01-23,usdjpy,156.440002
2025-01-24,usdjpy,156.154999
2025-01-27,usdjpy,155.744003
2025-01-28,usdjpy,154.908997
2025-01-29,usdjpy,155.559006
2025-01-30,usdjpy,155.169998
2025-01-31,usdjpy,154.097
2025-02-03,usdjpy,155.363007
2025-02-04,usdjpy,155.276993
2025-02-05,usdjpy,154.132996
2025-02-06,usdjpy,152.606003
2025-02-07,usdjpy,151.192993
2025-02-10,usdjpy,151.845993
2025-02-11,usdjpy,151.759003
2025-02-12,usdjpy,152.738998
2025-02-13,usdjpy,154.255005
2025-02-14,usdjpy,152.988998
2025-02-17,usdjpy,152.022995
2025-02-18,usdjpy,151.444
2025-02-19,usdjpy,151.931
2025-02-20,usdjpy,151.220001
2025-02-21,usdjpy,149.408005
2025-02-24,usdjpy,149.386993
2025-02-25,usdjpy,149.863998
2025-02-26,usdjpy,149.078003
2025-02-27,usdjpy,148.837997
2025-02-28,usdjpy,150.011993
2025-03-03,usdjpy,150.770996
2025-03-04,usdjpy,149.304993
2025-03-05,usdjpy,149.798996
2025-03-06,usdjpy,148.897995
2025-03-07,usdjpy,148.108002
2025-03-10,usdjpy,147.608002
2025-03-11,usdjpy,147.069
2025-03-12,usdjpy,148.042007
2025-03-13,usdjpy,148.279007
2025-03-14,usdjpy,147.949005
2025-03-17,usdjpy,148.598007
2025-03-18,usdjpy,149.378998
2025-03-19,usdjpy,149.451996
2025-03-20,usdjpy,148.490005
2025-03-21,usdjpy,148.595993
2025-03-24,usdjpy,149.677002
2025-03-25,usdjpy,150.774002
2025-03-26,usdjpy,149.949997
2025-03-27,usdjpy,150.473007
2025-03-28,usdjpy,150.847
2025-03-30,usdjpy,149.617004
2025-03-31,usdjpy,149.912994
2025-04-01,usdjpy,149.783005
2025-04-02,usdjpy,147.871994
2025-04-03,usdjpy,146.231003
2025-04-06,usdjpy,145.432999
2025-04-07,usdjpy,147.789001
2025-04-08,usdjpy,145.845001
2025-04-09,usdjpy,147.399002
2025-04-10,usdjpy,143.746994
2025-04-13,usdjpy,143.695999
2025-04-14,usdjpy,143.220993
2025-04-15,usdjpy,143.181
2025-04-16,usdjpy,141.927994
2025-04-21,usdjpy,140.876007
2025-04-22,usdjpy,142.688004
2025-04-23,usdjpy,143.223007
2025-04-24,usdjpy,142.878998
2025-04-27,usdjpy,143.841003
2025-04-28,usdjpy,142.177994
2025-04-29,usdjpy,142.298996
2025-04-30,usdjpy,143.009003
2025-05-01,usdjpy,145.447998
2025-05-04,usdjpy,144.623993
2025-05-05,usdjpy,143.654007
2025-05-06,usdjpy,143.035004
2025-05-07,usdjpy,143.848007
2025-05-08,usdjpy,146.014999
2025-05-11,usdjpy,145.811996
2025-05-12,usdjpy,148.309998
2025-05-13,usdjpy,147.528
2025-05-14,usdjpy,146.649994
2025-05-15,usdjpy,145.613007
2025-05-18,usdjpy,145.298004
2025-05-19,usdjpy,144.975006
2025-05-20,usdjpy,144.328003
2025-05-21,usdjpy,143.755005
2025-05-22,usdjpy,143.858002
2025-05-25,usdjpy,142.867004
2025-05-26,usdjpy,142.654999
2025-05-27,usdjpy,144.177002
2025-05-28,usdjpy,145.697006
2025-05-29,usdjpy,143.779007
2025-06-01,usdjpy,143.815002
2025-06-02,usdjpy,142.451996
2025-06-03,usdjpy,143.837006
2025-06-04,usdjpy,142.731995
2025-06-05,usdjpy,143.542007
2025-06-08,usdjpy,144.690994
2025-06-09,usdjpy,144.539993
2025-06-10,usdjpy,144.837997
2025-06-11,usdjpy,144.203003
2025-06-12,usdjpy,143.194
2025-06-15,usdjpy,144.091003
2025-06-16,usdjpy,144.729004
2025-06-17,usdjpy,145.376007
2025-06-18,usdjpy,144.955002
2025-06-19,usdjpy,145.218002
2025-06-22,usdjpy,146.223999
2025-06-23,usdjpy,145.927994
2025-06-24,usdjpy,144.957001
2025-06-25,usdjpy,144.904007
2025-06-26,usdjpy,144.694
2025-06-29,usdjpy,144.516998
2025-06-30,usdjpy,143.800003
2025-07-01,usdjpy,143.401993
2025-07-02,usdjpy,143.526001
2025-07-03,usdjpy,144.682007
2025-07-06,usdjpy,144.498001
2025-07-07,usdjpy,145.891998
2025-07-08,usdjpy,146.848999
2025-07-09,usdjpy,146.113998
2025-07-10,usdjpy,146.287994
2025-07-13,usdjpy,147.294998
2025-07-14,usdjpy,147.792007
2025-07-15,usdjpy,148.761002
2025-07-16,usdjpy,148.003006
2025-07-17,usdjpy,148.442001
2025-07-20,usdjpy,148.431
2025-07-21,usdjpy,147.408997
2025-07-22,usdjpy,146.785004
2025-07-23,usdjpy,146.348999
2025-07-24,usdjpy,147.005005
2025-07-27,usdjpy,147.813004
2025-07-28,usdjpy,148.479004
2025-07-29,usdjpy,148.442001
2025-07-30,usdjpy,149.225998
2025-07-31,usdjpy,150.772003
2025-08-03,usdjpy,147.343002
2025-08-04,usdjpy,146.792999
2025-08-05,usdjpy,147.559998
2025-08-06,usdjpy,147.192993
2025-08-07,usdjpy,146.837006
2025-08-10,usdjpy,147.664001
2025-08-11,usdjpy,148.125
2025-08-12,usdjpy,147.757996
2025-08-13,usdjpy,147.119995
2025-08-14,usdjpy,147.690994
2025-08-17,usdjpy,147.264008
2025-08-18,usdjpy,147.916
2025-08-19,usdjpy,147.731003
2025-08-20,usdjpy,147.317993
2025-08-21,usdjpy,148.386002
2025-08-24,usdjpy,147.214996
2025-08-25,usdjpy,147.822006
2025-08-26,usdjpy,147.462006
2025-08-27,usdjpy,147.315994
2025-08-28,usdjpy,146.789993
2025-08-31,usdjpy,147.097
2025-09-01,usdjpy,147.084
2025-09-02,usdjpy,148.548004
2025-09-03,usdjpy,147.979996
2025-09-04,usdjpy,148.375
2025-09-07,usdjpy,148.343994
2025-09-08,usdjpy,147.363998
2025-09-09,usdjpy,147.391998
2025-09-10,usdjpy,147.332001
2025-09-11,usdjpy,147.223999
2025-09-14,usdjpy,147.666
2025-09-15,usdjpy,147.404999
2025-09-16,usdjpy,146.412994
2025-09-17,usdjpy,146.891006
2025-09-18,usdjpy,147.947006
2025-09-21,usdjpy,148.095001
2025-09-22,usdjpy,147.725006
2025-09-23,usdjpy,147.613007
2025-09-24,usdjpy,148.751007
2025-09-25,usdjpy,149.860992
2025-09-28,usdjpy,149.404999
2025-09-29,usdjpy,148.595001
2025-09-30,usdjpy,147.996994
2025-10-01,usdjpy,147.082993
2025-10-02,usdjpy,147.149994
2025-10-05,usdjpy,149.606003
2025-10-06,usdjpy,150.330994
2025-10-07,usdjpy,152.050995
2025-10-08,usdjpy,152.679993
2025-10-09,usdjpy,152.964996
2025-10-12,usdjpy,152.056
2025-10-13,usdjpy,152.434006
2025-10-14,usdjpy,151.731003
2025-10-15,usdjpy,150.973999
2025-10-16,usdjpy,150.119995
2025-10-19,usdjpy,150.899994
2025-10-20,usdjpy,150.774002
2025-10-21,usdjpy,151.893005
2025-10-22,usdjpy,151.953995
2025-10-23,usdjpy,152.602005
2025-10-27,usdjpy,153.061005
2025-10-28,usdjpy,152.692001
2025-10-29,usdjpy,151.731003
2025-10-30,usdjpy,152.722
2025-10-31,usdjpy,153.899994
2025-11-03,usdjpy,154.195007
2025-11-04,usdjpy,154.203995
2025-11-05,usdjpy,153.557007
2025-11-06,usdjpy,154.072998
2025-11-07,usdjpy,152.947998
2025-11-10,usdjpy,153.817001
2025-11-11,usdjpy,154.145996
2025-11-12,usdjpy,154.074997
2025-11-13,usdjpy,154.712997
2025-11-14,usdjpy,154.632996
2025-11-17,usdjpy,154.585007
2025-11-18,usdjpy,155.272995
2025-11-19,usdjpy,155.548004
2025-11-20,usdjpy,156.992004
2025-11-21,usdjpy,157.369003
2025-11-24,usdjpy,156.688004
2025-11-25,usdjpy,156.938995
2025-11-26,usdjpy,156.229996
2025-11-27,usdjpy,156.238998
2025-11-28,usdjpy,156.283997
2025-12-01,usdjpy,155.927994
2025-12-02,usdjpy,155.557007
2025-12-03,usdjpy,155.807007
2025-12-04,usdjpy,155.106995
2025-12-05,usdjpy,155.141998
2025-12-08,usdjpy,155.339996
2025-12-09,usdjpy,155.843994
2025-12-10,usdjpy,156.837997
2025-12-11,usdjpy,155.789993
2025-12-12,usdjpy,155.567001
2025-12-15,usdjpy,155.888
2025-12-16,usdjpy,155.014999
2025-12-17,usdjpy,154.778
2025-12-18,usdjpy,155.494995
2025-12-19,usdjpy,155.585999
2025-12-22,usdjpy,157.675995
2025-12-23,usdjpy,156.876999
2025-12-24,usdjpy,156.175995
2025-12-26,usdjpy,156.089996
2025-12-29,usdjpy,156.462997
2025-12-30,usdjpy,156.013
2025-12-31,usdjpy,156.412994
2026-01-02,usdjpy,156.731003
2026-01-05,usdjpy,156.988998
2026-01-06,usdjpy,156.626007
2026-01-07,usdjpy,156.679993
2026-01-08,usdjpy,156.731003
2026-01-09,usdjpy,156.880005
2026-01-12,usdjpy,158.149002
2026-01-13,usdjpy,157.985992
2026-01-14,usdjpy,159.179001
2026-01-15,usdjpy,158.401993
2026-01-16,usdjpy,158.595993
2026-01-19,usdjpy,157.535004
2026-01-20,usdjpy,158.177002
2026-01-21,usdjpy,158.162003
2026-01-22,usdjpy,158.455994
2026-01-23,usdjpy,158.501007
2026-01-26,usdjpy,155.166
2026-01-27,usdjpy,154.335999
2026-01-28,usdjpy,152.453003
2026-01-29,usdjpy,153.095993
2026-01-30,usdjpy,153.162003
2026-02-02,usdjpy,155.201996
2026-02-03,usdjpy,155.442993
2026-02-04,usdjpy,155.798996
2026-02-05,usdjpy,156.917007
2026-02-06,usdjpy,156.783997
2026-02-09,usdjpy,157.244003
2026-02-10,usdjpy,156.132004
2026-02-11,usdjpy,154.481995
2026-02-12,usdjpy,153.268997
2026-02-13,usdjpy,152.820999
2026-02-16,usdjpy,152.779007
2026-02-17,usdjpy,153.608994
2026-02-18,usdjpy,153.149002
2026-02-19,usdjpy,154.692993
2026-02-20,usdjpy,155.160004
2026-02-23,usdjpy,154.339005
2026-02-24,usdjpy,154.634995
2026-02-25,usdjpy,155.880005
2026-02-26,usdjpy,156.199997
2026-02-27,usdjpy,155.858994
2026-03-02,usdjpy,156.632996
2026-03-03,usdjpy,157.257004
2026-03-04,usdjpy,157.772995
2026-03-05,usdjpy,156.983002
2026-03-06,usdjpy,157.533997
2026-03-09,usdjpy,158.427002
2026-03-10,usdjpy,157.848007
2026-03-11,usdjpy,158.113998
2026-03-12,usdjpy,159.074997
2026-03-13,usdjpy,159.205994
2026-03-16,usdjpy,159.567993
2026-03-17,usdjpy,159.104996
2026-03-18,usdjpy,158.889008
2026-03-19,usdjpy,159.794998
2026-03-20,usdjpy,157.923996
2026-03-23,usdjpy,159.233994
2026-03-24,usdjpy,158.479004
2026-03-25,usdjpy,158.718002
2026-03-26,usdjpy,159.384003
2026-03-27,usdjpy,159.703995
2026-03-29,usdjpy,160.233994
2026-03-30,usdjpy,159.841003
2026-03-31,usdjpy,158.578995
2026-04-01,usdjpy,158.688004
2026-04-02,usdjpy,159.490997
2026-04-05,usdjpy,159.779999
2026-04-06,usdjpy,159.682999
2026-04-07,usdjpy,158.716003
2026-04-08,usdjpy,158.641998
2026-04-09,usdjpy,159.112
2026-04-12,usdjpy,159.679993
2026-04-13,usdjpy,159.214005
2026-04-14,usdjpy,158.792007
2026-04-15,usdjpy,158.809006
2026-04-16,usdjpy,159.195007
2026-04-19,usdjpy,159.160995
2026-04-20,usdjpy,158.843994
2026-04-21,usdjpy,159.373001
2026-04-22,usdjpy,159.488007
2026-04-23,usdjpy,159.746994
2026-04-26,usdjpy,159.576004
2026-04-27,usdjpy,159.356995
2026-04-28,usdjpy,159.552002
2026-04-29,usdjpy,160.184006
2026-04-30,usdjpy,156.977997
2026-05-03,usdjpy,156.845993
2026-05-04,usdjpy,157.194
2026-05-05,usdjpy,157.677002
2026-05-06,usdjpy,156.507996
2026-05-07,usdjpy,156.828995
2026-05-10,usdjpy,156.858002
2026-05-11,usdjpy,157.231003
2026-05-12,usdjpy,157.671005
2026-05-13,usdjpy,157.850998
2026-05-14,usdjpy,158.382004
2026-05-17,usdjpy,158.843994
2026-05-18,usdjpy,158.860992
2026-05-19,usdjpy,159.035004
2026-05-20,usdjpy,158.888
2026-05-21,usdjpy,159.018005
2026-05-24,usdjpy,158.945999
2026-05-25,usdjpy,158.953995
2026-05-26,usdjpy,159.242996
2026-05-27,usdjpy,159.567993
2026-05-28,usdjpy,159.270004
2026-05-31,usdjpy,159.352997
2026-06-01,usdjpy,159.636002
2026-06-02,usdjpy,159.968002
2026-06-03,usdjpy,159.940002
2026-06-04,usdjpy,159.990005
2026-06-07,usdjpy,160.326996
2026-06-08,usdjpy,160.173996
2026-06-09,usdjpy,160.384003
2026-06-10,usdjpy,160.526993
2026-06-11,usdjpy,160.130005
2026-06-14,usdjpy,159.955002
2026-06-15,usdjpy,160.229004
2026-06-16,usdjpy,160.419006
2026-06-17,usdjpy,160.600006
2026-06-18,usdjpy,161.289001
2026-06-21,usdjpy,161.432999
2026-06-22,usdjpy,161.570007
2026-06-23,usdjpy,161.598999
2026-06-24,usdjpy,161.763
2026-06-25,usdjpy,161.804993
2026-06-28,usdjpy,161.787003
2026-06-29,usdjpy,161.923004
2026-06-30,usdjpy,162.628006
2026-07-01,usdjpy,162.539001
2026-07-02,usdjpy,161.449005
2026-07-05,usdjpy,161.451996
2026-07-06,usdjpy,162.087997
2026-07-07,usdjpy,162.363007
2026-07-08,usdjpy,162.539001
2026-07-09,usdjpy,162.363007
2026-07-12,usdjpy,161.878006
2026-07-13,usdjpy,162.429001
2026-07-14,usdjpy,162.186996
2026-07-15,usdjpy,162.072006
2026-07-16,usdjpy,162.376007
2026-07-19,usdjpy,162.511993
2026-07-20,usdjpy,162.487
2026-07-21,usdjpy,163.186005
2026-07-22,usdjpy,163.080994
2026-07-23,usdjpy,163.832001
2026-07-26,usdjpy,163.610992
2026-07-27,usdjpy,163.770996
2026-07-28,usdjpy,163.863998
2026-07-29,usdjpy,163.300003
2026-07-30,usdjpy,160.182999
2026-08-01,usdjpy,157.399994
2026-08-02,usdjpy,157.582001
2026-08-03,usdjpy,157.529007
2026-08-04,usdjpy,157.692001
2026-08-05,usdjpy,157.600006
2026-08-06,usdjpy,158.408997
2026-08-07,usdjpy,157.744995
2026-08-09,usdjpy,157.891006
2026-08-10,usdjpy,159.156006
2026-08-11,usdjpy,159.264999
2026-08-12,usdjpy,159.328003
2026-08-13,usdjpy,159.425995
2026-08-14,usdjpy,159.304993
2026-08-15,usdjpy,159.304993
2026-08-16,usdjpy,159.223007
2026-08-17,usdjpy,159.339996
2026-08-18,usdjpy,159.550003
2026-08-19,usdjpy,158.276001
2026-08-20,usdjpy,158.882996
2026-08-21,usdjpy,158.940002
2026-08-23,usdjpy,158.904007
2026-08-24,usdjpy,159.139008
2026-08-25,usdjpy,159.223007
2026-08-26,usdjpy,159.255005
2026-08-27,usdjpy,159.302994
2026-08-28,usdjpy,159.503006
2024-07-31,vix,16.360001
2024-08-01,vix,18.59
2024-08-02,vix,23.389999
2024-08-05,vix,38.57
2024-08-06,vix,27.709999
2024-08-07,vix,27.85
2024-08-08,vix,23.790001
2024-08-09,vix,20.370001
2024-08-12,vix,20.709999
2024-08-13,vix,18.120001
2024-08-14,vix,16.190001
2024-08-15,vix,15.23
2024-08-16,vix,14.8
2024-08-19,vix,14.65
2024-08-20,vix,15.88
2024-08-21,vix,16.27
2024-08-22,vix,17.549999
2024-08-23,vix,15.86
2024-08-26,vix,16.15
2024-08-27,vix,15.43
2024-08-28,vix,17.110001
2024-08-29,vix,15.65
2024-08-30,vix,15.0
2024-09-03,vix,20.719999
2024-09-04,vix,21.32
2024-09-05,vix,19.9
2024-09-06,vix,22.379999
2024-09-09,vix,19.450001
2024-09-10,vix,19.08
2024-09-11,vix,17.690001
2024-09-12,vix,17.07
2024-09-13,vix,16.559999
2024-09-16,vix,17.139999
2024-09-17,vix,17.610001
2024-09-18,vix,18.23
2024-09-19,vix,16.33
2024-09-20,vix,16.15
2024-09-23,vix,15.89
2024-09-24,vix,15.39
2024-09-25,vix,15.41
2024-09-26,vix,15.37
2024-09-27,vix,16.959999
2024-09-30,vix,16.73
2024-10-01,vix,19.26
2024-10-02,vix,18.9
2024-10-03,vix,20.49
2024-10-04,vix,19.209999
2024-10-07,vix,22.639999
2024-10-08,vix,21.42
2024-10-09,vix,20.860001
2024-10-10,vix,20.93
2024-10-11,vix,20.459999
2024-10-14,vix,19.700001
2024-10-15,vix,20.639999
2024-10-16,vix,19.58
2024-10-17,vix,19.110001
2024-10-18,vix,18.030001
2024-10-21,vix,18.370001
2024-10-22,vix,18.200001
2024-10-23,vix,19.24
2024-10-24,vix,19.08
2024-10-25,vix,20.33
2024-10-28,vix,19.799999
2024-10-29,vix,19.34
2024-10-30,vix,20.35
2024-10-31,vix,23.16
2024-11-01,vix,21.879999
2024-11-04,vix,21.98
2024-11-05,vix,20.49
2024-11-06,vix,16.27
2024-11-07,vix,15.2
2024-11-08,vix,14.94
2024-11-11,vix,14.97
2024-11-12,vix,14.71
2024-11-13,vix,14.02
2024-11-14,vix,14.31
2024-11-15,vix,16.139999
2024-11-18,vix,15.58
2024-11-19,vix,16.35
2024-11-20,vix,17.16
2024-11-21,vix,16.870001
2024-11-22,vix,15.24
2024-11-25,vix,14.6
2024-11-26,vix,14.1
2024-11-27,vix,14.1
2024-11-29,vix,13.51
2024-12-02,vix,13.34
2024-12-03,vix,13.3
2024-12-04,vix,13.45
2024-12-05,vix,13.54
2024-12-06,vix,12.77
2024-12-09,vix,14.19
2024-12-10,vix,14.18
2024-12-11,vix,13.58
2024-12-12,vix,13.92
2024-12-13,vix,13.81
2024-12-16,vix,14.69
2024-12-17,vix,15.87
2024-12-18,vix,27.620001
2024-12-19,vix,24.09
2024-12-20,vix,18.360001
2024-12-23,vix,16.780001
2024-12-24,vix,14.27
2024-12-26,vix,14.73
2024-12-27,vix,15.95
2024-12-30,vix,17.4
2024-12-31,vix,17.35
2025-01-02,vix,17.93
2025-01-03,vix,16.129999
2025-01-06,vix,16.040001
2025-01-07,vix,17.82
2025-01-08,vix,17.700001
2025-01-10,vix,19.540001
2025-01-13,vix,19.190001
2025-01-14,vix,18.709999
2025-01-15,vix,16.120001
2025-01-16,vix,16.6
2025-01-17,vix,15.97
2025-01-21,vix,15.06
2025-01-22,vix,15.1
2025-01-23,vix,15.02
2025-01-24,vix,14.85
2025-01-27,vix,17.9
2025-01-28,vix,16.41
2025-01-29,vix,16.559999
2025-01-30,vix,15.84
2025-01-31,vix,16.43
2025-02-03,vix,18.620001
2025-02-04,vix,17.209999
2025-02-05,vix,15.77
2025-02-06,vix,15.5
2025-02-07,vix,16.540001
2025-02-10,vix,15.81
2025-02-11,vix,16.02
2025-02-12,vix,15.89
2025-02-13,vix,15.1
2025-02-14,vix,14.77
2025-02-18,vix,15.35
2025-02-19,vix,15.27
2025-02-20,vix,15.66
2025-02-21,vix,18.209999
2025-02-24,vix,18.98
2025-02-25,vix,19.43
2025-02-26,vix,19.1
2025-02-27,vix,21.129999
2025-02-28,vix,19.629999
2025-03-03,vix,22.780001
2025-03-04,vix,23.51
2025-03-05,vix,21.93
2025-03-06,vix,24.870001
2025-03-07,vix,23.370001
2025-03-10,vix,27.860001
2025-03-11,vix,26.92
2025-03-12,vix,24.23
2025-03-13,vix,24.66
2025-03-14,vix,21.77
2025-03-17,vix,20.51
2025-03-18,vix,21.700001
2025-03-19,vix,19.9
2025-03-20,vix,19.799999
2025-03-21,vix,19.280001
2025-03-24,vix,17.48
2025-03-25,vix,17.15
2025-03-26,vix,18.33
2025-03-27,vix,18.690001
2025-03-28,vix,21.65
2025-03-31,vix,22.280001
2025-04-01,vix,21.77
2025-04-02,vix,21.51
2025-04-03,vix,30.02
2025-04-04,vix,45.310001
2025-04-07,vix,46.98
2025-04-08,vix,52.330002
2025-04-09,vix,33.619999
2025-04-10,vix,40.720001
2025-04-11,vix,37.560001
2025-04-14,vix,30.889999
2025-04-15,vix,30.120001
2025-04-16,vix,32.639999
2025-04-17,vix,29.65
2025-04-21,vix,33.82
2025-04-22,vix,30.57
2025-04-23,vix,28.450001
2025-04-24,vix,26.469999
2025-04-25,vix,24.84
2025-04-28,vix,25.15
2025-04-29,vix,24.17
2025-04-30,vix,24.700001
2025-05-01,vix,24.6
2025-05-02,vix,22.68
2025-05-05,vix,23.639999
2025-05-06,vix,24.76
2025-05-07,vix,23.549999
2025-05-08,vix,22.48
2025-05-09,vix,21.9
2025-05-12,vix,18.389999
2025-05-13,vix,18.219999
2025-05-14,vix,18.620001
2025-05-15,vix,17.83
2025-05-16,vix,17.24
2025-05-19,vix,18.139999
2025-05-20,vix,18.09
2025-05-21,vix,20.870001
2025-05-22,vix,20.280001
2025-05-23,vix,22.290001
2025-05-27,vix,18.959999
2025-05-28,vix,19.309999
2025-05-29,vix,19.18
2025-05-30,vix,18.57
2025-06-02,vix,18.360001
2025-06-03,vix,17.690001
2025-06-04,vix,17.610001
2025-06-05,vix,18.48
2025-06-06,vix,16.77
2025-06-09,vix,17.16
2025-06-10,vix,16.950001
2025-06-11,vix,17.26
2025-06-12,vix,18.02
2025-06-13,vix,20.82
2025-06-16,vix,19.110001
2025-06-17,vix,21.6
2025-06-18,vix,20.139999
2025-06-20,vix,20.620001
2025-06-23,vix,19.83
2025-06-24,vix,17.48
2025-06-25,vix,16.76
2025-06-26,vix,16.59
2025-06-27,vix,16.32
2025-06-30,vix,16.73
2025-07-01,vix,16.83
2025-07-02,vix,16.639999
2025-07-03,vix,16.379999
2025-07-07,vix,17.790001
2025-07-08,vix,16.809999
2025-07-09,vix,15.94
2025-07-10,vix,15.78
2025-07-11,vix,16.4
2025-07-14,vix,17.200001
2025-07-15,vix,17.379999
2025-07-16,vix,17.16
2025-07-17,vix,16.52
2025-07-18,vix,16.41
2025-07-21,vix,16.65
2025-07-22,vix,16.5
2025-07-23,vix,15.37
2025-07-24,vix,15.39
2025-07-25,vix,14.93
2025-07-28,vix,15.03
2025-07-29,vix,15.98
2025-07-30,vix,15.48
2025-07-31,vix,16.719999
2025-08-01,vix,20.379999
2025-08-04,vix,17.52
2025-08-05,vix,17.85
2025-08-06,vix,16.77
2025-08-07,vix,16.57
2025-08-08,vix,15.15
2025-08-11,vix,16.25
2025-08-12,vix,14.73
2025-08-13,vix,14.49
2025-08-14,vix,14.83
2025-08-15,vix,15.09
2025-08-18,vix,14.99
2025-08-19,vix,15.57
2025-08-20,vix,15.69
2025-08-21,vix,16.6
2025-08-22,vix,14.22
2025-08-25,vix,14.79
2025-08-26,vix,14.62
2025-08-27,vix,14.85
2025-08-28,vix,14.43
2025-08-29,vix,15.36
2025-09-02,vix,17.17
2025-09-03,vix,16.35
2025-09-04,vix,15.3
2025-09-05,vix,15.18
2025-09-08,vix,15.11
2025-09-09,vix,15.04
2025-09-10,vix,15.35
2025-09-11,vix,14.71
2025-09-12,vix,14.76
2025-09-15,vix,15.69
2025-09-16,vix,16.360001
2025-09-17,vix,15.72
2025-09-18,vix,15.7
2025-09-19,vix,15.45
2025-09-22,vix,16.1
2025-09-23,vix,16.639999
2025-09-24,vix,16.18
2025-09-25,vix,16.74
2025-09-26,vix,15.29
2025-09-29,vix,16.120001
2025-09-30,vix,16.280001
2025-10-01,vix,16.290001
2025-10-02,vix,16.629999
2025-10-03,vix,16.65
2025-10-06,vix,16.370001
2025-10-07,vix,17.24
2025-10-08,vix,16.299999
2025-10-09,vix,16.43
2025-10-10,vix,21.66
2025-10-13,vix,19.030001
2025-10-14,vix,20.809999
2025-10-15,vix,20.639999
2025-10-16,vix,25.309999
2025-10-17,vix,20.780001
2025-10-20,vix,18.23
2025-10-21,vix,17.870001
2025-10-22,vix,18.6
2025-10-23,vix,17.299999
2025-10-24,vix,16.370001
2025-10-27,vix,15.79
2025-10-28,vix,16.42
2025-10-29,vix,16.92
2025-10-30,vix,16.91
2025-10-31,vix,17.440001
2025-11-03,vix,17.17
2025-11-04,vix,19.0
2025-11-05,vix,18.01
2025-11-06,vix,19.5
2025-11-07,vix,19.08
2025-11-10,vix,17.6
2025-11-11,vix,17.280001
2025-11-12,vix,17.51
2025-11-13,vix,20.0
2025-11-14,vix,19.83
2025-11-17,vix,22.379999
2025-11-18,vix,24.690001
2025-11-19,vix,23.66
2025-11-20,vix,26.42
2025-11-21,vix,23.43
2025-11-24,vix,20.52
2025-11-25,vix,18.559999
2025-11-26,vix,17.190001
2025-11-28,vix,16.35
2025-12-01,vix,17.24
2025-12-02,vix,16.59
2025-12-03,vix,16.08
2025-12-04,vix,15.78
2025-12-05,vix,15.41
2025-12-08,vix,16.66
2025-12-09,vix,16.93
2025-12-10,vix,15.77
2025-12-11,vix,14.85
2025-12-12,vix,15.74
2025-12-15,vix,16.5
2025-12-16,vix,16.48
2025-12-17,vix,17.620001
2025-12-18,vix,16.870001
2025-12-19,vix,14.91
2025-12-22,vix,14.08
2025-12-23,vix,14.0
2025-12-24,vix,13.47
2025-12-26,vix,13.6
2025-12-29,vix,14.2
2025-12-30,vix,14.33
2025-12-31,vix,14.95
2026-01-02,vix,14.51
2026-01-05,vix,14.9
2026-01-06,vix,14.75
2026-01-07,vix,15.38
2026-01-08,vix,15.45
2026-01-09,vix,14.49
2026-01-12,vix,15.12
2026-01-13,vix,15.98
2026-01-14,vix,16.75
2026-01-15,vix,15.84
2026-01-16,vix,15.86
2026-01-20,vix,20.09
2026-01-21,vix,16.9
2026-01-22,vix,15.64
2026-01-23,vix,16.09
2026-01-26,vix,16.15
2026-01-27,vix,16.35
2026-01-28,vix,16.35
2026-01-29,vix,16.879999
2026-01-30,vix,17.440001
2026-02-02,vix,16.34
2026-02-03,vix,18.0
2026-02-04,vix,18.639999
2026-02-05,vix,21.77
2026-02-06,vix,20.370001
2026-02-09,vix,17.360001
2026-02-10,vix,17.790001
2026-02-11,vix,17.65
2026-02-12,vix,20.82
2026-02-13,vix,20.6
2026-02-17,vix,20.290001
2026-02-18,vix,19.620001
2026-02-19,vix,20.23
2026-02-20,vix,19.09
2026-02-23,vix,21.01
2026-02-24,vix,19.549999
2026-02-25,vix,17.93
2026-02-26,vix,18.629999
2026-02-27,vix,19.860001
2026-03-02,vix,21.440001
2026-03-03,vix,23.57
2026-03-04,vix,21.15
2026-03-05,vix,23.75
2026-03-06,vix,29.49
2026-03-09,vix,25.5
2026-03-10,vix,24.93
2026-03-11,vix,24.23
2026-03-12,vix,27.290001
2026-03-13,vix,27.190001
2026-03-16,vix,23.51
2026-03-17,vix,22.370001
2026-03-18,vix,25.09
2026-03-19,vix,24.059999
2026-03-20,vix,26.780001
2026-03-23,vix,26.15
2026-03-24,vix,26.950001
2026-03-25,vix,25.33
2026-03-26,vix,27.440001
2026-03-27,vix,31.049999
2026-03-30,vix,30.610001
2026-03-31,vix,25.25
2026-04-01,vix,24.540001
2026-04-02,vix,23.870001
2026-04-06,vix,24.17
2026-04-07,vix,25.780001
2026-04-08,vix,21.040001
2026-04-09,vix,19.49
2026-04-10,vix,19.23
2026-04-13,vix,19.120001
2026-04-14,vix,18.360001
2026-04-15,vix,18.17
2026-04-16,vix,17.940001
2026-04-17,vix,17.48
2026-04-20,vix,18.870001
2026-04-21,vix,19.5
2026-04-22,vix,18.92
2026-04-23,vix,19.309999
2026-04-24,vix,18.709999
2026-04-27,vix,18.02
2026-04-28,vix,17.83
2026-04-29,vix,18.809999
2026-04-30,vix,16.889999
2026-05-01,vix,16.99
2026-05-04,vix,18.290001
2026-05-05,vix,17.379999
2026-05-06,vix,17.389999
2026-05-07,vix,17.08
2026-05-08,vix,17.190001
2026-05-11,vix,18.379999
2026-05-12,vix,17.99
2026-05-13,vix,17.870001
2026-05-14,vix,17.26
2026-05-15,vix,18.43
2026-05-18,vix,17.82
2026-05-19,vix,18.059999
2026-05-20,vix,17.440001
2026-05-21,vix,16.76
2026-05-22,vix,16.700001
2026-05-25,vix,16.59
2026-05-26,vix,17.01
2026-05-27,vix,16.290001
2026-05-28,vix,15.74
2026-05-29,vix,15.32
2026-06-01,vix,16.049999
2026-06-02,vix,15.77
2026-06-03,vix,16.059999
2026-06-04,vix,15.4
2026-06-05,vix,21.51
2026-06-08,vix,18.92
2026-06-09,vix,19.870001
2026-06-10,vix,22.219999
2026-06-11,vix,19.440001
2026-06-12,vix,17.68
2026-06-15,vix,16.200001
2026-06-16,vix,16.41
2026-06-17,vix,18.440001
2026-06-18,vix,16.4
2026-06-22,vix,17.280001
2026-06-23,vix,19.49
2026-06-24,vix,18.629999
2026-06-25,vix,18.889999
2026-06-26,vix,18.41
2026-06-29,vix,17.65
2026-06-30,vix,16.450001
2026-07-01,vix,16.59
2026-07-02,vix,16.15
2026-07-06,vix,15.57
2026-07-07,vix,16.129999
2026-07-08,vix,16.9
2026-07-09,vix,15.84
2026-07-10,vix,15.03
2026-07-13,vix,17.16
2026-07-14,vix,16.5
2026-07-15,vix,15.67
2026-07-16,vix,16.73
2026-07-17,vix,18.77
2026-07-20,vix,18.65
2026-07-21,vix,17.049999
2026-07-22,vix,16.639999
2026-07-23,vix,18.700001
2026-07-24,vix,18.58
2026-07-27,vix,18.67
2026-07-28,vix,18.209999
2026-07-29,vix,20.66
2026-07-30,vix,17.09
2026-07-31,vix,15.99
2026-08-03,vix,15.86
2026-08-04,vix,16.5
2026-08-05,vix,15.81
2026-08-06,vix,15.15
2026-08-07,vix,14.9
2026-08-10,vix,15.46
2026-08-11,vix,15.28
2026-08-12,vix,14.55
2026-08-13,vix,14.63
2026-08-14,vix,14.25
2026-08-17,vix,15.19
2026-08-18,vix,15.84
2026-08-19,vix,14.89
2026-08-20,vix,16.01
2026-08-21,vix,15.13
2026-08-24,vix,15.85
2026-08-25,vix,15.45
2026-08-26,vix,15.21
2026-08-27,vix,14.51
2024-08-01,vvix,111.18
2024-08-02,vvix,136.809998
2024-08-05,vvix,173.320007
2024-08-06,vvix,150.089996
2024-08-07,vvix,151.240005
2024-08-08,vvix,134.339996
2024-08-09,vvix,114.629997
2024-08-12,vvix,121.940002
2024-08-13,vvix,113.889999
2024-08-14,vvix,107.809998
2024-08-15,vvix,105.419998
2024-08-16,vvix,103.419998
2024-08-19,vvix,98.82
2024-08-20,vvix,101.739998
2024-08-21,vvix,106.720001
2024-08-22,vvix,112.529999
2024-08-23,vvix,99.220001
2024-08-26,vvix,100.68
2024-08-27,vvix,93.449997
2024-08-28,vvix,106.32
2024-08-29,vvix,97.080002
2024-08-30,vvix,93.730003
2024-09-03,vvix,129.789993
2024-09-04,vvix,123.470001
2024-09-05,vvix,115.010002
2024-09-06,vvix,119.330002
2024-09-09,vvix,110.849998
2024-09-10,vvix,107.199997
2024-09-11,vvix,102.900002
2024-09-12,vvix,103.940002
2024-09-13,vvix,101.879997
2024-09-16,vvix,106.669998
2024-09-17,vvix,107.190002
2024-09-18,vvix,105.43
2024-09-19,vvix,97.459999
2024-09-20,vvix,94.269997
2024-09-23,vvix,94.410004
2024-09-24,vvix,90.93
2024-09-25,vvix,90.480003
2024-09-26,vvix,89.860001
2024-09-27,vvix,101.339996
2024-09-30,vvix,99.339996
2024-10-01,vvix,110.139999
2024-10-02,vvix,107.970001
2024-10-03,vvix,115.639999
2024-10-04,vvix,110.629997
2024-10-07,vvix,122.580002
2024-10-08,vvix,114.82
2024-10-09,vvix,119.360001
2024-10-10,vvix,117.43
2024-10-11,vvix,113.989998
2024-10-14,vvix,107.220001
2024-10-15,vvix,112.900002
2024-10-16,vvix,111.620003
2024-10-17,vvix,105.889999
2024-10-18,vvix,100.949997
2024-10-21,vvix,102.959999
2024-10-22,vvix,100.5
2024-10-23,vvix,108.110001
2024-10-24,vvix,109.839996
2024-10-25,vvix,117.5
2024-10-28,vvix,112.230003
2024-10-29,vvix,108.699997
2024-10-30,vvix,112.769997
2024-10-31,vvix,121.889999
2024-11-01,vvix,119.120003
2024-11-04,vvix,121.800003
2024-11-05,vvix,114.32
2024-11-06,vvix,97.239998
2024-11-07,vvix,88.599998
2024-11-08,vvix,87.760002
2024-11-11,vvix,90.730003
2024-11-12,vvix,89.449997
2024-11-13,vvix,91.760002
2024-11-14,vvix,90.43
2024-11-15,vvix,98.93
2024-11-18,vvix,93.809998
2024-11-19,vvix,97.370003
2024-11-20,vvix,102.199997
2024-11-21,vvix,101.300003
2024-11-22,vvix,95.129997
2024-11-25,vvix,88.790001
2024-11-26,vvix,87.709999
2024-11-27,vvix,88.360001
2024-11-29,vvix,86.32
2024-12-02,vvix,87.110001
2024-12-03,vvix,86.43
2024-12-04,vvix,86.480003
2024-12-05,vvix,86.949997
2024-12-06,vvix,87.379997
2024-12-09,vvix,93.839996
2024-12-10,vvix,94.349998
2024-12-11,vvix,98.120003
2024-12-12,vvix,99.43
2024-12-13,vvix,96.5
2024-12-16,vvix,98.349998
2024-12-17,vvix,100.730003
2024-12-18,vvix,129.789993
2024-12-19,vvix,136.289993
2024-12-20,vvix,114.010002
2024-12-23,vvix,102.339996
2024-12-24,vvix,91.050003
2024-12-26,vvix,92.769997
2024-12-27,vvix,98.809998
2024-12-30,vvix,103.050003
2024-12-31,vvix,104.330002
2025-01-02,vvix,106.589996
2025-01-03,vvix,94.360001
2025-01-06,vvix,95.889999
2025-01-07,vvix,106.370003
2025-01-08,vvix,103.93
2025-01-10,vvix,115.489998
2025-01-13,vvix,110.940002
2025-01-14,vvix,107.93
2025-01-15,vvix,97.790001
2025-01-16,vvix,99.839996
2025-01-17,vvix,101.610001
2025-01-21,vvix,98.260002
2025-01-22,vvix,100.559998
2025-01-23,vvix,99.519997
2025-01-24,vvix,100.410004
2025-01-27,vvix,110.309998
2025-01-28,vvix,103.739998
2025-01-29,vvix,101.68
2025-01-30,vvix,98.32
2025-01-31,vvix,101.5
2025-02-03,vvix,109.010002
2025-02-04,vvix,100.879997
2025-02-05,vvix,97.290001
2025-02-06,vvix,96.769997
2025-02-07,vvix,101.489998
2025-02-10,vvix,99.150002
2025-02-11,vvix,99.82
2025-02-12,vvix,98.739998
2025-02-13,vvix,95.480003
2025-02-14,vvix,96.900002
2025-02-18,vvix,98.5
2025-02-19,vvix,95.550003
2025-02-20,vvix,94.989998
2025-02-21,vvix,105.709999
2025-02-24,vvix,106.800003
2025-02-25,vvix,108.470001
2025-02-26,vvix,106.050003
2025-02-27,vvix,114.790001
2025-02-28,vvix,108.989998
2025-03-03,vvix,118.739998
2025-03-04,vvix,118.559998
2025-03-05,vvix,109.629997
2025-03-06,vvix,120.82
2025-03-07,vvix,115.730003
2025-03-10,vvix,128.460007
2025-03-11,vvix,129.509995
2025-03-12,vvix,115.889999
2025-03-13,vvix,112.889999
2025-03-14,vvix,98.230003
2025-03-17,vvix,95.93
2025-03-18,vvix,99.68
2025-03-19,vvix,93.230003
2025-03-20,vvix,89.949997
2025-03-21,vvix,87.989998
2025-03-24,vvix,81.889999
2025-03-25,vvix,87.459999
2025-03-26,vvix,90.239998
2025-03-27,vvix,89.510002
2025-03-28,vvix,102.440002
2025-03-31,vvix,99.120003
2025-04-01,vvix,97.550003
2025-04-02,vvix,118.370003
2025-04-03,vvix,119.480003
2025-04-04,vvix,147.160004
2025-04-07,vvix,152.630005
2025-04-08,vvix,170.919998
2025-04-09,vvix,142.5
2025-04-10,vvix,157.240005
2025-04-11,vvix,147.350006
2025-04-14,vvix,122.32
2025-04-15,vvix,115.889999
2025-04-16,vvix,122.910004
2025-04-17,vvix,116.260002
2025-04-21,vvix,124.110001
2025-04-22,vvix,112.959999
2025-04-23,vvix,109.019997
2025-04-24,vvix,102.980003
2025-04-25,vvix,98.949997
2025-04-28,vvix,103.389999
2025-04-29,vvix,101.309998
2025-04-30,vvix,102.290001
2025-05-01,vvix,102.309998
2025-05-02,vvix,97.260002
2025-05-05,vvix,101.169998
2025-05-06,vvix,104.32
2025-05-07,vvix,99.82
2025-05-08,vvix,96.290001
2025-05-09,vvix,96.349998
2025-05-12,vvix,87.93
2025-05-13,vvix,91.589996
2025-05-14,vvix,97.160004
2025-05-15,vvix,94.110001
2025-05-16,vvix,94.940002
2025-05-19,vvix,96.889999
2025-05-20,vvix,96.620003
2025-05-21,vvix,106.300003
2025-05-22,vvix,104.099998
2025-05-23,vvix,109.760002
2025-05-27,vvix,96.489998
2025-05-28,vvix,97.150002
2025-05-29,vvix,95.32
2025-05-30,vvix,95.150002
2025-06-02,vvix,91.839996
2025-06-03,vvix,90.889999
2025-06-04,vvix,90.790001
2025-06-05,vvix,93.199997
2025-06-06,vvix,89.449997
2025-06-09,vvix,88.970001
2025-06-10,vvix,92.059998
2025-06-11,vvix,99.019997
2025-06-12,vvix,103.040001
2025-06-13,vvix,113.370003
2025-06-16,vvix,106.190002
2025-06-17,vvix,115.5
2025-06-18,vvix,106.199997
2025-06-20,vvix,108.860001
2025-06-23,vvix,104.32
2025-06-24,vvix,92.290001
2025-06-25,vvix,89.650002
2025-06-26,vvix,89.599998
2025-06-27,vvix,91.839996
2025-06-30,vvix,89.739998
2025-07-01,vvix,89.540001
2025-07-02,vvix,89.800003
2025-07-03,vvix,90.599998
2025-07-07,vvix,96.300003
2025-07-08,vvix,91.309998
2025-07-09,vvix,91.760002
2025-07-10,vvix,90.940002
2025-07-11,vvix,93.529999
2025-07-14,vvix,95.75
2025-07-15,vvix,94.660004
2025-07-16,vvix,95.559998
2025-07-17,vvix,92.900002
2025-07-18,vvix,93.150002
2025-07-21,vvix,92.260002
2025-07-22,vvix,90.580002
2025-07-23,vvix,88.040001
2025-07-24,vvix,89.75
2025-07-25,vvix,90.589996
2025-07-28,vvix,88.589996
2025-07-29,vvix,95.139999
2025-07-30,vvix,94.330002
2025-07-31,vvix,98.370003
2025-08-01,vvix,109.790001
2025-08-04,vvix,95.849998
2025-08-05,vvix,97.650002
2025-08-06,vvix,97.809998
2025-08-07,vvix,97.370003
2025-08-08,vvix,93.139999
2025-08-11,vvix,97.089996
2025-08-12,vvix,92.860001
2025-08-13,vvix,98.169998
2025-08-14,vvix,98.040001
2025-08-15,vvix,97.849998
2025-08-18,vvix,96.629997
2025-08-19,vvix,102.089996
2025-08-20,vvix,98.599998
2025-08-21,vvix,99.989998
2025-08-22,vvix,89.779999
2025-08-25,vvix,92.300003
2025-08-26,vvix,91.650002
2025-08-27,vvix,94.93
2025-08-28,vvix,92.029999
2025-08-29,vvix,97.169998
2025-09-02,vvix,103.879997
2025-09-03,vvix,99.620003
2025-09-04,vvix,95.279999
2025-09-05,vvix,93.059998
2025-09-08,vvix,92.290001
2025-09-09,vvix,93.160004
2025-09-10,vvix,100.529999
2025-09-11,vvix,96.32
2025-09-12,vvix,96.779999
2025-09-15,vvix,99.550003
2025-09-16,vvix,104.099998
2025-09-17,vvix,96.169998
2025-09-18,vvix,97.279999
2025-09-19,vvix,96.900002
2025-09-22,vvix,99.75
2025-09-23,vvix,101.230003
2025-09-24,vvix,99.989998
2025-09-25,vvix,100.339996
2025-09-26,vvix,93.400002
2025-09-29,vvix,96.739998
2025-09-30,vvix,95.889999
2025-10-01,vvix,93.220001
2025-10-02,vvix,94.099998
2025-10-03,vvix,94.790001
2025-10-06,vvix,95.379997
2025-10-07,vvix,98.699997
2025-10-08,vvix,96.220001
2025-10-09,vvix,97.25
2025-10-10,vvix,116.25
2025-10-13,vvix,106.449997
2025-10-14,vvix,113.190002
2025-10-15,vvix,117.300003
2025-10-16,vvix,134.25
2025-10-17,vvix,115.629997
2025-10-20,vvix,103.18
2025-10-21,vvix,103.360001
2025-10-22,vvix,104.870003
2025-10-23,vvix,98.599998
2025-10-24,vvix,98.029999
2025-10-27,vvix,97.400002
2025-10-28,vvix,101.510002
2025-10-29,vvix,103.57
2025-10-30,vvix,102.839996
2025-10-31,vvix,104.459999
2025-11-03,vvix,101.43
2025-11-04,vvix,104.440002
2025-11-05,vvix,100.769997
2025-11-06,vvix,105.709999
2025-11-07,vvix,103.599998
2025-11-10,vvix,98.910004
2025-11-11,vvix,99.599998
2025-11-12,vvix,103.470001
2025-11-13,vvix,111.25
2025-11-14,vvix,107.949997
2025-11-17,vvix,117.860001
2025-11-18,vvix,124.32
2025-11-19,vvix,119.57
2025-11-20,vvix,128.649994
2025-11-21,vvix,118.339996
2025-11-24,vvix,103.959999
2025-11-25,vvix,96.849998
2025-11-26,vvix,92.169998
2025-11-28,vvix,90.339996
2025-12-01,vvix,93.760002
2025-12-02,vvix,91.709999
2025-12-03,vvix,92.389999
2025-12-04,vvix,91.279999
2025-12-05,vvix,90.650002
2025-12-08,vvix,97.349998
2025-12-09,vvix,98.139999
2025-12-10,vvix,99.110001
2025-12-11,vvix,95.410004
2025-12-12,vvix,97.330002
2025-12-15,vvix,100.370003
2025-12-16,vvix,98.360001
2025-12-17,vvix,99.889999
2025-12-18,vvix,92.610001
2025-12-19,vvix,83.870003
2025-12-22,vvix,81.970001
2025-12-23,vvix,85.139999
2025-12-24,vvix,85.239998
2025-12-26,vvix,84.239998
2025-12-29,vvix,85.879997
2025-12-30,vvix,87.129997
2025-12-31,vvix,92.669998
2026-01-02,vvix,90.099998
2026-01-05,vvix,90.510002
2026-01-06,vvix,89.010002
2026-01-07,vvix,91.860001
2026-01-08,vvix,89.849998
2026-01-09,vvix,88.190002
2026-01-12,vvix,93.129997
2026-01-13,vvix,101.07
2026-01-14,vvix,104.849998
2026-01-15,vvix,100.900002
2026-01-16,vvix,102.050003
2026-01-20,vvix,117.050003
2026-01-21,vvix,102.57
2026-01-22,vvix,96.120003
2026-01-23,vvix,101.830002
2026-01-26,vvix,99.75
2026-01-27,vvix,101.260002
2026-01-28,vvix,100.459999
2026-01-29,vvix,101.760002
2026-01-30,vvix,108.18
2026-02-02,vvix,98.769997
2026-02-03,vvix,103.82
2026-02-04,vvix,106.160004
2026-02-05,vvix,117.07
2026-02-06,vvix,100.989998
2026-02-09,vvix,98.599998
2026-02-10,vvix,100.809998
2026-02-11,vvix,102.150002
2026-02-12,vvix,112.300003
2026-02-13,vvix,115.519997
2026-02-17,vvix,107.089996
2026-02-18,vvix,108.690002
2026-02-19,vvix,111.669998
2026-02-20,vvix,108.709999
2026-02-23,vvix,115.660004
2026-02-24,vvix,108.610001
2026-02-25,vvix,103.980003
2026-02-26,vvix,104.150002
2026-02-27,vvix,110.889999
2026-03-02,vvix,113.440002
2026-03-03,vvix,116.019997
2026-03-04,vvix,106.940002
2026-03-05,vvix,115.93
2026-03-06,vvix,140.440002
2026-03-09,vvix,122.599998
2026-03-10,vvix,125.360001
2026-03-11,vvix,122.489998
2026-03-12,vvix,130.179993
2026-03-13,vvix,131.050003
2026-03-16,vvix,116.779999
2026-03-17,vvix,110.550003
2026-03-18,vvix,126.5
2026-03-19,vvix,118.089996
2026-03-20,vvix,126.279999
2026-03-23,vvix,122.82
2026-03-24,vvix,124.139999
2026-03-25,vvix,119.370003
2026-03-26,vvix,124.43
2026-03-27,vvix,133.179993
2026-03-30,vvix,127.839996
2026-03-31,vvix,116.050003
2026-04-01,vvix,114.830002
2026-04-02,vvix,115.330002
2026-04-06,vvix,113.529999
2026-04-07,vvix,117.300003
2026-04-08,vvix,111.07
2026-04-09,vvix,105.370003
2026-04-10,vvix,107.300003
2026-04-13,vvix,102.629997
2026-04-14,vvix,95.400002
2026-04-15,vvix,97.650002
2026-04-16,vvix,96.800003
2026-04-17,vvix,95.129997
2026-04-20,vvix,98.150002
2026-04-21,vvix,101.889999
2026-04-22,vvix,98.730003
2026-04-23,vvix,98.57
2026-04-24,vvix,97.18
2026-04-27,vvix,93.860001
2026-04-28,vvix,91.029999
2026-04-29,vvix,96.019997
2026-04-30,vvix,93.699997
2026-05-01,vvix,95.169998
2026-05-04,vvix,98.290001
2026-05-05,vvix,95.260002
2026-05-06,vvix,93.699997
2026-05-07,vvix,93.610001
2026-05-08,vvix,96.779999
2026-05-11,vvix,98.059998
2026-05-12,vvix,98.550003
2026-05-13,vvix,98.360001
2026-05-14,vvix,94.260002
2026-05-15,vvix,92.940002
2026-05-18,vvix,91.18
2026-05-19,vvix,94.610001
2026-05-20,vvix,96.449997
2026-05-21,vvix,91.879997
2026-05-22,vvix,91.160004
2026-05-26,vvix,89.550003
2026-05-27,vvix,87.529999
2026-05-28,vvix,86.029999
2026-05-29,vvix,86.059998
2026-06-01,vvix,91.599998
2026-06-02,vvix,90.529999
2026-06-03,vvix,89.800003
2026-06-04,vvix,85.75
2026-06-05,vvix,102.040001
2026-06-08,vvix,92.400002
2026-06-09,vvix,95.809998
2026-06-10,vvix,108.160004
2026-06-11,vvix,100.629997
2026-06-12,vvix,93.82
2026-06-15,vvix,87.580002
2026-06-16,vvix,87.690002
2026-06-17,vvix,94.529999
2026-06-18,vvix,88.43
2026-06-22,vvix,91.720001
2026-06-23,vvix,99.5
2026-06-24,vvix,95.580002
2026-06-25,vvix,91.190002
2026-06-26,vvix,89.019997
2026-06-29,vvix,88.709999
2026-06-30,vvix,86.870003
2026-07-01,vvix,89.040001
2026-07-02,vvix,88.800003
2026-07-06,vvix,87.089996
2026-07-07,vvix,87.900002
2026-07-08,vvix,91.379997
2026-07-09,vvix,88.779999
2026-07-10,vvix,87.279999
2026-07-13,vvix,95.279999
2026-07-14,vvix,93.529999
2026-07-15,vvix,91.849998
2026-07-16,vvix,97.309998
2026-07-17,vvix,104.870003
2026-07-20,vvix,102.82
2026-07-21,vvix,96.339996
2026-07-22,vvix,95.550003
2026-07-23,vvix,102.169998
2026-07-24,vvix,100.730003
2026-07-27,vvix,100.910004
2026-07-28,vvix,98.510002
2026-07-29,vvix,109.470001
2026-07-30,vvix,94.660004
2026-07-31,vvix,91.639999
2026-08-03,vvix,90.809998
2026-08-04,vvix,92.57
2026-08-05,vvix,90.43
2026-08-06,vvix,88.720001
2026-08-07,vvix,90.419998
2026-08-10,vvix,92.510002
2026-08-11,vvix,90.900002
2026-08-12,vvix,88.5
2026-08-13,vvix,89.419998
2026-08-14,vvix,87.480003
2026-08-17,vvix,93.919998
2026-08-18,vvix,92.870003
2026-08-19,vvix,86.529999
2026-08-20,vvix,89.860001
2026-08-21,vvix,86.269997
2026-08-24,vvix,88.639999
2026-08-25,vvix,85.669998
2026-08-26,vvix,85.239998
2026-08-27,vvix,82.900002
2026-08-07,vxtlt,11.33
2026-08-10,vxtlt,12.26
2026-08-11,vxtlt,12.37
2026-08-12,vxtlt,11.65
2026-08-13,vxtlt,10.95
2026-08-14,vxtlt,11.83
2026-08-17,vxtlt,12.57
2026-08-18,vxtlt,11.83
2026-08-19,vxtlt,11.66
2026-08-20,vxtlt,12.29
2026-08-21,vxtlt,11.92
2026-08-24,vxtlt,12.15
2026-08-25,vxtlt,12.17
2026-08-26,vxtlt,12.13
2026-08-27,vxtlt,12.06
2024-05-29,walcl,7284.319
2024-06-05,walcl,7255.687
2024-06-12,walcl,7258.974
2024-06-19,walcl,7252.542
2024-06-26,walcl,7231.163
2024-07-03,walcl,7221.52
2024-07-10,walcl,7224.079
2024-07-17,walcl,7208.247
2024-07-24,walcl,7205.455
2024-07-31,walcl,7178.391
2024-08-07,walcl,7175.256
2024-08-14,walcl,7177.688
2024-08-21,walcl,7139.952
2024-08-28,walcl,7123.238
2024-09-04,walcl,7112.567
2024-09-11,walcl,7115.001
2024-09-18,walcl,7109.137
2024-09-25,walcl,7080.059
2024-10-02,walcl,7046.925
2024-10-09,walcl,7046.84
2024-10-16,walcl,7039.284
2024-10-23,walcl,7029.408
2024-10-30,walcl,7013.49
2024-11-06,walcl,6994.299
2024-11-13,walcl,6967.108
2024-11-20,walcl,6923.731
2024-11-27,walcl,6905.14
2024-12-04,walcl,6895.827
2024-12-11,walcl,6897.485
2024-12-18,walcl,6889.332
2024-12-25,walcl,6885.963
2025-01-01,walcl,6852.491
2025-01-08,walcl,6853.554
2025-01-15,walcl,6834.07
2025-01-22,walcl,6831.76
2025-01-29,walcl,6818.186
2025-02-05,walcl,6810.935
2025-02-12,walcl,6813.513
2025-02-19,walcl,6782.332
2025-02-26,walcl,6766.101
2025-03-05,walcl,6756.764
2025-03-12,walcl,6759.571
2025-03-19,walcl,6755.982
2025-03-26,walcl,6740.253
2025-04-02,walcl,6723.452
2025-04-09,walcl,6727.416
2025-04-16,walcl,6727.113
2025-04-23,walcl,6726.93
2025-04-30,walcl,6709.277
2025-05-07,walcl,6710.889
2025-05-14,walcl,6713.27
2025-05-21,walcl,6688.726
2025-05-28,walcl,6673.244
2025-06-04,walcl,6672.885
2025-06-11,walcl,6677.155
2025-06-18,walcl,6681.056
2025-06-25,walcl,6662.2
2025-07-02,walcl,6659.598
2025-07-09,walcl,6661.912
2025-07-16,walcl,6659.273
2025-07-23,walcl,6657.715
2025-07-30,walcl,6642.578
2025-08-06,walcl,6640.843
2025-08-13,walcl,6643.615
2025-08-20,walcl,6618.415
2025-08-27,walcl,6603.384
2025-09-03,walcl,6602.071
2025-09-10,walcl,6605.962
2025-09-17,walcl,6608.597
2025-09-24,walcl,6608.395
2025-10-01,walcl,6587.119
2025-10-08,walcl,6590.815
2025-10-15,walcl,6596.454
2025-10-22,walcl,6589.533
2025-10-29,walcl,6587.034
2025-11-05,walcl,6572.732
2025-11-12,walcl,6580.462
2025-11-19,walcl,6555.283
2025-11-26,walcl,6552.419
2025-12-03,walcl,6535.781
2025-12-10,walcl,6539.303
2025-12-17,walcl,6556.861
2025-12-24,walcl,6581.231
2025-12-31,walcl,6640.618
2026-01-07,walcl,6573.602
2026-01-14,walcl,6581.7
2026-01-21,walcl,6584.58
2026-01-28,walcl,6587.568
2026-02-04,walcl,6605.909
2026-02-11,walcl,6622.382
2026-02-18,walcl,6613.395
2026-02-25,walcl,6613.797
2026-03-04,walcl,6628.894
2026-03-11,walcl,6646.344
2026-03-18,walcl,6655.939
2026-03-25,walcl,6657.161
2026-04-01,walcl,6675.344
2026-04-08,walcl,6693.871
2026-04-15,walcl,6705.696
2026-04-22,walcl,6707.419
2026-04-29,walcl,6699.95
2026-05-06,walcl,6709.505
2026-05-13,walcl,6728.502
2026-05-20,walcl,6713.643
2026-05-27,walcl,6704.383
2026-06-03,walcl,6711.495
2026-06-10,walcl,6725.397
2026-06-17,walcl,6736.424
2026-06-24,walcl,6735.645
2026-07-01,walcl,6724.564
2026-07-08,walcl,6735.609
2026-07-15,walcl,6743.028
2026-07-22,walcl,6747.378
2026-07-29,walcl,6738.19
2026-08-05,walcl,6748.567
2026-08-12,walcl,6759.955
2026-08-19,walcl,6745.699
2026-08-26,walcl,6730.912
2024-08-01,wti,76.309998
2024-08-02,wti,73.519997
2024-08-05,wti,72.940002
2024-08-06,wti,73.199997
2024-08-07,wti,75.230003
2024-08-08,wti,76.190002
2024-08-09,wti,76.839996
2024-08-12,wti,80.059998
2024-08-13,wti,78.349998
2024-08-14,wti,76.980003
2024-08-15,wti,78.160004
2024-08-16,wti,76.650002
2024-08-19,wti,74.370003
2024-08-20,wti,74.040001
2024-08-21,wti,71.93
2024-08-22,wti,73.010002
2024-08-23,wti,74.830002
2024-08-26,wti,77.419998
2024-08-27,wti,75.529999
2024-08-28,wti,74.519997
2024-08-29,wti,75.910004
2024-08-30,wti,73.550003
2024-09-03,wti,70.339996
2024-09-04,wti,69.199997
2024-09-05,wti,69.150002
2024-09-06,wti,67.669998
2024-09-09,wti,68.709999
2024-09-10,wti,65.75
2024-09-11,wti,67.309998
2024-09-12,wti,68.970001
2024-09-13,wti,68.650002
2024-09-16,wti,70.089996
2024-09-17,wti,71.190002
2024-09-18,wti,70.910004
2024-09-19,wti,71.949997
2024-09-20,wti,71.919998
2024-09-23,wti,70.370003
2024-09-24,wti,71.559998
2024-09-25,wti,69.690002
2024-09-26,wti,67.669998
2024-09-27,wti,68.18
2024-09-30,wti,68.169998
2024-10-01,wti,69.830002
2024-10-02,wti,70.099998
2024-10-03,wti,73.709999
2024-10-04,wti,74.379997
2024-10-07,wti,77.139999
2024-10-08,wti,73.57
2024-10-09,wti,73.239998
2024-10-10,wti,75.849998
2024-10-11,wti,75.559998
2024-10-14,wti,73.830002
2024-10-15,wti,70.580002
2024-10-16,wti,70.389999
2024-10-17,wti,70.669998
2024-10-18,wti,69.220001
2024-10-21,wti,70.559998
2024-10-22,wti,72.089996
2024-10-23,wti,70.769997
2024-10-24,wti,70.190002
2024-10-25,wti,71.779999
2024-10-28,wti,67.379997
2024-10-29,wti,67.209999
2024-10-30,wti,68.610001
2024-10-31,wti,69.260002
2024-11-01,wti,69.489998
2024-11-04,wti,71.470001
2024-11-05,wti,71.989998
2024-11-06,wti,71.690002
2024-11-07,wti,72.360001
2024-11-08,wti,70.379997
2024-11-11,wti,68.040001
2024-11-12,wti,68.120003
2024-11-13,wti,68.43
2024-11-14,wti,68.699997
2024-11-15,wti,67.019997
2024-11-18,wti,69.160004
2024-11-19,wti,69.389999
2024-11-20,wti,68.870003
2024-11-21,wti,70.099998
2024-11-22,wti,71.239998
2024-11-25,wti,68.940002
2024-11-26,wti,68.769997
2024-11-27,wti,68.720001
2024-11-29,wti,68.0
2024-12-02,wti,68.099998
2024-12-03,wti,69.940002
2024-12-04,wti,68.540001
2024-12-05,wti,68.300003
2024-12-06,wti,67.199997
2024-12-09,wti,68.370003
2024-12-10,wti,68.589996
2024-12-11,wti,70.290001
2024-12-12,wti,70.019997
2024-12-13,wti,71.290001
2024-12-16,wti,70.709999
2024-12-17,wti,70.080002
2024-12-18,wti,70.580002
2024-12-19,wti,69.910004
2024-12-20,wti,69.459999
2024-12-23,wti,69.239998
2024-12-24,wti,70.099998
2024-12-26,wti,69.620003
2024-12-27,wti,70.599998
2024-12-30,wti,70.989998
2024-12-31,wti,71.720001
2025-01-02,wti,73.129997
2025-01-03,wti,73.959999
2025-01-06,wti,73.559998
2025-01-07,wti,74.25
2025-01-08,wti,73.32
2025-01-09,wti,73.919998
2025-01-10,wti,76.57
2025-01-13,wti,78.82
2025-01-14,wti,77.5
2025-01-15,wti,80.040001
2025-01-16,wti,78.68
2025-01-17,wti,77.879997
2025-01-21,wti,75.889999
2025-01-22,wti,75.440002
2025-01-23,wti,74.620003
2025-01-24,wti,74.660004
2025-01-27,wti,73.169998
2025-01-28,wti,73.769997
2025-01-29,wti,72.620003
2025-01-30,wti,72.730003
2025-01-31,wti,72.529999
2025-02-03,wti,73.160004
2025-02-04,wti,72.699997
2025-02-05,wti,71.029999
2025-02-06,wti,70.610001
2025-02-07,wti,71.0
2025-02-10,wti,72.32
2025-02-11,wti,73.32
2025-02-12,wti,71.370003
2025-02-13,wti,71.290001
2025-02-14,wti,70.739998
2025-02-18,wti,71.849998
2025-02-19,wti,72.25
2025-02-20,wti,72.57
2025-02-21,wti,70.400002
2025-02-24,wti,70.699997
2025-02-25,wti,68.93
2025-02-26,wti,68.620003
2025-02-27,wti,70.349998
2025-02-28,wti,69.760002
2025-03-03,wti,68.370003
2025-03-04,wti,68.260002
2025-03-05,wti,66.309998
2025-03-06,wti,66.360001
2025-03-07,wti,67.040001
2025-03-10,wti,66.029999
2025-03-11,wti,66.25
2025-03-12,wti,67.68
2025-03-13,wti,66.550003
2025-03-14,wti,67.18
2025-03-17,wti,67.580002
2025-03-18,wti,66.900002
2025-03-19,wti,67.160004
2025-03-20,wti,68.260002
2025-03-21,wti,68.279999
2025-03-24,wti,69.110001
2025-03-25,wti,69.0
2025-03-26,wti,69.650002
2025-03-27,wti,69.919998
2025-03-28,wti,69.360001
2025-03-31,wti,71.480003
2025-04-01,wti,71.199997
2025-04-02,wti,71.709999
2025-04-03,wti,66.949997
2025-04-04,wti,61.990002
2025-04-07,wti,60.700001
2025-04-08,wti,59.580002
2025-04-09,wti,62.349998
2025-04-10,wti,60.07
2025-04-11,wti,61.5
2025-04-14,wti,61.529999
2025-04-15,wti,61.330002
2025-04-16,wti,62.470001
2025-04-17,wti,64.68
2025-04-21,wti,63.080002
2025-04-22,wti,64.309998
2025-04-23,wti,62.27
2025-04-24,wti,62.790001
2025-04-25,wti,63.02
2025-04-28,wti,62.049999
2025-04-29,wti,60.419998
2025-04-30,wti,58.209999
2025-05-01,wti,59.240002
2025-05-02,wti,58.290001
2025-05-05,wti,57.130001
2025-05-06,wti,59.09
2025-05-07,wti,58.07
2025-05-08,wti,59.91
2025-05-09,wti,61.02
2025-05-12,wti,61.950001
2025-05-13,wti,63.669998
2025-05-14,wti,63.150002
2025-05-15,wti,61.619999
2025-05-16,wti,62.490002
2025-05-19,wti,62.689999
2025-05-20,wti,62.560001
2025-05-21,wti,61.57
2025-05-22,wti,61.200001
2025-05-23,wti,61.529999
2025-05-27,wti,60.889999
2025-05-28,wti,61.84
2025-05-29,wti,60.939999
2025-05-30,wti,60.790001
2025-06-02,wti,62.52
2025-06-03,wti,63.41
2025-06-04,wti,62.849998
2025-06-05,wti,63.369999
2025-06-06,wti,64.580002
2025-06-09,wti,65.290001
2025-06-10,wti,64.980003
2025-06-11,wti,68.150002
2025-06-12,wti,68.040001
2025-06-13,wti,72.980003
2025-06-16,wti,71.769997
2025-06-17,wti,74.839996
2025-06-18,wti,75.139999
2025-06-20,wti,74.93
2025-06-23,wti,68.510002
2025-06-24,wti,64.370003
2025-06-25,wti,64.919998
2025-06-26,wti,65.239998
2025-06-27,wti,65.519997
2025-06-30,wti,65.110001
2025-07-01,wti,65.449997
2025-07-02,wti,67.449997
2025-07-03,wti,67.0
2025-07-04,wti,66.5
2025-07-07,wti,67.93
2025-07-08,wti,68.330002
2025-07-09,wti,68.379997
2025-07-10,wti,66.57
2025-07-11,wti,68.449997
2025-07-14,wti,66.980003
2025-07-15,wti,66.519997
2025-07-16,wti,66.379997
2025-07-17,wti,67.540001
2025-07-18,wti,67.339996
2025-07-21,wti,67.199997
2025-07-22,wti,66.209999
2025-07-23,wti,65.25
2025-07-24,wti,66.029999
2025-07-25,wti,65.160004
2025-07-28,wti,66.709999
2025-07-29,wti,69.209999
2025-07-30,wti,70.0
2025-07-31,wti,69.260002
2025-08-01,wti,67.330002
2025-08-04,wti,66.290001
2025-08-05,wti,65.160004
2025-08-06,wti,64.349998
2025-08-07,wti,63.880001
2025-08-08,wti,63.880001
2025-08-11,wti,63.959999
2025-08-12,wti,63.169998
2025-08-13,wti,62.650002
2025-08-14,wti,63.959999
2025-08-15,wti,62.799999
2025-08-18,wti,63.419998
2025-08-19,wti,62.349998
2025-08-20,wti,63.209999
2025-08-21,wti,63.52
2025-08-22,wti,63.66
2025-08-25,wti,64.800003
2025-08-26,wti,63.25
2025-08-27,wti,64.150002
2025-08-28,wti,64.599998
2025-08-29,wti,64.010002
2025-09-02,wti,65.589996
2025-09-03,wti,63.970001
2025-09-04,wti,63.48
2025-09-05,wti,61.869999
2025-09-08,wti,62.259998
2025-09-09,wti,62.630001
2025-09-10,wti,63.669998
2025-09-11,wti,62.369999
2025-09-12,wti,62.689999
2025-09-15,wti,63.299999
2025-09-16,wti,64.519997
2025-09-17,wti,64.050003
2025-09-18,wti,63.57
2025-09-19,wti,62.68
2025-09-22,wti,62.639999
2025-09-23,wti,63.41
2025-09-24,wti,64.989998
2025-09-25,wti,64.980003
2025-09-26,wti,65.720001
2025-09-29,wti,63.450001
2025-09-30,wti,62.369999
2025-10-01,wti,61.779999
2025-10-02,wti,60.48
2025-10-03,wti,60.880001
2025-10-06,wti,61.689999
2025-10-07,wti,61.73
2025-10-08,wti,62.549999
2025-10-09,wti,61.509998
2025-10-10,wti,58.900002
2025-10-13,wti,59.490002
2025-10-14,wti,58.700001
2025-10-15,wti,58.27
2025-10-16,wti,57.459999
2025-10-17,wti,57.540001
2025-10-20,wti,57.52
2025-10-21,wti,57.82
2025-10-22,wti,58.5
2025-10-23,wti,61.790001
2025-10-24,wti,61.5
2025-10-27,wti,61.310001
2025-10-28,wti,60.150002
2025-10-29,wti,60.48
2025-10-30,wti,60.57
2025-10-31,wti,60.98
2025-11-03,wti,61.049999
2025-11-04,wti,60.560001
2025-11-05,wti,59.599998
2025-11-06,wti,59.43
2025-11-07,wti,59.75
2025-11-10,wti,60.130001
2025-11-11,wti,61.040001
2025-11-12,wti,58.490002
2025-11-13,wti,58.689999
2025-11-14,wti,60.09
2025-11-17,wti,59.91
2025-11-18,wti,60.740002
2025-11-19,wti,59.439999
2025-11-20,wti,59.139999
2025-11-21,wti,58.060001
2025-11-24,wti,58.84
2025-11-25,wti,57.950001
2025-11-26,wti,58.650002
2025-11-28,wti,58.549999
2025-12-01,wti,59.32
2025-12-02,wti,58.639999
2025-12-03,wti,58.950001
2025-12-04,wti,59.669998
2025-12-05,wti,60.080002
2025-12-08,wti,58.880001
2025-12-09,wti,58.25
2025-12-10,wti,58.459999
2025-12-11,wti,57.599998
2025-12-12,wti,57.439999
2025-12-15,wti,56.82
2025-12-16,wti,55.27
2025-12-17,wti,55.939999
2025-12-18,wti,56.150002
2025-12-19,wti,56.66
2025-12-22,wti,58.009998
2025-12-23,wti,58.380001
2025-12-24,wti,58.349998
2025-12-26,wti,56.740002
2025-12-29,wti,58.080002
2025-12-30,wti,57.950001
2025-12-31,wti,57.419998
2026-01-02,wti,57.32
2026-01-05,wti,58.32
2026-01-06,wti,57.130001
2026-01-07,wti,55.990002
2026-01-08,wti,57.759998
2026-01-09,wti,59.119999
2026-01-12,wti,59.5
2026-01-13,wti,61.150002
2026-01-14,wti,62.02
2026-01-15,wti,59.189999
2026-01-16,wti,59.439999
2026-01-20,wti,60.34
2026-01-21,wti,60.619999
2026-01-22,wti,59.360001
2026-01-23,wti,61.07
2026-01-26,wti,60.630001
2026-01-27,wti,62.389999
2026-01-28,wti,63.209999
2026-01-29,wti,65.419998
2026-01-30,wti,65.209999
2026-02-02,wti,62.139999
2026-02-03,wti,63.209999
2026-02-04,wti,65.139999
2026-02-05,wti,63.290001
2026-02-06,wti,63.549999
2026-02-09,wti,64.360001
2026-02-10,wti,63.959999
2026-02-11,wti,64.629997
2026-02-12,wti,62.84
2026-02-13,wti,62.889999
2026-02-17,wti,62.330002
2026-02-18,wti,65.190002
2026-02-19,wti,66.43
2026-02-20,wti,66.389999
2026-02-23,wti,66.309998
2026-02-24,wti,65.629997
2026-02-25,wti,65.419998
2026-02-26,wti,65.209999
2026-02-27,wti,67.019997
2026-03-02,wti,71.230003
2026-03-03,wti,74.559998
2026-03-04,wti,74.660004
2026-03-05,wti,81.010002
2026-03-06,wti,90.900002
2026-03-09,wti,94.769997
2026-03-10,wti,83.449997
2026-03-11,wti,87.25
2026-03-12,wti,95.730003
2026-03-13,wti,98.709999
2026-03-16,wti,93.5
2026-03-17,wti,96.209999
2026-03-18,wti,96.32
2026-03-19,wti,96.139999
2026-03-20,wti,98.32
2026-03-23,wti,88.129997
2026-03-24,wti,92.349998
2026-03-25,wti,90.32
2026-03-26,wti,94.480003
2026-03-27,wti,99.639999
2026-03-30,wti,102.879997
2026-03-31,wti,101.379997
2026-04-01,wti,100.120003
2026-04-02,wti,111.540001
2026-04-06,wti,112.410004
2026-04-07,wti,112.949997
2026-04-08,wti,94.410004
2026-04-09,wti,97.870003
2026-04-10,wti,96.57
2026-04-13,wti,99.080002
2026-04-14,wti,91.279999
2026-04-15,wti,91.290001
2026-04-16,wti,94.690002
2026-04-17,wti,83.849998
2026-04-20,wti,89.610001
2026-04-21,wti,92.129997
2026-04-22,wti,92.959999
2026-04-23,wti,95.849998
2026-04-24,wti,94.400002
2026-04-27,wti,96.370003
2026-04-28,wti,99.93
2026-04-29,wti,106.879997
2026-04-30,wti,105.07
2026-05-01,wti,101.940002
2026-05-04,wti,106.419998
2026-05-05,wti,102.269997
2026-05-06,wti,95.080002
2026-05-07,wti,94.809998
2026-05-08,wti,95.419998
2026-05-11,wti,98.07
2026-05-12,wti,102.18
2026-05-13,wti,101.019997
2026-05-14,wti,101.169998
2026-05-15,wti,105.419998
2026-05-18,wti,108.660004
2026-05-19,wti,107.769997
2026-05-20,wti,98.260002
2026-05-21,wti,96.349998
2026-05-22,wti,96.599998
2026-05-26,wti,93.889999
2026-05-27,wti,88.68
2026-05-28,wti,88.900002
2026-05-29,wti,87.360001
2026-06-01,wti,92.160004
2026-06-02,wti,93.760002
2026-06-03,wti,96.019997
2026-06-04,wti,93.040001
2026-06-05,wti,90.540001
2026-06-08,wti,91.300003
2026-06-09,wti,88.199997
2026-06-10,wti,90.029999
2026-06-11,wti,87.709999
2026-06-12,wti,84.879997
2026-06-15,wti,80.75
2026-06-16,wti,76.050003
2026-06-17,wti,76.790001
2026-06-18,wti,76.599998
2026-06-22,wti,74.82
2026-06-23,wti,73.209999
2026-06-24,wti,70.339996
2026-06-25,wti,71.919998
2026-06-26,wti,69.230003
2026-06-29,wti,70.75
2026-06-30,wti,69.5
2026-07-01,wti,68.580002
2026-07-02,wti,68.690002
2026-07-06,wti,68.550003
2026-07-07,wti,70.440002
2026-07-08,wti,73.519997
2026-07-09,wti,72.080002
2026-07-10,wti,71.410004
2026-07-13,wti,78.139999
2026-07-14,wti,79.339996
2026-07-15,wti,79.599998
2026-07-16,wti,78.949997
2026-07-17,wti,82.489998
2026-07-20,wti,83.230003
2026-07-21,wti,84.910004
2026-07-22,wti,86.830002
2026-07-23,wti,92.190002
2026-07-24,wti,89.309998
2026-07-27,wti,82.610001
2026-07-28,wti,79.260002
2026-07-29,wti,84.459999
2026-07-30,wti,83.589996
2026-07-31,wti,84.669998
2026-08-03,wti,80.339996
2026-08-04,wti,75.769997
2026-08-05,wti,75.220001
2026-08-06,wti,77.290001
2026-08-07,wti,78.18
2026-08-09,wti,79.010002
2026-08-10,wti,82.129997
2026-08-11,wti,83.199997
2026-08-12,wti,83.269997
2026-08-13,wti,81.25
2026-08-14,wti,82.400002
2026-08-16,wti,82.400002
2026-08-17,wti,84.5
2026-08-18,wti,84.940002
2026-08-19,wti,85.830002
2026-08-20,wti,87.830002
2026-08-21,wti,87.059998
2026-08-23,wti,87.059998
2026-08-24,wti,85.010002
2026-08-25,wti,82.360001
2026-08-26,wti,82.230003
2026-08-27,wti,83.529999
2026-08-28,wti,83.110001
2024-07-31,y10,4.109
2024-08-01,y10,3.976
2024-08-02,y10,3.792
2024-08-05,y10,3.785
2024-08-06,y10,3.888
2024-08-07,y10,3.968
2024-08-08,y10,3.997
2024-08-09,y10,3.942
2024-08-12,y10,3.909
2024-08-13,y10,3.852
2024-08-14,y10,3.82
2024-08-15,y10,3.926
2024-08-16,y10,3.892
2024-08-19,y10,3.867
2024-08-20,y10,3.818
2024-08-21,y10,3.778
2024-08-22,y10,3.862
2024-08-23,y10,3.807
2024-08-26,y10,3.818
2024-08-27,y10,3.833
2024-08-28,y10,3.841
2024-08-29,y10,3.867
2024-08-30,y10,3.911
2024-09-03,y10,3.844
2024-09-04,y10,3.768
2024-09-05,y10,3.731
2024-09-06,y10,3.71
2024-09-09,y10,3.697
2024-09-10,y10,3.646
2024-09-11,y10,3.653
2024-09-12,y10,3.68
2024-09-13,y10,3.65
2024-09-16,y10,3.621
2024-09-17,y10,3.642
2024-09-18,y10,3.685
2024-09-19,y10,3.74
2024-09-20,y10,3.728
2024-09-23,y10,3.739
2024-09-24,y10,3.736
2024-09-25,y10,3.781
2024-09-26,y10,3.791
2024-09-27,y10,3.749
2024-09-30,y10,3.802
2024-10-01,y10,3.743
2024-10-02,y10,3.785
2024-10-03,y10,3.85
2024-10-04,y10,3.981
2024-10-07,y10,4.026
2024-10-08,y10,4.033
2024-10-09,y10,4.067
2024-10-10,y10,4.096
2024-10-11,y10,4.073
2024-10-14,y10,4.098
2024-10-15,y10,4.038
2024-10-16,y10,4.016
2024-10-17,y10,4.096
2024-10-18,y10,4.073
2024-10-21,y10,4.182
2024-10-22,y10,4.204
2024-10-23,y10,4.242
2024-10-24,y10,4.2
2024-10-25,y10,4.232
2024-10-28,y10,4.278
2024-10-29,y10,4.274
2024-10-30,y10,4.266
2024-10-31,y10,4.284
2024-11-01,y10,4.361
2024-11-04,y10,4.309
2024-11-05,y10,4.289
2024-11-06,y10,4.426
2024-11-07,y10,4.341
2024-11-08,y10,4.306
2024-11-11,y10,4.308
2024-11-12,y10,4.432
2024-11-13,y10,4.451
2024-11-14,y10,4.418
2024-11-15,y10,4.428
2024-11-18,y10,4.414
2024-11-19,y10,4.379
2024-11-20,y10,4.406
2024-11-21,y10,4.432
2024-11-22,y10,4.41
2024-11-25,y10,4.265
2024-11-26,y10,4.302
2024-11-27,y10,4.242
2024-11-29,y10,4.178
2024-12-02,y10,4.196
2024-12-03,y10,4.223
2024-12-04,y10,4.18
2024-12-05,y10,4.18
2024-12-06,y10,4.151
2024-12-09,y10,4.199
2024-12-10,y10,4.221
2024-12-11,y10,4.271
2024-12-12,y10,4.324
2024-12-13,y10,4.399
2024-12-16,y10,4.397
2024-12-17,y10,4.385
2024-12-18,y10,4.494
2024-12-19,y10,4.57
2024-12-20,y10,4.524
2024-12-23,y10,4.599
2024-12-24,y10,4.591
2024-12-26,y10,4.579
2024-12-27,y10,4.619
2024-12-30,y10,4.545
2024-12-31,y10,4.573
2025-01-02,y10,4.575
2025-01-03,y10,4.596
2025-01-06,y10,4.618
2025-01-07,y10,4.683
2025-01-08,y10,4.693
2025-01-10,y10,4.776
2025-01-13,y10,4.803
2025-01-14,y10,4.788
2025-01-15,y10,4.653
2025-01-16,y10,4.606
2025-01-17,y10,4.609
2025-01-21,y10,4.574
2025-01-22,y10,4.599
2025-01-23,y10,4.638
2025-01-24,y10,4.626
2025-01-27,y10,4.528
2025-01-28,y10,4.551
2025-01-29,y10,4.555
2025-01-30,y10,4.512
2025-01-31,y10,4.569
2025-02-03,y10,4.543
2025-02-04,y10,4.513
2025-02-05,y10,4.422
2025-02-06,y10,4.44
2025-02-07,y10,4.487
2025-02-10,y10,4.493
2025-02-11,y10,4.537
2025-02-12,y10,4.637
2025-02-13,y10,4.525
2025-02-14,y10,4.472
2025-02-18,y10,4.544
2025-02-19,y10,4.535
2025-02-20,y10,4.5
2025-02-21,y10,4.42
2025-02-24,y10,4.393
2025-02-25,y10,4.298
2025-02-26,y10,4.249
2025-02-27,y10,4.285
2025-02-28,y10,4.231
2025-03-03,y10,4.18
2025-03-04,y10,4.21
2025-03-05,y10,4.265
2025-03-06,y10,4.286
2025-03-07,y10,4.317
2025-03-10,y10,4.213
2025-03-11,y10,4.288
2025-03-12,y10,4.318
2025-03-13,y10,4.274
2025-03-14,y10,4.308
2025-03-17,y10,4.306
2025-03-18,y10,4.281
2025-03-19,y10,4.256
2025-03-20,y10,4.233
2025-03-21,y10,4.252
2025-03-24,y10,4.331
2025-03-25,y10,4.307
2025-03-26,y10,4.338
2025-03-27,y10,4.369
2025-03-28,y10,4.255
2025-03-31,y10,4.246
2025-04-01,y10,4.156
2025-04-02,y10,4.196
2025-04-03,y10,4.055
2025-04-04,y10,3.985
2025-04-07,y10,4.155
2025-04-08,y10,4.262
2025-04-09,y10,4.4
2025-04-10,y10,4.394
2025-04-11,y10,4.493
2025-04-14,y10,4.364
2025-04-15,y10,4.323
2025-04-16,y10,4.279
2025-04-17,y10,4.333
2025-04-21,y10,4.405
2025-04-22,y10,4.389
2025-04-23,y10,4.387
2025-04-24,y10,4.305
2025-04-25,y10,4.266
2025-04-28,y10,4.216
2025-04-29,y10,4.173
2025-04-30,y10,4.177
2025-05-01,y10,4.231
2025-05-02,y10,4.322
2025-05-05,y10,4.343
2025-05-06,y10,4.308
2025-05-07,y10,4.275
2025-05-08,y10,4.373
2025-05-09,y10,4.375
2025-05-12,y10,4.457
2025-05-13,y10,4.499
2025-05-14,y10,4.528
2025-05-15,y10,4.455
2025-05-16,y10,4.441
2025-05-19,y10,4.475
2025-05-20,y10,4.481
2025-05-21,y10,4.596
2025-05-22,y10,4.553
2025-05-23,y10,4.509
2025-05-27,y10,4.434
2025-05-28,y10,4.477
2025-05-29,y10,4.424
2025-05-30,y10,4.416
2025-06-02,y10,4.462
2025-06-03,y10,4.46
2025-06-04,y10,4.365
2025-06-05,y10,4.394
2025-06-06,y10,4.51
2025-06-09,y10,4.482
2025-06-10,y10,4.474
2025-06-11,y10,4.412
2025-06-12,y10,4.357
2025-06-13,y10,4.424
2025-06-16,y10,4.452
2025-06-17,y10,4.393
2025-06-18,y10,4.397
2025-06-20,y10,4.375
2025-06-23,y10,4.32
2025-06-24,y10,4.293
2025-06-25,y10,4.293
2025-06-26,y10,4.253
2025-06-27,y10,4.283
2025-06-30,y10,4.23
2025-07-01,y10,4.251
2025-07-02,y10,4.293
2025-07-03,y10,4.348
2025-07-07,y10,4.395
2025-07-08,y10,4.415
2025-07-09,y10,4.342
2025-07-10,y10,4.346
2025-07-11,y10,4.423
2025-07-14,y10,4.427
2025-07-15,y10,4.489
2025-07-16,y10,4.455
2025-07-17,y10,4.463
2025-07-18,y10,4.432
2025-07-21,y10,4.372
2025-07-22,y10,4.336
2025-07-23,y10,4.388
2025-07-24,y10,4.408
2025-07-25,y10,4.386
2025-07-28,y10,4.42
2025-07-29,y10,4.33
2025-07-30,y10,4.376
2025-07-31,y10,4.36
2025-08-01,y10,4.22
2025-08-04,y10,4.2
2025-08-05,y10,4.196
2025-08-06,y10,4.22
2025-08-07,y10,4.244
2025-08-08,y10,4.285
2025-08-11,y10,4.273
2025-08-12,y10,4.293
2025-08-13,y10,4.238
2025-08-14,y10,4.293
2025-08-15,y10,4.328
2025-08-18,y10,4.341
2025-08-19,y10,4.302
2025-08-20,y10,4.296
2025-08-21,y10,4.33
2025-08-22,y10,4.26
2025-08-25,y10,4.275
2025-08-26,y10,4.258
2025-08-27,y10,4.238
2025-08-28,y10,4.207
2025-08-29,y10,4.227
2025-09-02,y10,4.277
2025-09-03,y10,4.211
2025-09-04,y10,4.176
2025-09-05,y10,4.086
2025-09-08,y10,4.046
2025-09-09,y10,4.074
2025-09-10,y10,4.032
2025-09-11,y10,4.011
2025-09-12,y10,4.061
2025-09-15,y10,4.034
2025-09-16,y10,4.026
2025-09-17,y10,4.076
2025-09-18,y10,4.104
2025-09-19,y10,4.139
2025-09-22,y10,4.143
2025-09-23,y10,4.12
2025-09-24,y10,4.147
2025-09-25,y10,4.172
2025-09-26,y10,4.187
2025-09-29,y10,4.141
2025-09-30,y10,4.148
2025-10-01,y10,4.106
2025-10-02,y10,4.088
2025-10-03,y10,4.119
2025-10-06,y10,4.162
2025-10-07,y10,4.127
2025-10-08,y10,4.129
2025-10-09,y10,4.148
2025-10-10,y10,4.051
2025-10-13,y10,4.051
2025-10-14,y10,4.022
2025-10-15,y10,4.046
2025-10-16,y10,3.976
2025-10-17,y10,4.007
2025-10-20,y10,3.986
2025-10-21,y10,3.963
2025-10-22,y10,3.953
2025-10-23,y10,3.991
2025-10-24,y10,3.997
2025-10-27,y10,3.997
2025-10-28,y10,3.983
2025-10-29,y10,4.058
2025-10-30,y10,4.093
2025-10-31,y10,4.101
2025-11-03,y10,4.106
2025-11-04,y10,4.089
2025-11-05,y10,4.157
2025-11-06,y10,4.093
2025-11-07,y10,4.093
2025-11-10,y10,4.11
2025-11-11,y10,4.12
2025-11-12,y10,4.065
2025-11-13,y10,4.112
2025-11-14,y10,4.148
2025-11-17,y10,4.133
2025-11-18,y10,4.123
2025-11-19,y10,4.133
2025-11-20,y10,4.106
2025-11-21,y10,4.063
2025-11-24,y10,4.038
2025-11-25,y10,4.002
2025-11-26,y10,3.998
2025-11-28,y10,4.017
2025-12-01,y10,4.096
2025-12-02,y10,4.086
2025-12-03,y10,4.057
2025-12-04,y10,4.108
2025-12-05,y10,4.139
2025-12-08,y10,4.172
2025-12-09,y10,4.186
2025-12-10,y10,4.164
2025-12-11,y10,4.141
2025-12-12,y10,4.194
2025-12-15,y10,4.182
2025-12-16,y10,4.149
2025-12-17,y10,4.151
2025-12-18,y10,4.116
2025-12-19,y10,4.151
2025-12-22,y10,4.169
2025-12-23,y10,4.169
2025-12-24,y10,4.136
2025-12-26,y10,4.136
2025-12-29,y10,4.116
2025-12-30,y10,4.13
2025-12-31,y10,4.163
2026-01-02,y10,4.187
2026-01-05,y10,4.165
2026-01-06,y10,4.179
2026-01-07,y10,4.138
2026-01-08,y10,4.183
2026-01-09,y10,4.171
2026-01-12,y10,4.187
2026-01-13,y10,4.171
2026-01-14,y10,4.14
2026-01-15,y10,4.16
2026-01-16,y10,4.231
2026-01-20,y10,4.295
2026-01-21,y10,4.253
2026-01-22,y10,4.249
2026-01-23,y10,4.239
2026-01-26,y10,4.213
2026-01-27,y10,4.223
2026-01-28,y10,4.251
2026-01-29,y10,4.227
2026-01-30,y10,4.241
2026-02-02,y10,4.275
2026-02-03,y10,4.274
2026-02-04,y10,4.275
2026-02-05,y10,4.21
2026-02-06,y10,4.206
2026-02-09,y10,4.198
2026-02-10,y10,4.147
2026-02-11,y10,4.172
2026-02-12,y10,4.104
2026-02-13,y10,4.056
2026-02-17,y10,4.052
2026-02-18,y10,4.079
2026-02-19,y10,4.075
2026-02-20,y10,4.086
2026-02-23,y10,4.029
2026-02-24,y10,4.033
2026-02-25,y10,4.048
2026-02-26,y10,4.017
2026-02-27,y10,3.962
2026-03-02,y10,4.048
2026-03-03,y10,4.056
2026-03-04,y10,4.08
2026-03-05,y10,4.146
2026-03-06,y10,4.133
2026-03-09,y10,4.136
2026-03-10,y10,4.136
2026-03-11,y10,4.208
2026-03-12,y10,4.273
2026-03-13,y10,4.285
2026-03-16,y10,4.22
2026-03-17,y10,4.202
2026-03-18,y10,4.259
2026-03-19,y10,4.281
2026-03-20,y10,4.391
2026-03-23,y10,4.334
2026-03-24,y10,4.392
2026-03-25,y10,4.328
2026-03-26,y10,4.416
2026-03-27,y10,4.44
2026-03-30,y10,4.342
2026-03-31,y10,4.311
2026-04-01,y10,4.319
2026-04-02,y10,4.313
2026-04-06,y10,4.335
2026-04-07,y10,4.343
2026-04-08,y10,4.291
2026-04-09,y10,4.293
2026-04-10,y10,4.317
2026-04-13,y10,4.297
2026-04-14,y10,4.256
2026-04-15,y10,4.282
2026-04-16,y10,4.309
2026-04-17,y10,4.246
2026-04-20,y10,4.25
2026-04-21,y10,4.292
2026-04-22,y10,4.294
2026-04-23,y10,4.323
2026-04-24,y10,4.31
2026-04-27,y10,4.336
2026-04-28,y10,4.354
2026-04-29,y10,4.418
2026-04-30,y10,4.39
2026-05-01,y10,4.378
2026-05-04,y10,4.446
2026-05-05,y10,4.416
2026-05-06,y10,4.356
2026-05-07,y10,4.392
2026-05-08,y10,4.364
2026-05-11,y10,4.41
2026-05-12,y10,4.463
2026-05-13,y10,4.481
2026-05-14,y10,4.461
2026-05-15,y10,4.595
2026-05-18,y10,4.623
2026-05-19,y10,4.667
2026-05-20,y10,4.572
2026-05-21,y10,4.586
2026-05-22,y10,4.558
2026-05-26,y10,4.493
2026-05-27,y10,4.481
2026-05-28,y10,4.455
2026-05-29,y10,4.453
2026-06-01,y10,4.475
2026-06-02,y10,4.455
2026-06-03,y10,4.491
2026-06-04,y10,4.477
2026-06-05,y10,4.536
2026-06-08,y10,4.552
2026-06-09,y10,4.528
2026-06-10,y10,4.542
2026-06-11,y10,4.463
2026-06-12,y10,4.487
2026-06-15,y10,4.469
2026-06-16,y10,4.428
2026-06-17,y10,4.463
2026-06-18,y10,4.451
2026-06-22,y10,4.509
2026-06-23,y10,4.493
2026-06-24,y10,4.402
2026-06-25,y10,4.392
2026-06-26,y10,4.372
2026-06-29,y10,4.374
2026-06-30,y10,4.418
2026-07-01,y10,4.475
2026-07-02,y10,4.485
2026-07-06,y10,4.479
2026-07-07,y10,4.529
2026-07-08,y10,4.569
2026-07-09,y10,4.539
2026-07-10,y10,4.569
2026-07-13,y10,4.609
2026-07-14,y10,4.585
2026-07-15,y10,4.545
2026-07-16,y10,4.569
2026-07-17,y10,4.541
2026-07-20,y10,4.598
2026-07-21,y10,4.628
2026-07-22,y10,4.657
2026-07-23,y10,4.703
2026-07-24,y10,4.679
2026-07-27,y10,4.641
2026-07-28,y10,4.604
2026-07-29,y10,4.622
2026-07-30,y10,4.663
2026-07-31,y10,4.745
2026-08-03,y10,4.686
2026-08-04,y10,4.627
2026-08-05,y10,4.617
2026-08-06,y10,4.67
2026-08-07,y10,4.66
2026-08-10,y10,4.699
2026-08-11,y10,4.684
2026-08-12,y10,4.682
2026-08-13,y10,4.641
2026-08-14,y10,4.696
2026-08-17,y10,4.724
2026-08-18,y10,4.706
2026-08-19,y10,4.653
2026-08-20,y10,4.696
2026-08-21,y10,4.738
2026-08-24,y10,4.704
2026-08-25,y10,4.639
2026-08-26,y10,4.664
2026-08-27,y10,4.672
2024-05-23,y2,4.91
2024-05-24,y2,4.93
2024-05-28,y2,4.94
2024-05-29,y2,4.96
2024-05-30,y2,4.92
2024-05-31,y2,4.89
2024-06-03,y2,4.82
2024-06-04,y2,4.77
2024-06-05,y2,4.72
2024-06-06,y2,4.72
2024-06-07,y2,4.87
2024-06-10,y2,4.87
2024-06-11,y2,4.81
2024-06-12,y2,4.75
2024-06-13,y2,4.68
2024-06-14,y2,4.67
2024-06-17,y2,4.75
2024-06-18,y2,4.69
2024-06-20,y2,4.7
2024-06-21,y2,4.7
2024-06-24,y2,4.71
2024-06-25,y2,4.65
2024-06-26,y2,4.71
2024-06-27,y2,4.7
2024-06-28,y2,4.71
2024-07-01,y2,4.77
2024-07-02,y2,4.74
2024-07-03,y2,4.71
2024-07-05,y2,4.6
2024-07-08,y2,4.62
2024-07-09,y2,4.62
2024-07-10,y2,4.62
2024-07-11,y2,4.5
2024-07-12,y2,4.45
2024-07-15,y2,4.44
2024-07-16,y2,4.43
2024-07-17,y2,4.42
2024-07-18,y2,4.46
2024-07-19,y2,4.49
2024-07-22,y2,4.5
2024-07-23,y2,4.4
2024-07-24,y2,4.37
2024-07-25,y2,4.41
2024-07-26,y2,4.36
2024-07-29,y2,4.36
2024-07-30,y2,4.35
2024-07-31,y2,4.29
2024-08-01,y2,4.16
2024-08-02,y2,3.88
2024-08-05,y2,3.89
2024-08-06,y2,3.99
2024-08-07,y2,4.0
2024-08-08,y2,4.04
2024-08-09,y2,4.05
2024-08-12,y2,4.01
2024-08-13,y2,3.93
2024-08-14,y2,3.94
2024-08-15,y2,4.08
2024-08-16,y2,4.06
2024-08-19,y2,4.06
2024-08-20,y2,3.99
2024-08-21,y2,3.92
2024-08-22,y2,3.99
2024-08-23,y2,3.9
2024-08-26,y2,3.91
2024-08-27,y2,3.83
2024-08-28,y2,3.83
2024-08-29,y2,3.87
2024-08-30,y2,3.91
2024-09-03,y2,3.88
2024-09-04,y2,3.76
2024-09-05,y2,3.75
2024-09-06,y2,3.66
2024-09-09,y2,3.68
2024-09-10,y2,3.59
2024-09-11,y2,3.62
2024-09-12,y2,3.64
2024-09-13,y2,3.57
2024-09-16,y2,3.56
2024-09-17,y2,3.59
2024-09-18,y2,3.61
2024-09-19,y2,3.59
2024-09-20,y2,3.55
2024-09-23,y2,3.57
2024-09-24,y2,3.49
2024-09-25,y2,3.53
2024-09-26,y2,3.6
2024-09-27,y2,3.55
2024-09-30,y2,3.66
2024-10-01,y2,3.61
2024-10-02,y2,3.63
2024-10-03,y2,3.7
2024-10-04,y2,3.93
2024-10-07,y2,3.99
2024-10-08,y2,3.98
2024-10-09,y2,3.99
2024-10-10,y2,3.98
2024-10-11,y2,3.95
2024-10-15,y2,3.95
2024-10-16,y2,3.93
2024-10-17,y2,3.96
2024-10-18,y2,3.95
2024-10-21,y2,4.02
2024-10-22,y2,4.03
2024-10-23,y2,4.07
2024-10-24,y2,4.07
2024-10-25,y2,4.11
2024-10-28,y2,4.12
2024-10-29,y2,4.11
2024-10-30,y2,4.15
2024-10-31,y2,4.16
2024-11-01,y2,4.21
2024-11-04,y2,4.17
2024-11-05,y2,4.19
2024-11-06,y2,4.27
2024-11-07,y2,4.21
2024-11-08,y2,4.26
2024-11-12,y2,4.34
2024-11-13,y2,4.27
2024-11-14,y2,4.34
2024-11-15,y2,4.31
2024-11-18,y2,4.29
2024-11-19,y2,4.27
2024-11-20,y2,4.31
2024-11-21,y2,4.34
2024-11-22,y2,4.37
2024-11-25,y2,4.21
2024-11-26,y2,4.21
2024-11-27,y2,4.19
2024-11-29,y2,4.13
2024-12-02,y2,4.17
2024-12-03,y2,4.17
2024-12-04,y2,4.13
2024-12-05,y2,4.15
2024-12-06,y2,4.1
2024-12-09,y2,4.13
2024-12-10,y2,4.15
2024-12-11,y2,4.15
2024-12-12,y2,4.18
2024-12-13,y2,4.25
2024-12-16,y2,4.25
2024-12-17,y2,4.25
2024-12-18,y2,4.35
2024-12-19,y2,4.32
2024-12-20,y2,4.3
2024-12-23,y2,4.3
2024-12-24,y2,4.29
2024-12-26,y2,4.3
2024-12-27,y2,4.31
2024-12-30,y2,4.24
2024-12-31,y2,4.25
2025-01-02,y2,4.25
2025-01-03,y2,4.28
2025-01-06,y2,4.28
2025-01-07,y2,4.3
2025-01-08,y2,4.28
2025-01-09,y2,4.27
2025-01-10,y2,4.4
2025-01-13,y2,4.4
2025-01-14,y2,4.37
2025-01-15,y2,4.27
2025-01-16,y2,4.23
2025-01-17,y2,4.27
2025-01-21,y2,4.29
2025-01-22,y2,4.29
2025-01-23,y2,4.29
2025-01-24,y2,4.27
2025-01-27,y2,4.17
2025-01-28,y2,4.19
2025-01-29,y2,4.21
2025-01-30,y2,4.18
2025-01-31,y2,4.22
2025-02-03,y2,4.26
2025-02-04,y2,4.21
2025-02-05,y2,4.17
2025-02-06,y2,4.21
2025-02-07,y2,4.29
2025-02-10,y2,4.28
2025-02-11,y2,4.29
2025-02-12,y2,4.36
2025-02-13,y2,4.31
2025-02-14,y2,4.26
2025-02-18,y2,4.29
2025-02-19,y2,4.28
2025-02-20,y2,4.28
2025-02-21,y2,4.19
2025-02-24,y2,4.13
2025-02-25,y2,4.07
2025-02-26,y2,4.05
2025-02-27,y2,4.07
2025-02-28,y2,3.99
2025-03-03,y2,3.96
2025-03-04,y2,3.96
2025-03-05,y2,3.99
2025-03-06,y2,3.96
2025-03-07,y2,3.99
2025-03-10,y2,3.89
2025-03-11,y2,3.94
2025-03-12,y2,4.01
2025-03-13,y2,3.94
2025-03-14,y2,4.02
2025-03-17,y2,4.06
2025-03-18,y2,4.04
2025-03-19,y2,3.99
2025-03-20,y2,3.95
2025-03-21,y2,3.94
2025-03-24,y2,4.04
2025-03-25,y2,3.96
2025-03-26,y2,3.98
2025-03-27,y2,3.97
2025-03-28,y2,3.89
2025-03-31,y2,3.89
2025-04-01,y2,3.87
2025-04-02,y2,3.91
2025-04-03,y2,3.71
2025-04-04,y2,3.68
2025-04-07,y2,3.73
2025-04-08,y2,3.71
2025-04-09,y2,3.91
2025-04-10,y2,3.84
2025-04-11,y2,3.96
2025-04-14,y2,3.84
2025-04-15,y2,3.84
2025-04-16,y2,3.77
2025-04-17,y2,3.81
2025-04-21,y2,3.75
2025-04-22,y2,3.76
2025-04-23,y2,3.81
2025-04-24,y2,3.77
2025-04-25,y2,3.74
2025-04-28,y2,3.67
2025-04-29,y2,3.65
2025-04-30,y2,3.6
2025-05-01,y2,3.7
2025-05-02,y2,3.83
2025-05-05,y2,3.83
2025-05-06,y2,3.78
2025-05-07,y2,3.78
2025-05-08,y2,3.9
2025-05-09,y2,3.88
2025-05-12,y2,3.98
2025-05-13,y2,4.02
2025-05-14,y2,4.05
2025-05-15,y2,3.96
2025-05-16,y2,3.98
2025-05-19,y2,3.97
2025-05-20,y2,3.97
2025-05-21,y2,4.0
2025-05-22,y2,4.0
2025-05-23,y2,4.0
2025-05-27,y2,3.92
2025-05-28,y2,3.96
2025-05-29,y2,3.92
2025-05-30,y2,3.89
2025-06-02,y2,3.94
2025-06-03,y2,3.96
2025-06-04,y2,3.87
2025-06-05,y2,3.92
2025-06-06,y2,4.04
2025-06-09,y2,4.01
2025-06-10,y2,4.01
2025-06-11,y2,3.94
2025-06-12,y2,3.9
2025-06-13,y2,3.96
2025-06-16,y2,3.97
2025-06-17,y2,3.94
2025-06-18,y2,3.94
2025-06-20,y2,3.9
2025-06-23,y2,3.84
2025-06-24,y2,3.75
2025-06-25,y2,3.74
2025-06-26,y2,3.7
2025-06-27,y2,3.73
2025-06-30,y2,3.72
2025-07-01,y2,3.78
2025-07-02,y2,3.78
2025-07-03,y2,3.88
2025-07-07,y2,3.9
2025-07-08,y2,3.9
2025-07-09,y2,3.86
2025-07-10,y2,3.86
2025-07-11,y2,3.9
2025-07-14,y2,3.9
2025-07-15,y2,3.95
2025-07-16,y2,3.88
2025-07-17,y2,3.91
2025-07-18,y2,3.88
2025-07-21,y2,3.85
2025-07-22,y2,3.83
2025-07-23,y2,3.88
2025-07-24,y2,3.91
2025-07-25,y2,3.91
2025-07-28,y2,3.91
2025-07-29,y2,3.86
2025-07-30,y2,3.94
2025-07-31,y2,3.94
2025-08-01,y2,3.69
2025-08-04,y2,3.69
2025-08-05,y2,3.72
2025-08-06,y2,3.69
2025-08-07,y2,3.72
2025-08-08,y2,3.76
2025-08-11,y2,3.76
2025-08-12,y2,3.72
2025-08-13,y2,3.67
2025-08-14,y2,3.74
2025-08-15,y2,3.75
2025-08-18,y2,3.77
2025-08-19,y2,3.75
2025-08-20,y2,3.74
2025-08-21,y2,3.79
2025-08-22,y2,3.68
2025-08-25,y2,3.73
2025-08-26,y2,3.61
2025-08-27,y2,3.59
2025-08-28,y2,3.62
2025-08-29,y2,3.59
2025-09-02,y2,3.66
2025-09-03,y2,3.61
2025-09-04,y2,3.59
2025-09-05,y2,3.51
2025-09-08,y2,3.49
2025-09-09,y2,3.54
2025-09-10,y2,3.54
2025-09-11,y2,3.52
2025-09-12,y2,3.56
2025-09-15,y2,3.54
2025-09-16,y2,3.51
2025-09-17,y2,3.52
2025-09-18,y2,3.57
2025-09-19,y2,3.57
2025-09-22,y2,3.61
2025-09-23,y2,3.53
2025-09-24,y2,3.57
2025-09-25,y2,3.64
2025-09-26,y2,3.63
2025-09-29,y2,3.63
2025-09-30,y2,3.6
2025-10-01,y2,3.55
2025-10-02,y2,3.55
2025-10-03,y2,3.58
2025-10-06,y2,3.6
2025-10-07,y2,3.57
2025-10-08,y2,3.58
2025-10-09,y2,3.6
2025-10-10,y2,3.52
2025-10-14,y2,3.48
2025-10-15,y2,3.5
2025-10-16,y2,3.41
2025-10-17,y2,3.46
2025-10-20,y2,3.46
2025-10-21,y2,3.45
2025-10-22,y2,3.45
2025-10-23,y2,3.48
2025-10-24,y2,3.48
2025-10-27,y2,3.48
2025-10-28,y2,3.47
2025-10-29,y2,3.59
2025-10-30,y2,3.61
2025-10-31,y2,3.6
2025-11-03,y2,3.6
2025-11-04,y2,3.58
2025-11-05,y2,3.63
2025-11-06,y2,3.57
2025-11-07,y2,3.55
2025-11-10,y2,3.58
2025-11-12,y2,3.56
2025-11-13,y2,3.58
2025-11-14,y2,3.62
2025-11-17,y2,3.6
2025-11-18,y2,3.58
2025-11-19,y2,3.58
2025-11-20,y2,3.55
2025-11-21,y2,3.51
2025-11-24,y2,3.46
2025-11-25,y2,3.43
2025-11-26,y2,3.45
2025-11-28,y2,3.47
2025-12-01,y2,3.54
2025-12-02,y2,3.51
2025-12-03,y2,3.49
2025-12-04,y2,3.52
2025-12-05,y2,3.56
2025-12-08,y2,3.57
2025-12-09,y2,3.61
2025-12-10,y2,3.54
2025-12-11,y2,3.52
2025-12-12,y2,3.52
2025-12-15,y2,3.51
2025-12-16,y2,3.48
2025-12-17,y2,3.49
2025-12-18,y2,3.46
2025-12-19,y2,3.48
2025-12-22,y2,3.44
2025-12-23,y2,3.48
2025-12-24,y2,3.47
2025-12-26,y2,3.46
2025-12-29,y2,3.45
2025-12-30,y2,3.45
2025-12-31,y2,3.47
2026-01-02,y2,3.47
2026-01-05,y2,3.46
2026-01-06,y2,3.47
2026-01-07,y2,3.47
2026-01-08,y2,3.49
2026-01-09,y2,3.54
2026-01-12,y2,3.54
2026-01-13,y2,3.53
2026-01-14,y2,3.51
2026-01-15,y2,3.56
2026-01-16,y2,3.59
2026-01-20,y2,3.6
2026-01-21,y2,3.6
2026-01-22,y2,3.61
2026-01-23,y2,3.6
2026-01-26,y2,3.56
2026-01-27,y2,3.53
2026-01-28,y2,3.56
2026-01-29,y2,3.53
2026-01-30,y2,3.52
2026-02-02,y2,3.57
2026-02-03,y2,3.57
2026-02-04,y2,3.57
2026-02-05,y2,3.47
2026-02-06,y2,3.5
2026-02-09,y2,3.48
2026-02-10,y2,3.45
2026-02-11,y2,3.52
2026-02-12,y2,3.47
2026-02-13,y2,3.4
2026-02-17,y2,3.43
2026-02-18,y2,3.47
2026-02-19,y2,3.47
2026-02-20,y2,3.48
2026-02-23,y2,3.43
2026-02-24,y2,3.43
2026-02-25,y2,3.45
2026-02-26,y2,3.42
2026-02-27,y2,3.38
2026-03-02,y2,3.47
2026-03-03,y2,3.51
2026-03-04,y2,3.54
2026-03-05,y2,3.57
2026-03-06,y2,3.56
2026-03-09,y2,3.56
2026-03-10,y2,3.57
2026-03-11,y2,3.64
2026-03-12,y2,3.76
2026-03-13,y2,3.73
2026-03-16,y2,3.68
2026-03-17,y2,3.68
2026-03-18,y2,3.76
2026-03-19,y2,3.79
2026-03-20,y2,3.88
2026-03-23,y2,3.83
2026-03-24,y2,3.9
2026-03-25,y2,3.84
2026-03-26,y2,3.96
2026-03-27,y2,3.88
2026-03-30,y2,3.82
2026-03-31,y2,3.79
2026-04-01,y2,3.81
2026-04-02,y2,3.79
2026-04-03,y2,3.84
2026-04-06,y2,3.84
2026-04-07,y2,3.81
2026-04-08,y2,3.79
2026-04-09,y2,3.78
2026-04-10,y2,3.81
2026-04-13,y2,3.78
2026-04-14,y2,3.76
2026-04-15,y2,3.76
2026-04-16,y2,3.78
2026-04-17,y2,3.71
2026-04-20,y2,3.72
2026-04-21,y2,3.78
2026-04-22,y2,3.79
2026-04-23,y2,3.83
2026-04-24,y2,3.78
2026-04-27,y2,3.78
2026-04-28,y2,3.84
2026-04-29,y2,3.92
2026-04-30,y2,3.88
2026-05-01,y2,3.88
2026-05-04,y2,3.95
2026-05-05,y2,3.93
2026-05-06,y2,3.87
2026-05-07,y2,3.92
2026-05-08,y2,3.9
2026-05-11,y2,3.95
2026-05-12,y2,4.0
2026-05-13,y2,3.98
2026-05-14,y2,4.0
2026-05-15,y2,4.09
2026-05-18,y2,4.07
2026-05-19,y2,4.13
2026-05-20,y2,4.04
2026-05-21,y2,4.08
2026-05-22,y2,4.13
2026-05-26,y2,4.01
2026-05-27,y2,4.0
2026-05-28,y2,3.99
2026-05-29,y2,3.98
2026-06-01,y2,4.05
2026-06-02,y2,4.05
2026-06-03,y2,4.08
2026-06-04,y2,4.05
2026-06-05,y2,4.17
2026-06-08,y2,4.15
2026-06-09,y2,4.13
2026-06-10,y2,4.13
2026-06-11,y2,4.05
2026-06-12,y2,4.09
2026-06-15,y2,4.07
2026-06-16,y2,4.05
2026-06-17,y2,4.2
2026-06-18,y2,4.19
2026-06-22,y2,4.24
2026-06-23,y2,4.16
2026-06-24,y2,4.11
2026-06-25,y2,4.09
2026-06-26,y2,4.07
2026-06-29,y2,4.1
2026-06-30,y2,4.14
2026-07-01,y2,4.17
2026-07-02,y2,4.14
2026-07-06,y2,4.13
2026-07-07,y2,4.19
2026-07-08,y2,4.21
2026-07-09,y2,4.16
2026-07-10,y2,4.21
2026-07-13,y2,4.26
2026-07-14,y2,4.18
2026-07-15,y2,4.13
2026-07-16,y2,4.16
2026-07-17,y2,4.18
2026-07-20,y2,4.21
2026-07-21,y2,4.26
2026-07-22,y2,4.31
2026-07-23,y2,4.37
2026-07-24,y2,4.33
2026-07-27,y2,4.31
2026-07-28,y2,4.26
2026-07-29,y2,4.22
2026-07-30,y2,4.23
2026-07-31,y2,4.28
2026-08-03,y2,4.25
2026-08-04,y2,4.2
2026-08-05,y2,4.18
2026-08-06,y2,4.25
2026-08-07,y2,4.19
2026-08-10,y2,4.25
2026-08-11,y2,4.22
2026-08-12,y2,4.2
2026-08-13,y2,4.15
2026-08-14,y2,4.17
2026-08-17,y2,4.19
2026-08-18,y2,4.19
2026-08-19,y2,4.19
2026-08-20,y2,4.19
2026-08-21,y2,4.24
2026-08-24,y2,4.24
2026-08-25,y2,4.17
2026-08-26,y2,4.19
2024-07-31,y30,4.369
2024-08-01,y30,4.271
2024-08-02,y30,4.109
2024-08-05,y30,4.072
2024-08-06,y30,4.177
2024-08-07,y30,4.261
2024-08-08,y30,4.287
2024-08-09,y30,4.225
2024-08-12,y30,4.197
2024-08-13,y30,4.165
2024-08-14,y30,4.108
2024-08-15,y30,4.18
2024-08-16,y30,4.149
2024-08-19,y30,4.115
2024-08-20,y30,4.07
2024-08-21,y30,4.051
2024-08-22,y30,4.134
2024-08-23,y30,4.102
2024-08-26,y30,4.108
2024-08-27,y30,4.128
2024-08-28,y30,4.131
2024-08-29,y30,4.151
2024-08-30,y30,4.196
2024-09-03,y30,4.131
2024-09-04,y30,4.067
2024-09-05,y30,4.023
2024-09-06,y30,4.02
2024-09-09,y30,3.999
2024-09-10,y30,3.955
2024-09-11,y30,3.963
2024-09-12,y30,3.995
2024-09-13,y30,3.977
2024-09-16,y30,3.937
2024-09-17,y30,3.953
2024-09-18,y30,4.008
2024-09-19,y30,4.072
2024-09-20,y30,4.071
2024-09-23,y30,4.082
2024-09-24,y30,4.089
2024-09-25,y30,4.134
2024-09-26,y30,4.124
2024-09-27,y30,4.098
2024-09-30,y30,4.134
2024-10-01,y30,4.08
2024-10-02,y30,4.132
2024-10-03,y30,4.18
2024-10-04,y30,4.267
2024-10-07,y30,4.306
2024-10-08,y30,4.321
2024-10-09,y30,4.339
2024-10-10,y30,4.386
2024-10-11,y30,4.383
2024-10-14,y30,4.409
2024-10-15,y30,4.329
2024-10-16,y30,4.299
2024-10-17,y30,4.395
2024-10-18,y30,4.38
2024-10-21,y30,4.487
2024-10-22,y30,4.493
2024-10-23,y30,4.516
2024-10-24,y30,4.465
2024-10-25,y30,4.499
2024-10-28,y30,4.53
2024-10-29,y30,4.519
2024-10-30,y30,4.48
2024-10-31,y30,4.473
2024-11-01,y30,4.558
2024-11-04,y30,4.494
2024-11-05,y30,4.45
2024-11-06,y30,4.602
2024-11-07,y30,4.543
2024-11-08,y30,4.477
2024-11-11,y30,4.475
2024-11-12,y30,4.577
2024-11-13,y30,4.637
2024-11-14,y30,4.583
2024-11-15,y30,4.601
2024-11-18,y30,4.606
2024-11-19,y30,4.565
2024-11-20,y30,4.592
2024-11-21,y30,4.622
2024-11-22,y30,4.595
2024-11-25,y30,4.447
2024-11-26,y30,4.48
2024-11-27,y30,4.427
2024-11-29,y30,4.366
2024-12-02,y30,4.361
2024-12-03,y30,4.394
2024-12-04,y30,4.347
2024-12-05,y30,4.336
2024-12-06,y30,4.331
2024-12-09,y30,4.39
2024-12-10,y30,4.408
2024-12-11,y30,4.479
2024-12-12,y30,4.547
2024-12-13,y30,4.615
2024-12-16,y30,4.608
2024-12-17,y30,4.579
2024-12-18,y30,4.659
2024-12-19,y30,4.74
2024-12-20,y30,4.716
2024-12-23,y30,4.784
2024-12-24,y30,4.765
2024-12-26,y30,4.762
2024-12-27,y30,4.811
2024-12-30,y30,4.763
2024-12-31,y30,4.786
2025-01-02,y30,4.798
2025-01-03,y30,4.814
2025-01-06,y30,4.838
2025-01-07,y30,4.91
2025-01-08,y30,4.932
2025-01-10,y30,4.965
2025-01-13,y30,4.986
2025-01-14,y30,4.984
2025-01-15,y30,4.879
2025-01-16,y30,4.844
2025-01-17,y30,4.845
2025-01-21,y30,4.802
2025-01-22,y30,4.814
2025-01-23,y30,4.869
2025-01-24,y30,4.848
2025-01-27,y30,4.77
2025-01-28,y30,4.79
2025-01-29,y30,4.79
2025-01-30,y30,4.758
2025-01-31,y30,4.813
2025-02-03,y30,4.771
2025-02-04,y30,4.748
2025-02-05,y30,4.642
2025-02-06,y30,4.65
2025-02-07,y30,4.69
2025-02-10,y30,4.711
2025-02-11,y30,4.75
2025-02-12,y30,4.835
2025-02-13,y30,4.732
2025-02-14,y30,4.693
2025-02-18,y30,4.762
2025-02-19,y30,4.765
2025-02-20,y30,4.738
2025-02-21,y30,4.669
2025-02-24,y30,4.648
2025-02-25,y30,4.557
2025-02-26,y30,4.507
2025-02-27,y30,4.554
2025-02-28,y30,4.516
2025-03-03,y30,4.464
2025-03-04,y30,4.517
2025-03-05,y30,4.557
2025-03-06,y30,4.58
2025-03-07,y30,4.616
2025-03-10,y30,4.539
2025-03-11,y30,4.603
2025-03-12,y30,4.633
2025-03-13,y30,4.597
2025-03-14,y30,4.615
2025-03-17,y30,4.599
2025-03-18,y30,4.579
2025-03-19,y30,4.568
2025-03-20,y30,4.557
2025-03-21,y30,4.596
2025-03-24,y30,4.655
2025-03-25,y30,4.656
2025-03-26,y30,4.683
2025-03-27,y30,4.728
2025-03-28,y30,4.633
2025-03-31,y30,4.613
2025-04-01,y30,4.516
2025-04-02,y30,4.553
2025-04-03,y30,4.485
2025-04-04,y30,4.388
2025-04-07,y30,4.593
2025-04-08,y30,4.715
2025-04-09,y30,4.793
2025-04-10,y30,4.849
2025-04-11,y30,4.877
2025-04-14,y30,4.798
2025-04-15,y30,4.776
2025-04-16,y30,4.747
2025-04-17,y30,4.809
2025-04-21,y30,4.911
2025-04-22,y30,4.879
2025-04-23,y30,4.833
2025-04-24,y30,4.765
2025-04-25,y30,4.738
2025-04-28,y30,4.694
2025-04-29,y30,4.648
2025-04-30,y30,4.681
2025-05-01,y30,4.737
2025-05-02,y30,4.795
2025-05-05,y30,4.83
2025-05-06,y30,4.813
2025-05-07,y30,4.773
2025-05-08,y30,4.836
2025-05-09,y30,4.833
2025-05-12,y30,4.888
2025-05-13,y30,4.943
2025-05-14,y30,4.967
2025-05-15,y30,4.918
2025-05-16,y30,4.899
2025-05-19,y30,4.94
2025-05-20,y30,4.967
2025-05-21,y30,5.09
2025-05-22,y30,5.065
2025-05-23,y30,5.031
2025-05-27,y30,4.94
2025-05-28,y30,4.975
2025-05-29,y30,4.923
2025-05-30,y30,4.929
2025-06-02,y30,4.995
2025-06-03,y30,4.983
2025-06-04,y30,4.887
2025-06-05,y30,4.884
2025-06-06,y30,4.963
2025-06-09,y30,4.954
2025-06-10,y30,4.94
2025-06-11,y30,4.908
2025-06-12,y30,4.842
2025-06-13,y30,4.915
2025-06-16,y30,4.954
2025-06-17,y30,4.893
2025-06-18,y30,4.895
2025-06-20,y30,4.889
2025-06-23,y30,4.857
2025-06-24,y30,4.829
2025-06-25,y30,4.842
2025-06-26,y30,4.816
2025-06-27,y30,4.845
2025-06-30,y30,4.779
2025-07-01,y30,4.779
2025-07-02,y30,4.823
2025-07-03,y30,4.862
2025-07-07,y30,4.931
2025-07-08,y30,4.944
2025-07-09,y30,4.876
2025-07-10,y30,4.861
2025-07-11,y30,4.957
2025-07-14,y30,4.973
2025-07-15,y30,5.018
2025-07-16,y30,5.014
2025-07-17,y30,5.014
2025-07-18,y30,5.001
2025-07-21,y30,4.937
2025-07-22,y30,4.902
2025-07-23,y30,4.949
2025-07-24,y30,4.949
2025-07-25,y30,4.929
2025-07-28,y30,4.964
2025-07-29,y30,4.871
2025-07-30,y30,4.911
2025-07-31,y30,4.886
2025-08-01,y30,4.807
2025-08-04,y30,4.797
2025-08-05,y30,4.769
2025-08-06,y30,4.811
2025-08-07,y30,4.816
2025-08-08,y30,4.855
2025-08-11,y30,4.841
2025-08-12,y30,4.885
2025-08-13,y30,4.828
2025-08-14,y30,4.883
2025-08-15,y30,4.926
2025-08-18,y30,4.942
2025-08-19,y30,4.902
2025-08-20,y30,4.904
2025-08-21,y30,4.924
2025-08-22,y30,4.884
2025-08-25,y30,4.888
2025-08-26,y30,4.909
2025-08-27,y30,4.913
2025-08-28,y30,4.874
2025-08-29,y30,4.917
2025-09-02,y30,4.971
2025-09-03,y30,4.892
2025-09-04,y30,4.874
2025-09-05,y30,4.775
2025-09-08,y30,4.689
2025-09-09,y30,4.718
2025-09-10,y30,4.678
2025-09-11,y30,4.651
2025-09-12,y30,4.679
2025-09-15,y30,4.656
2025-09-16,y30,4.646
2025-09-17,y30,4.675
2025-09-18,y30,4.72
2025-09-19,y30,4.756
2025-09-22,y30,4.761
2025-09-23,y30,4.738
2025-09-24,y30,4.758
2025-09-25,y30,4.752
2025-09-26,y30,4.766
2025-09-29,y30,4.704
2025-09-30,y30,4.732
2025-10-01,y30,4.715
2025-10-02,y30,4.695
2025-10-03,y30,4.714
2025-10-06,y30,4.758
2025-10-07,y30,4.726
2025-10-08,y30,4.724
2025-10-09,y30,4.733
2025-10-10,y30,4.634
2025-10-13,y30,4.631
2025-10-14,y30,4.623
2025-10-15,y30,4.639
2025-10-16,y30,4.583
2025-10-17,y30,4.603
2025-10-20,y30,4.576
2025-10-21,y30,4.548
2025-10-22,y30,4.539
2025-10-23,y30,4.573
2025-10-24,y30,4.585
2025-10-27,y30,4.57
2025-10-28,y30,4.547
2025-10-29,y30,4.6
2025-10-30,y30,4.647
2025-10-31,y30,4.67
2025-11-03,y30,4.689
2025-11-04,y30,4.67
2025-11-05,y30,4.736
2025-11-06,y30,4.688
2025-11-07,y30,4.7
2025-11-10,y30,4.702
2025-11-11,y30,4.71
2025-11-12,y30,4.661
2025-11-13,y30,4.702
2025-11-14,y30,4.747
2025-11-17,y30,4.736
2025-11-18,y30,4.743
2025-11-19,y30,4.752
2025-11-20,y30,4.732
2025-11-21,y30,4.715
2025-11-24,y30,4.678
2025-11-25,y30,4.658
2025-11-26,y30,4.644
2025-11-28,y30,4.665
2025-12-01,y30,4.744
2025-12-02,y30,4.741
2025-12-03,y30,4.725
2025-12-04,y30,4.765
2025-12-05,y30,4.792
2025-12-08,y30,4.816
2025-12-09,y30,4.809
2025-12-10,y30,4.797
2025-12-11,y30,4.79
2025-12-12,y30,4.858
2025-12-15,y30,4.851
2025-12-16,y30,4.824
2025-12-17,y30,4.828
2025-12-18,y30,4.799
2025-12-19,y30,4.828
2025-12-22,y30,4.842
2025-12-23,y30,4.831
2025-12-24,y30,4.798
2025-12-26,y30,4.82
2025-12-29,y30,4.805
2025-12-30,y30,4.813
2025-12-31,y30,4.84
2026-01-02,y30,4.864
2026-01-05,y30,4.854
2026-01-06,y30,4.866
2026-01-07,y30,4.815
2026-01-08,y30,4.858
2026-01-09,y30,4.819
2026-01-12,y30,4.84
2026-01-13,y30,4.828
2026-01-14,y30,4.795
2026-01-15,y30,4.787
2026-01-16,y30,4.84
2026-01-20,y30,4.92
2026-01-21,y30,4.871
2026-01-22,y30,4.847
2026-01-23,y30,4.833
2026-01-26,y30,4.805
2026-01-27,y30,4.832
2026-01-28,y30,4.86
2026-01-29,y30,4.854
2026-01-30,y30,4.872
2026-02-02,y30,4.909
2026-02-03,y30,4.906
2026-02-04,y30,4.915
2026-02-05,y30,4.862
2026-02-06,y30,4.855
2026-02-09,y30,4.848
2026-02-10,y30,4.788
2026-02-11,y30,4.814
2026-02-12,y30,4.731
2026-02-13,y30,4.698
2026-02-17,y30,4.683
2026-02-18,y30,4.706
2026-02-19,y30,4.704
2026-02-20,y30,4.725
2026-02-23,y30,4.696
2026-02-24,y30,4.689
2026-02-25,y30,4.694
2026-02-26,y30,4.669
2026-02-27,y30,4.633
2026-03-02,y30,4.698
2026-03-03,y30,4.702
2026-03-04,y30,4.716
2026-03-05,y30,4.752
2026-03-06,y30,4.755
2026-03-09,y30,4.74
2026-03-10,y30,4.771
2026-03-11,y30,4.857
2026-03-12,y30,4.885
2026-03-13,y30,4.908
2026-03-16,y30,4.859
2026-03-17,y30,4.852
2026-03-18,y30,4.881
2026-03-19,y30,4.852
2026-03-20,y30,4.96
2026-03-23,y30,4.912
2026-03-24,y30,4.941
2026-03-25,y30,4.897
2026-03-26,y30,4.936
2026-03-27,y30,4.982
2026-03-30,y30,4.905
2026-03-31,y30,4.891
2026-04-01,y30,4.9
2026-04-02,y30,4.89
2026-04-06,y30,4.891
2026-04-07,y30,4.921
2026-04-08,y30,4.887
2026-04-09,y30,4.897
2026-04-10,y30,4.914
2026-04-13,y30,4.9
2026-04-14,y30,4.868
2026-04-15,y30,4.891
2026-04-16,y30,4.929
2026-04-17,y30,4.885
2026-04-20,y30,4.881
2026-04-21,y30,4.898
2026-04-22,y30,4.902
2026-04-23,y30,4.918
2026-04-24,y30,4.916
2026-04-27,y30,4.942
2026-04-28,y30,4.944
2026-04-29,y30,4.987
2026-04-30,y30,4.987
2026-05-01,y30,4.966
2026-05-04,y30,5.025
2026-05-05,y30,4.984
2026-05-06,y30,4.943
2026-05-07,y30,4.969
2026-05-08,y30,4.947
2026-05-11,y30,4.986
2026-05-12,y30,5.031
2026-05-13,y30,5.047
2026-05-14,y30,5.012
2026-05-15,y30,5.128
2026-05-18,y30,5.147
2026-05-19,y30,5.181
2026-05-20,y30,5.116
2026-05-21,y30,5.112
2026-05-22,y30,5.064
2026-05-26,y30,5.026
2026-05-27,y30,5.011
2026-05-28,y30,4.985
2026-05-29,y30,4.993
2026-06-01,y30,4.991
2026-06-02,y30,4.967
2026-06-03,y30,4.99
2026-06-04,y30,4.978
2026-06-05,y30,4.999
2026-06-08,y30,5.024
2026-06-09,y30,5.011
2026-06-10,y30,5.025
2026-06-11,y30,4.951
2026-06-12,y30,4.975
2026-06-15,y30,4.971
2026-06-16,y30,4.928
2026-06-17,y30,4.926
2026-06-18,y30,4.901
2026-06-22,y30,4.947
2026-06-23,y30,4.94
2026-06-24,y30,4.856
2026-06-25,y30,4.858
2026-06-26,y30,4.864
2026-06-29,y30,4.86
2026-06-30,y30,4.902
2026-07-01,y30,4.966
2026-07-02,y30,4.985
2026-07-06,y30,4.993
2026-07-07,y30,5.043
2026-07-08,y30,5.065
2026-07-09,y30,5.053
2026-07-10,y30,5.071
2026-07-13,y30,5.098
2026-07-14,y30,5.094
2026-07-15,y30,5.083
2026-07-16,y30,5.098
2026-07-17,y30,5.064
2026-07-20,y30,5.118
2026-07-21,y30,5.13
2026-07-22,y30,5.147
2026-07-23,y30,5.171
2026-07-24,y30,5.162
2026-07-27,y30,5.125
2026-07-28,y30,5.096
2026-07-29,y30,5.143
2026-07-30,y30,5.208
2026-07-31,y30,5.275
2026-08-03,y30,5.231
2026-08-04,y30,5.19
2026-08-05,y30,5.174
2026-08-06,y30,5.213
2026-08-07,y30,5.211
2026-08-10,y30,5.243
2026-08-11,y30,5.236
2026-08-12,y30,5.247
2026-08-13,y30,5.213
2026-08-14,y30,5.265
2026-08-17,y30,5.309
2026-08-18,y30,5.285
2026-08-19,y30,5.194
2026-08-20,y30,5.237
2026-08-21,y30,5.276
2026-08-24,y30,5.231
2026-08-25,y30,5.174
2026-08-26,y30,5.186
2026-08-27,y30,5.191
